feature_index,mean_importance
6912,0.0017405846270679565
121,0.001638587864780941
1364,0.0016041154978729197
6027,0.0013314553628844125
3086,0.001288707195486478
5287,0.0012463102627833446
1567,0.0012358470767767993
1095,0.001222807085567618
3144,0.001190353031342237
1652,0.001182033422462209
893,0.0011793472735565145
5454,0.0011716125607280198
6293,0.0011712378227160068
7223,0.0011492431008704128
2615,0.0011375182040224612
1751,0.0011137918097891965
6264,0.0010968689865034984
3577,0.001082849477744529
3018,0.001071259109251856
5863,0.0010567799364716091
6727,0.0010532568505217117
7324,0.0010314441772031923
2096,0.0010170269512433032
4716,0.0010126607839320025
4456,0.0010026551013637398
6955,0.0010023326863813327
6101,0.0009987672875748426
6574,0.000987410950439101
5957,0.0009696664258348689
6285,0.0009616245632005228
2414,0.0009518128088694768
3720,0.000946761604082115
6342,0.0009419003406645956
4890,0.0009402346105764883
3344,0.0009259817735217059
2259,0.0009197878533846442
6060,0.0009194206486898325
2146,0.0009182844521069486
3040,0.0009127275617747797
3046,0.0009056869131403222
6950,0.00089721131945568
5649,0.0008948347335173608
6917,0.0008902490076423313
6668,0.0008896868398468486
7074,0.0008876113733728873
3656,0.0008753450109929526
941,0.0008699870957575802
886,0.0008549018898283745
7057,0.0008501608503853118
1885,0.0008494059932055927
1609,0.0008463578542583349
7299,0.0008399677691374666
3267,0.0008388276543190728
6979,0.000832899266173724
5987,0.0008284954024952751
2628,0.0008220442532412525
5408,0.000814041359299912
4854,0.0008119856274165572
1762,0.0007947354404886828
7258,0.0007845780907604457
2261,0.0007831746078467634
6069,0.0007826176623618691
1415,0.0007822514375820124
4263,0.0007816203102930789
5261,0.0007781079643127442
5222,0.0007775799865751367
2319,0.0007769462113008923
5492,0.0007768860909980647
5424,0.000774947066930413
5739,0.0007747161168921583
312,0.0007736315838991813
1729,0.0007665867670123539
5108,0.0007496232305531454
7005,0.0007450659413364781
5986,0.0007436050742703059
6367,0.0007420712182176136
5418,0.0007356446973540601
3051,0.0007337592455224147
3861,0.0007316897509044263
3506,0.0007309034714124891
2027,0.0007287870534610893
6793,0.0007251633952989717
7263,0.0007183048793358089
4339,0.0007156268534281509
1278,0.0007119957471088632
1295,0.0007098908296871734
3618,0.0007084818355630166
856,0.0007071388714770308
3424,0.0007067848534079381
4142,0.0007066896128184986
2577,0.0007058934852840792
5925,0.0006981911717245958
4486,0.0006950116299452646
4120,0.0006928931777758006
3616,0.0006908700916815455
1935,0.0006886514915005614
4444,0.0006854639084684642
268,0.0006831470093181803
4477,0.000682798873251658
2718,0.000675145461743152
6545,0.0006741443196897507
461,0.0006696114987272872
3562,0.0006671856211670264
5965,0.0006671393287911885
1516,0.0006663387043476818
7062,0.0006646536171983112
1422,0.0006639273465139401
4350,0.0006623969895501046
6427,0.0006619463617305061
5321,0.0006608942420945
6811,0.0006597853488470805
1786,0.0006590751737922184
6512,0.0006584061957208875
4632,0.0006565209092102983
3794,0.0006561148733786803
2597,0.0006552534349030261
2352,0.0006542192758962765
6934,0.0006540925067216236
4296,0.0006522008687753469
4300,0.0006508637678867827
5264,0.0006437716698639698
5573,0.0006426625688714751
5695,0.000642648287251386
7142,0.0006425339361330202
2124,0.0006413081534675751
4817,0.0006338195899453432
6300,0.0006326096618589647
6937,0.000632279841369767
1427,0.0006307529577919533
2884,0.0006305602076415607
1110,0.0006278217800961771
980,0.0006265613595091016
1140,0.0006247299960068178
4682,0.0006228921125982473
1679,0.0006215052190744955
5532,0.0006194723429736777
2198,0.0006186308028411379
7265,0.0006180736313540749
4732,0.0006166698898000989
219,0.0006150408568254436
3839,0.0006118944891557192
623,0.0006103942577457569
10,0.0006098630992620161
3404,0.000609510035271978
6053,0.0006087313706258831
1220,0.0006079209229500736
3580,0.0006072893929032992
1466,0.000606247657704581
5521,0.0005991040312530438
5594,0.0005982079129948294
727,0.0005976457278996687
6802,0.0005966106927590703
5333,0.0005941661370940804
5225,0.0005922224528500676
3017,0.0005883399548547908
6239,0.0005869830462557715
3041,0.0005868749479165731
7243,0.000586099159176163
4748,0.0005853112514555241
3136,0.0005837372274460891
2488,0.0005819487546295519
4133,0.00058135399823147
2627,0.0005808067139908275
5613,0.0005803484182785569
5931,0.0005793492365079536
5001,0.0005782833357523173
5366,0.0005776340455235391
3301,0.0005727816157453431
845,0.0005694177629194828
2209,0.0005688958212457273
413,0.0005688431725692718
1039,0.0005686215647894312
2404,0.0005666049844946325
1901,0.0005657852013593964
6402,0.0005640570646851575
4889,0.0005634005068797495
2940,0.0005624933727958134
4113,0.0005617773440239498
3409,0.0005597037624155375
3097,0.0005596995355700413
7063,0.0005579593519766256
5055,0.0005575797572325613
5801,0.0005567604035348414
5796,0.0005565917556933842
2783,0.000556264881050726
395,0.0005556023628588181
1226,0.0005554962886838306
6143,0.0005546584155550272
2438,0.0005534081336572126
807,0.0005512728281807593
5935,0.0005512594582980192
1526,0.0005490404360372957
4112,0.0005487882558997122
415,0.000548397923353526
4025,0.0005480435626479651
2782,0.0005476307292491747
6257,0.0005473430524975508
4765,0.000547249908403775
4864,0.0005464195591336128
6158,0.0005464081927936893
6988,0.0005454535566096295
613,0.0005454326627118778
5635,0.000543884157968042
6235,0.0005438406244509474
3880,0.0005438280484299078
7056,0.0005437533438902302
4797,0.0005435458032192576
1010,0.00054300006440846
5047,0.0005422374722654914
1433,0.0005411602997125553
7203,0.0005403521361615853
6722,0.0005403110123698941
2870,0.0005392237028645839
3756,0.0005386892655057047
1608,0.0005385200882990038
1243,0.0005374184468417564
300,0.0005370252653858216
6195,0.0005368724243105946
2107,0.000536412823083358
4827,0.00053618779750029
1091,0.0005350261074392919
4549,0.0005343076836755248
3412,0.0005329794187775794
2655,0.0005321596618126934
2954,0.0005314419307162993
4515,0.0005309306908929846
5266,0.0005308970045259171
5595,0.0005308716211904724
5241,0.00053038070238508
468,0.0005302780784954335
305,0.0005302645054705515
6920,0.0005285842339314193
2007,0.0005282156055914824
1396,0.0005281505886662558
5345,0.0005278860053881444
6303,0.0005278723692955104
2,0.0005271510813909806
4880,0.0005270958403737234
5895,0.0005261461312334095
200,0.0005246728611428954
2557,0.0005238577063163453
2814,0.000522828977165502
4071,0.0005222849861887347
1946,0.0005219114707267691
921,0.0005206450535520722
5296,0.0005194709349697927
5642,0.0005191930159330265
5032,0.0005175197146643834
5867,0.0005174264622248815
1835,0.0005174191565547354
4188,0.0005169233682568318
5788,0.0005168711453637592
6042,0.0005159625720101499
6332,0.0005154916168034746
5998,0.0005152245459093296
1985,0.0005151882726043585
4913,0.0005142063147678992
3525,0.0005124657787430728
7051,0.0005108147312239079
5767,0.0005108120949004548
6080,0.0005106292908928834
81,0.0005103050373543445
3494,0.0005099601570922683
1234,0.0005096205408709835
5623,0.0005090696396313345
6567,0.0005089047734781068
7241,0.0005087390286194778
3151,0.0005085718074661644
2563,0.000508448546690536
1752,0.0005068980264419233
1488,0.0005063852401889733
6180,0.0005063030179879035
7183,0.0005062354148288784
2371,0.0005056007386008533
3482,0.0005051471444223958
5443,0.0005032423882998157
7106,0.0005029153124951925
7197,0.0005012859418623522
4542,0.0005009356120105524
4047,0.0005008434134078618
2658,0.0005003663308011997
2066,0.0005000537043697558
3980,0.0004992820995365242
6887,0.0004975109608162514
5205,0.0004973913936545908
1483,0.0004972928320903076
4073,0.0004966012155976591
364,0.0004950063156489357
6641,0.0004945062166448678
2037,0.0004944493081967761
6315,0.000493882814558691
3704,0.0004921394364891115
943,0.0004906942680916123
5564,0.0004888392399425058
4321,0.0004884213813118153
3594,0.00048803830901877904
6556,0.0004879994446867615
1663,0.00048762989308784386
2097,0.0004840404807980438
815,0.000483731949121626
5956,0.00048338559861974163
987,0.0004832848799547883
5450,0.0004831222633131614
4563,0.00048267794787143785
7075,0.00048243723615218445
2858,0.0004822064183613059
2317,0.00048129076811663887
2345,0.0004808757374506598
735,0.0004807205877338424
1848,0.0004805882551935723
4685,0.0004798114791573065
7327,0.0004795235815724789
6050,0.0004794565557351874
5959,0.0004794349997815675
6674,0.00047882935512448934
2894,0.0004783770374818189
4003,0.0004783343493045346
6208,0.00047749363240341165
4462,0.00047742107559473935
7048,0.0004770627736008469
5220,0.00047672354745550543
2431,0.00047622144845578675
6005,0.0004759605601681701
2802,0.0004745526576959358
2612,0.00047358237084058275
2205,0.00047350107163226173
4955,0.0004734633336964521
5207,0.0004723897690303595
3953,0.0004715446064926562
3374,0.00047150949230946696
176,0.00047090701538118245
6128,0.0004686878125870913
4492,0.0004673907331106375
5406,0.0004667403098167635
192,0.00046652260337600403
5060,0.000466376441425184
3280,0.0004662151223603021
3975,0.00046610005860314436
3186,0.00046446627752592533
5748,0.0004637496875165867
6812,0.00046300184233234205
2588,0.00046291122103209593
6961,0.00046263474573871185
2076,0.00046103472517594065
2993,0.0004606433556178988
864,0.00046025155972945154
4067,0.00046005399009315176
6014,0.00046004562252295307
3062,0.0004592188160478203
7081,0.0004591176385047937
521,0.00045906358668568653
4924,0.0004590413004116705
1924,0.0004589404890226904
5535,0.0004588332444548975
5514,0.0004576694910592578
5846,0.0004561600717320379
4620,0.00045594615743810985
4726,0.0004549483748823803
2674,0.0004543975214389034
2384,0.0004540490456392919
6280,0.0004538296978465847
4677,0.0004532726787079735
854,0.0004527595679808329
5194,0.0004526098813416924
4318,0.00045244087741074017
5160,0.00045213432974230993
6592,0.00045133008211197434
4228,0.00045106387766358073
4897,0.00045099693133855126
7169,0.0004504119942965204
2252,0.0004499320045092277
4250,0.00044948611762076667
2403,0.0004493680078933243
1059,0.0004486617237415041
47,0.00044812925414059097
3615,0.00044807367853243706
5878,0.00044798080839022006
7235,0.000447562839483785
6374,0.0004474619728568652
5211,0.00044679870773402545
5699,0.00044589010215168224
2819,0.00044582415697631036
1646,0.00044556153462118253
1411,0.0004447882496542802
4284,0.00044369447746185007
5887,0.0004434654317714172
1579,0.00044230742924755343
6753,0.0004418218891406555
2885,0.00044168376965171964
2032,0.00044157230460303875
180,0.00044103996067829647
3628,0.0004408580777627496
3609,0.0004407702041031564
2920,0.0004399365899026806
4656,0.0004388889631596312
1506,0.00043804744890930724
2087,0.0004378996427346799
1553,0.00043715552242287335
3396,0.00043707244529074063
5163,0.0004367121209267115
6445,0.0004360788103618148
2881,0.00043534283435837945
4065,0.00043528151408786986
4804,0.00043502031621643535
3176,0.0004339603409159887
3263,0.0004328377575786315
1783,0.0004323779719048567
1219,0.0004320977623702714
1371,0.0004320416920891675
5628,0.0004317193476030112
6179,0.00043143746670431073
5576,0.0004311067815362983
2237,0.0004307303499069806
668,0.00043038838183230576
6456,0.00043017363945366434
1878,0.0004287517179404701
5583,0.00042871659492864914
4088,0.0004285886705131472
451,0.0004284880768072054
6306,0.00042809972561972477
4081,0.0004267924573986141
3507,0.000426766327847916
5050,0.00042673524471239957
1595,0.00042633404944088574
3923,0.0004260797958498019
4388,0.00042559044389080356
510,0.00042536876688314387
5607,0.00042510854813315746
6181,0.00042509774950707195
6145,0.00042476349527466556
3338,0.0004228888127789422
3240,0.0004227590440716366
4048,0.00042273252354232526
6885,0.00042272650631878774
5876,0.0004224599347200419
3846,0.00042100393761968646
1974,0.00042092687326145486
2785,0.00042076812920403513
405,0.00042061332652827156
6987,0.0004205843633291085
4131,0.00041934959016384077
6290,0.00041925315953522896
1284,0.00041889775102756956
6265,0.0004173056262803314
3114,0.00041667745045159254
1221,0.0004156999588387141
269,0.0004151738521199171
5093,0.000415022262384979
5233,0.0004146780216351246
4592,0.0004146507322323495
1849,0.0004146270593359204
4700,0.00041453009197983816
1728,0.0004142030748367955
2520,0.0004136533141096319
5301,0.00041347579727509925
5239,0.00041345063118811804
2903,0.00041332112817592893
4431,0.0004130210868629698
5559,0.0004120232755519696
906,0.0004113130422761964
2099,0.00041083014086995356
2473,0.00041049950850635805
3637,0.00041010492185251837
6279,0.0004097622766252072
5470,0.0004097325295512613
632,0.0004097272284604242
7066,0.0004091107523998252
7288,0.00040807550637360335
5074,0.0004080268902807791
4990,0.0004076639214735982
6589,0.000407562319084009
5149,0.00040733022600361656
5278,0.00040721295397351363
1886,0.0004067547866868866
949,0.0004056269944128324
1894,0.0004055359268091709
5328,0.0004050433177528269
5923,0.0004042067738441645
4958,0.0004039032851364826
5971,0.0004033533692165091
6085,0.00040319701301938076
5250,0.00040251032214993853
603,0.0004013874943204352
5800,0.00040133962714804835
1029,0.00040116924577175976
2896,0.0004011388668855442
2222,0.0004011140998261681
1674,0.0004008984786908177
6529,0.00040089271678666905
3021,0.00040037703222542105
4982,0.00039982520342841916
6241,0.00039976674393115146
5575,0.0003992206820923467
5066,0.000399118251322579
5313,0.00039876756886299107
4745,0.0003976057285657692
3053,0.0003975279666277543
6408,0.00039748718956741236
4918,0.00039693706381920544
5560,0.00039666098877153434
3994,0.00039664408805183734
4215,0.00039660498998216737
5046,0.0003965006271610059
5640,0.00039638432597022423
2136,0.00039599561431073873
4054,0.00039579015554207323
4086,0.0003956931992468068
4343,0.0003956522071178326
2516,0.00039564053085326743
3427,0.000395363222105549
520,0.0003953076539412912
3361,0.0003951044113304997
4671,0.00039506447897857364
4950,0.0003949923699618014
7036,0.0003947148290819627
2583,0.00039453444362880767
6317,0.00039443895233689857
5617,0.0003939516505039331
4541,0.00039331899148197815
5517,0.00039292333911649415
2417,0.0003925171510289887
2991,0.0003922765768461585
7001,0.00039221271980715834
5142,0.00039198858854731534
5651,0.0003917947771840758
2503,0.0003914946993194172
4335,0.00039141426603890063
618,0.0003910360276634012
4389,0.00039080791798823427
3451,0.0003905296304807162
553,0.00039032046953064417
2137,0.00039022445587548514
5714,0.00039009348671256803
5884,0.00038957836227985555
6136,0.00038906372632238574
5079,0.0003889302520386299
3921,0.00038883526635747603
6049,0.00038838533127158193
7304,0.0003881966539121887
1048,0.00038768306400166524
5290,0.00038765653251988274
3943,0.00038738639199322226
1153,0.0003869901217220071
1370,0.0003869065877407071
5850,0.0003864608537167059
2046,0.0003863963081462647
5924,0.00038621041412807943
1791,0.0003861396843609121
3538,0.0003861372748917231
6523,0.00038599245434285103
5603,0.0003859282669223395
518,0.00038560429503401675
501,0.00038555733348779534
3140,0.0003855487344477498
5284,0.0003845936469641752
4742,0.00038457877378202007
4450,0.0003845371382459271
4502,0.0003845271476891119
1416,0.0003842856057932008
3285,0.000384260637524334
3570,0.0003840246069633539
2799,0.00038392081577604746
6184,0.00038372487827868833
6879,0.00038362634208584964
2774,0.00038335905065535204
96,0.00038335619672303473
5568,0.0003833262451336219
4180,0.00038316629406895733
5980,0.00038304363477485373
3253,0.00038304138225260016
3522,0.00038294861042726156
7110,0.0003827788727118692
2337,0.000382324048859485
6033,0.0003822371922946362
1776,0.0003821491200550691
5839,0.00038197583962325146
1126,0.0003818289043745481
928,0.00038169704092137
471,0.0003803689303986723
2122,0.00038024564233350765
2135,0.00038020793038999695
705,0.00037929871014582254
5807,0.0003785070337540713
6590,0.00037823700822660073
2540,0.00037777418945353277
2196,0.00037732217438640574
4962,0.00037695476230154007
5440,0.0003768965010949653
7173,0.0003767054909748265
7045,0.0003762932078427134
1654,0.0003761842434790249
4481,0.00037585122502869676
1042,0.0003756751085869847
4843,0.00037500843614085024
5997,0.0003746373173969498
2784,0.00037442118235431784
5122,0.00037417956488038843
2575,0.00037388338877172015
155,0.00037369319367618764
15,0.0003734597469254311
5538,0.000372961257487638
2446,0.0003726533072356162
2930,0.00037264295123637294
4208,0.00037238632558386867
5653,0.00037237448629412164
60,0.000372276989052862
7259,0.0003721489089241654
1239,0.0003721483533575369
139,0.0003707550649617982
3851,0.00037074899218690307
4551,0.0003707275861860195
4923,0.0003706089759429703
3294,0.00037036080200361567
5405,0.00037028877857743395
966,0.0003702274217736372
4961,0.0003699767654750352
4341,0.00036978855502860664
4894,0.00036971520384183
5609,0.00036956516637668904
6411,0.00036918688763378524
3441,0.0003685108570508086
2257,0.00036836828165183856
6679,0.0003681051025526779
7170,0.00036808437444256996
4223,0.00036759369899764665
1612,0.00036735298158720154
1713,0.00036682492397135697
3690,0.00036679777794305956
6251,0.00036611486009811335
3889,0.0003659229478693229
5098,0.00036547583324171573
3633,0.0003648657921143833
6206,0.00036477790657789673
1195,0.00036406513093146153
4213,0.00036356950361865747
3135,0.00036332359090958773
3420,0.00036313470470300996
6366,0.0003630402344629983
983,0.00036257864170202107
2486,0.00036237788812480025
3381,0.0003623294584432721
5037,0.0003622651368954104
2815,0.0003619703078353074
4084,0.0003618723832910649
5949,0.00036146576053795206
3485,0.0003614046461277514
2215,0.00036074806124737803
4281,0.0003603898262342795
3378,0.0003598235620353778
6488,0.0003595192537957809
6814,0.0003593831727460899
3699,0.00035914817415579075
1750,0.0003589695086966898
3534,0.0003587069774015601
4844,0.00035828379904856797
5063,0.0003582261996647573
1066,0.00035795228466885704
3007,0.00035706874656988164
6316,0.0003567068329363893
2944,0.0003565887403000625
1662,0.00035648163950211654
3455,0.0003564319655417206
5755,0.0003562832460504177
3160,0.000356205935357014
847,0.0003561865681015976
6375,0.00035570932269316777
1536,0.0003556061680785487
2451,0.0003555557461696327
4194,0.0003555449575075877
77,0.00035550721697418224
1168,0.0003551823853220446
3929,0.00035485399006389434
4881,0.0003546312851624132
2717,0.0003541483503202755
1157,0.0003535296502716624
4473,0.0003533909644028438
5161,0.0003532640414037042
4451,0.00035296952537626513
3054,0.0003529156831952343
720,0.00035244063127774886
4917,0.00035210440114795416
4684,0.0003517178627588687
3725,0.000351210171153806
5136,0.0003511661796136268
5229,0.0003511498765939565
4279,0.0003510291212887823
4697,0.0003509963801590427
5967,0.0003505121325050854
2769,0.0003504782948858604
5584,0.0003501591147433447
4777,0.0003497278588313136
4875,0.0003497040016955395
4403,0.00034863552683684013
3070,0.00034853068050340666
3260,0.00034794714312922655
5189,0.000347897971791156
4485,0.000347848999985334
4593,0.0003474121416510816
454,0.0003472701117192841
4056,0.00034717844994540235
1009,0.00034717467953881065
4978,0.00034712586034222503
4606,0.00034703981938029804
7065,0.0003469545245172867
7296,0.0003469355180676776
1325,0.0003462212524970435
669,0.0003458359810204033
1129,0.00034568797944074754
3422,0.00034562562118235876
6962,0.00034561627014209156
726,0.00034558286514986693
6836,0.0003455335856474717
1636,0.0003454330350497676
666,0.0003451550733504641
5270,0.00034478867242744625
1457,0.00034467254447727736
6928,0.00034463345198331916
4838,0.0003444786312248601
925,0.000344369482801334
962,0.000343482448020284
717,0.00034333454607915525
7306,0.00034326872449665986
6910,0.00034319674219919315
2094,0.00034317220714828213
2800,0.00034300448255251216
51,0.000342931833706124
2859,0.00034246160792021646
3165,0.0003419470006400073
5491,0.00034190756535665837
6697,0.00034175615828420586
5639,0.0003417441112088783
2031,0.00034171659650217875
3670,0.00034142027517737985
6037,0.0003412803846315906
4922,0.00034101270983353025
3627,0.00034088099984453844
6651,0.0003408016389841992
4770,0.00034070484589466394
4369,0.0003399330353935111
3235,0.00033991964161855293
3643,0.0003398095247362102
3467,0.0003389897290959945
1050,0.00033892388812056427
4833,0.00033831302803529546
5618,0.00033665683192814547
6086,0.00033644629221995853
1085,0.00033602550907656334
3262,0.0003359809937421307
6135,0.0003358296315198646
6941,0.0003350969417869305
6513,0.00033498946003217604
6276,0.0003349681915069754
1979,0.0003346751217103052
5611,0.0003344136039854874
6772,0.00033398319177148025
3486,0.000333750707051294
5511,0.0003335882938903315
3543,0.00033354036155045343
3298,0.00033343524195974747
3297,0.00033307989813961564
2725,0.00033306276911152974
3358,0.000332767734380781
4721,0.0003327033786900795
1335,0.00033244785557276133
1723,0.00033235311162438624
356,0.00033232114958954513
549,0.000331441135367923
4247,0.00033129001923163704
830,0.00033103826923453877
6432,0.00033075056456172386
3766,0.00033064828802821197
4676,0.00033064114021828767
3489,0.0003305070893510351
363,0.00033045850839528057
7013,0.0003299282021432806
5696,0.00032990494636202526
7158,0.0003298802974633563
6894,0.0003297982323489516
2967,0.0003295426206159393
4550,0.00032925496502317694
1206,0.0003291660904429652
7209,0.00032916288145381915
5485,0.0003287954816531859
1720,0.00032824007810706524
4150,0.0003281669180374108
5427,0.00032788206458081096
111,0.0003274737008786336
5262,0.000327146521256324
5255,0.00032697876178076744
4166,0.00032672983727943133
1558,0.0003262565684589381
2656,0.00032610615006086315
6627,0.00032602859421165364
6454,0.0003259961087016921
460,0.00032559237578748716
829,0.00032544900786374216
3478,0.00032535824578668927
4134,0.000325084376956463
1086,0.0003248334581354943
5379,0.00032480630501511887
5252,0.0003246873542570476
5587,0.0003246644280126638
1253,0.0003245814859479223
2435,0.0003242643334767425
4115,0.00032377931135528135
2329,0.00032369591897339
2461,0.000323207107215818
2200,0.00032311899377661477
6268,0.00032269354577028604
1943,0.0003225531709273348
914,0.0003224499176735108
5882,0.0003223160086191451
4750,0.0003223141900475617
4611,0.00032227097177018194
6709,0.0003220376417900932
3221,0.0003220183382130152
6217,0.00032199218241949043
2572,0.0003219610184928493
1285,0.0003217058281755736
321,0.0003214720239632497
2866,0.00032145258584994436
4834,0.00032133400449595157
115,0.00032124243144013125
5457,0.0003212349598927903
6305,0.00032103927243536627
5212,0.00032066298634358454
1092,0.00032015523687082046
1122,0.0003199529138163099
2754,0.0003196323149192614
4440,0.00031945975403214767
4193,0.000319454815995723
576,0.00031945428445662497
4275,0.00031933788796200394
3504,0.0003192999591854233
4598,0.0003192060188338518
389,0.000319204051613405
1177,0.0003191846665121369
3354,0.0003191161894212834
4953,0.00031907275858989776
1479,0.00031897696638049
4253,0.0003185346811571909
6528,0.0003185081640542815
2910,0.00031833681684991595
3698,0.00031803431524630337
3469,0.0003180309364809451
2143,0.0003175998982439494
138,0.00031713043894107424
6237,0.00031695794302229787
1363,0.0003168992607495149
2564,0.0003166510384947644
7044,0.00031656416316061607
5503,0.00031650822181014313
6081,0.0003165021299078402
6438,0.0003162016432150657
636,0.0003161466225032619
810,0.0003161294447369539
5534,0.0003159205475569108
5359,0.00031588599514038754
6393,0.000315790441274741
4075,0.0003157819751299306
5481,0.0003157771443823372
4197,0.00031575851608205824
6906,0.0003157298045219861
2626,0.00031558230973983276
6160,0.0003152133336799217
3131,0.000315091350136342
5929,0.00031498425386637777
4547,0.00031479937855268295
2700,0.00031478954164485657
2607,0.0003145452989169487
3445,0.0003144570869755031
3077,0.0003143572739292996
3030,0.0003143323634316577
6359,0.00031391397737605355
4159,0.00031380487874964824
1078,0.0003137639153790915
5177,0.0003134774104833604
5235,0.00031345302716561925
5331,0.00031320671350257604
3110,0.00031299496922184
5866,0.00031292240558260703
2052,0.00031271962117600493
3107,0.0003126942037439017
3012,0.0003125823182234149
2929,0.00031181147415995257
1393,0.0003118086285576784
2666,0.00031170159005458625
1542,0.0003115898654149256
2173,0.0003115757106391574
1809,0.0003113878730718714
4336,0.0003113241905497799
5761,0.0003112173475639588
1414,0.00031105239137038025
4191,0.0003109722818496117
5487,0.0003108399578652352
590,0.0003103675792487945
5552,0.0003098895698635625
4214,0.0003095611159452537
4199,0.00030954526677090077
5892,0.00030844572262482843
5659,0.0003084180422042187
2140,0.00030832289207270914
7290,0.0003082683076673304
6734,0.00030778037186724003
3175,0.0003077616137225566
1320,0.00030774858943729953
6602,0.00030767528304889377
1870,0.0003075624332494857
69,0.000307273137040469
5091,0.000307052537410203
3241,0.00030699393496443333
4494,0.00030696518827895625
1162,0.0003069554262037175
6581,0.0003068424104101431
3372,0.00030676618163049475
2912,0.0003066448516115401
2751,0.00030662259644710584
6597,0.0003061966506908637
4466,0.0003059673095688886
1899,0.0003058327958346991
7281,0.0003058047806837028
5483,0.00030573889681103847
7198,0.00030546684580772714
2006,0.00030456212965176705
5673,0.00030435472642395686
1919,0.00030433285425947136
6346,0.00030420296609133085
7201,0.0003039595067874465
1888,0.00030394662981243417
3709,0.00030368266270574894
3129,0.00030349011745696024
2500,0.0003034801886559627
4424,0.0003033169600213619
6504,0.00030311567649673077
3418,0.0003022976160333437
1425,0.0003022088817103423
307,0.00030217374080837264
3029,0.00030196839233776694
358,0.00030180607138532805
7323,0.00030180367425449887
2168,0.00030152072636218085
3987,0.00030150347788674326
1832,0.00030139834443538476
5173,0.0003013402332328139
2072,0.00030130160338725007
7029,0.0003010216225552479
66,0.0003009802834171869
3564,0.0003008822656041214
4972,0.00030085387213169587
1941,0.0003007258751923912
3421,0.0003004761069119089
5020,0.0003003843264661743
5103,0.0003002549964254426
2852,0.00030022640287158636
2697,0.00029996423750466405
839,0.00029985581128817116
6205,0.0002996579229743779
7294,0.0002996411389670367
4575,0.00029952575231188946
2407,0.000299515642817087
3339,0.00029925216527054417
6412,0.00029916315549379034
3660,0.0002990914911482942
7330,0.0002988685293651953
6399,0.0002986679436151428
6839,0.00029834533390280183
4852,0.00029795708593671554
152,0.00029758189549423025
5140,0.0002975437477038268
1308,0.00029744318956421875
238,0.0002971211998533098
6499,0.0002971044225767836
2542,0.00029710377361729816
4320,0.0002967932843229248
3509,0.0002965061192925058
2519,0.0002964038824602457
5508,0.0002961862427926723
580,0.0002959184627234584
7120,0.00029584755165686967
2538,0.00029549669274353427
5213,0.0002954823935848354
1847,0.00029525722421228453
3369,0.0002951002588465261
4178,0.00029500205585675715
664,0.0002949802164884647
5486,0.0002948359523473087
1731,0.00029444087071717114
1209,0.00029436858473735477
6058,0.00029431020138633273
1493,0.00029421476427116583
2609,0.000294197617613437
5,0.00029417159529168864
1486,0.0002940717118587982
3133,0.00029400458141367247
2028,0.0002939434904058616
4161,0.00029388204537645225
3877,0.0002937543518633144
6828,0.0002936547196048077
4422,0.0002934988516073145
7038,0.0002934515569847419
1482,0.0002933941087945571
4410,0.0002931954625408955
3743,0.0002926710029621891
890,0.0002925870979027322
5034,0.00029211284009302864
6494,0.00029210925022568336
5621,0.0002919861318310756
4013,0.0002917575671690565
2824,0.00029126041393191457
228,0.00029123004086024966
5446,0.0002909906597446365
2853,0.0002909229955288986
2692,0.00029087168890281473
4101,0.00029059576612244954
4257,0.0002904495830370858
4484,0.0002904410535107502
2155,0.0002904083268226041
1709,0.00029036202034414776
7118,0.0002902976944074373
2559,0.0002902875378476595
3020,0.00029027483438188306
6401,0.0002896511698965059
1026,0.00028945949110529255
6708,0.0002894195854167195
1585,0.00028921649725693557
3180,0.0002891801889823567
6403,0.00028875487227921913
1120,0.0002887517697573706
3166,0.00028868819228563327
5904,0.0002884610378613617
3252,0.00028844752755678206
7211,0.00028841091948676126
1022,0.0002881150336866502
6278,0.00028784187390564853
4046,0.0002875382786085429
6989,0.000287350216742959
93,0.00028734626578553264
6348,0.0002871484255352567
3917,0.00028696966072278165
3505,0.0002868945479065121
4769,0.00028683944055190176
2599,0.00028652598021655776
5298,0.00028649012085232406
6461,0.0002859716889804471
2515,0.0002855183063931645
2879,0.00028549374736835964
6322,0.0002854409684329703
3662,0.00028471658966173867
5776,0.000284567852289721
7039,0.0002845571103257482
5948,0.0002842142799973854
17,0.00028404051287245983
895,0.0002838217420325291
2714,0.0002837653024104237
1689,0.00028369105398847545
4840,0.00028319629567798355
2452,0.00028312573968318445
120,0.00028293409480035207
4157,0.0002828794973507388
4177,0.0002827544059713496
3683,0.0002826336262785284
3786,0.0002825938998037564
7325,0.00028245160385778807
6200,0.000282322916896822
2679,0.000282321981247726
540,0.0002820412573179497
1401,0.0002818818035828641
3314,0.00028185402939998
1232,0.0002818477596502981
109,0.0002816027783116529
4680,0.00028144285786243573
991,0.0002814204452315708
2368,0.00028110167305542207
4405,0.00028109064782932177
1862,0.00028096531341171123
1317,0.00028082732449096707
3039,0.00028082117511957997
4438,0.0002807563942041118
6848,0.00028051695348956846
5975,0.00028043381120946534
7101,0.00027998941480141996
357,0.0002796859304471547
2267,0.0002796093388046212
4174,0.00027945244846448014
870,0.0002793130330597011
6391,0.00027916021405748786
4624,0.0002788350707701342
2161,0.00027872516945756296
2092,0.0002785871767148287
6666,0.0002785133899188426
545,0.00027848148068461664
4235,0.0002782046253405863
6458,0.0002778374718344199
92,0.00027777853042254796
3888,0.0002777784756063261
6810,0.00027774288152451857
6010,0.0002776532315535196
5701,0.00027765052141148544
5933,0.0002775495754042657
3587,0.0002772655101652484
7247,0.00027721344504493944
4230,0.00027687285121223205
4367,0.0002768534378149875
6162,0.00027671695679883394
1650,0.00027666540356633686
2164,0.0002761891977174193
2105,0.0002759164932094259
787,0.0002757579699973555
3516,0.0002757073680761533
5727,0.00027564409296125845
4523,0.00027563974369450143
4092,0.00027550665868089803
522,0.0002753012729734196
2938,0.00027495008179267413
2387,0.0002748926483199113
5200,0.00027478205052248686
5190,0.000274478454530968
4527,0.0002744622161099413
2432,0.0002743375874979334
2775,0.00027431303331808
5919,0.00027389160878447515
6822,0.00027388242023339824
3402,0.0002738709271137346
6150,0.00027386612710232925
4476,0.00027351366797984057
5315,0.00027348438994946226
5645,0.0002729893511306691
2497,0.00027293831081971997
2453,0.00027282188729078113
6903,0.00027277676937626866
564,0.00027272437882671166
5588,0.0002726646339517817
4546,0.0002724014407263544
6537,0.0002722057538474619
271,0.00027208275207232064
2054,0.00027163023544032595
2613,0.00027150466948913974
4346,0.00027132411845394027
2829,0.0002709565300598678
6945,0.00027057961717142785
4441,0.000270011181615365
6108,0.00026989180593205896
1503,0.000269771922415703
1294,0.00026970997357265167
3250,0.00026945258500040434
6036,0.00026931037179468215
3488,0.0002693030265268421
2893,0.0002692468355784198
4965,0.0002691958112442617
2698,0.00026857696434408036
1954,0.00026846518536310796
3375,0.00026808421547524136
5415,0.0002680243536135224
6148,0.000268005370272716
5387,0.0002672810755452193
1491,0.00026718128989697477
2913,0.0002670756154558232
4287,0.00026674920983366763
1779,0.00026674117088480075
4835,0.0002665826354640552
445,0.00026645306948264494
1537,0.0002663073719878259
6557,0.00026625233891262553
6187,0.00026608987871432
5578,0.00026599007432016126
3191,0.0002659713681717931
6549,0.0002659344278548975
232,0.00026592698217526775
2011,0.0002658790072684495
1671,0.0002654026030590997
6371,0.00026539344595442324
3470,0.00026525467747426156
4267,0.00026496010107397494
4616,0.000264941793171452
103,0.0002646631989518106
4650,0.0002646303691269788
3203,0.00026461995170824743
593,0.00026451278760764285
6225,0.0002643775121216833
755,0.00026409388469574306
1796,0.00026404270021963404
5244,0.00026392156289268285
6752,0.00026384853986364404
6640,0.0002637216719220476
2256,0.00026361195555290413
2691,0.0002633908371807007
1017,0.000263358919669547
6931,0.0002632870269481448
4096,0.0002632756455349085
2069,0.0002632280610191824
6659,0.00026317794688774976
2059,0.000263112966282677
4904,0.000262942155253776
2513,0.00026287823980449546
5258,0.00026202224678804523
3063,0.0002619076221418855
1392,0.0002618989780131699
1274,0.00026186540974195614
4946,0.0002617507029465122
7116,0.0002615187001432861
4007,0.00026127428087703586
4394,0.0002612556383228815
229,0.0002611953831516032
7334,0.0002609757591203147
5751,0.00026096988242246876
2333,0.00026085740281894576
2043,0.0002607982777464048
6112,0.00026079717704314225
6554,0.0002607466926152471
5737,0.0002606880537439893
7338,0.0002606714999084784
5679,0.0002604518697310561
5171,0.0002602337458594142
4237,0.0002600401531812346
6947,0.0002599734385986497
4397,0.0002599081766782896
3640,0.0002597921925148427
5401,0.0002597884079260126
7257,0.0002596274844308702
6705,0.0002593960291268091
2659,0.0002593567395227952
4327,0.000259236798324522
6425,0.0002590685759273007
4325,0.00025900952603238224
1083,0.00025898199034451514
2458,0.0002589584395873103
5179,0.00025878457275602676
4183,0.00025877995549780837
7019,0.0002586604386044823
5253,0.0002585477440889073
2555,0.0002584181396065638
5232,0.0002584078064772773
5579,0.00025839442688028736
3236,0.0002583177406768006
1875,0.00025814387979594596
3799,0.0002580721913126186
578,0.0002580648325300918
4353,0.0002579773565934989
3920,0.0002577977082884622
4916,0.0002574629366744642
1771,0.00025723063600951074
5184,0.0002570955731871309
3248,0.00025701888773229715
4513,0.0002568777142164145
2632,0.0002567659402328989
5404,0.00025656300413668504
5240,0.0002563747879286294
1586,0.000256304905617098
5731,0.00025629814237174516
3991,0.00025601393074182983
250,0.0002559803405602455
2294,0.0002559463070862883
6238,0.0002559094688262745
5684,0.00025573223378555157
574,0.0002556716613593202
2734,0.0002556030880020317
1448,0.0002554427119233243
1981,0.00025511844291123306
3290,0.00025506662226918385
3548,0.00025499785812689883
1280,0.0002545551586689244
1251,0.0002545068082358968
2098,0.0002544611418053787
6939,0.00025440743324730273
1879,0.0002540917269763334
6190,0.0002540789743510332
3634,0.00025403260058006616
2889,0.0002539906411608325
7219,0.00025387698584838377
1052,0.00025383240173247227
2708,0.000253712229134396
2213,0.00025344319412753583
2149,0.0002534231791991229
6601,0.000253343704192785
3031,0.00025321930873696975
4330,0.0002531377393501022
4459,0.0002529866161480557
1272,0.0002528249898277344
5410,0.00025244175857167136
3551,0.000252296631032114
5730,0.00025191916794527105
1565,0.0002516873951893426
2927,0.0002516257388741947
5437,0.00025144334069868884
3342,0.0002513203503734753
4669,0.0002512177521079316
4428,0.0002511341968249531
5340,0.0002510373267890644
2353,0.0002509610655707801
2841,0.00025095009828445355
1397,0.0002508255741881247
6676,0.00025082313052760934
3629,0.0002507201923055655
1191,0.0002500235235771063
1811,0.0002498793367187828
6450,0.00024972585111672344
7231,0.00024965948407893417
5856,0.0002491842401567075
1383,0.00024915246704414835
4892,0.0002490376075500778
7047,0.0002489660514649363
2772,0.00024893728752143143
403,0.00024882872894336876
4203,0.00024876387008074
1259,0.0002486331520382558
6850,0.00024862725418257095
326,0.0002481719966574618
6593,0.00024816260494673606
4016,0.00024804518382352705
2746,0.000248035772992534
6503,0.00024796537883742145
6298,0.0002478823830937123
3103,0.00024777142053271557
2845,0.00024731424814287793
2574,0.00024728126379293765
4949,0.00024707085824467596
5447,0.00024699011820961575
1931,0.0002469304379908499
2514,0.0002469223787259618
5322,0.00024690940304047075
404,0.00024689870825244926
5474,0.0002468874276258284
431,0.0002467664627819887
1625,0.00024672941494518564
2144,0.0002466725063381529
6568,0.0002465707207590007
2580,0.0002464415915508316
7135,0.00024622140455372946
1628,0.00024619712477092685
1795,0.00024606701959895374
3172,0.00024605042720864145
6258,0.0002459703392074564
5052,0.0002457967161376399
6070,0.00024579558234299505
2039,0.0002457401379508021
6345,0.00024547781700329273
4530,0.0002453811017534611
4803,0.00024490757165668384
1584,0.00024487709930503577
5176,0.00024481739549900934
3827,0.00024477473840035736
2924,0.00024456387526167124
3283,0.0002445063814250358
5138,0.00024441506303189323
4359,0.00024438051249692076
3023,0.00024432248998636647
3333,0.00024431857887405485
6273,0.00024427048425753326
4087,0.0002441961128480083
6687,0.00024417086381228455
3233,0.00024410604149211802
6569,0.00024408073407196774
7307,0.00024407275541201017
4111,0.0002439134385557286
3676,0.0002436604122731608
3004,0.00024357946114303975
2300,0.00024313548794227665
1733,0.000242888701584984
3558,0.00024280763150562554
1057,0.0002427759930659625
1471,0.00024243380864158207
1269,0.0002423508014292974
4264,0.00024234927843222519
5430,0.00024231953624703957
1680,0.00024207729023847913
3540,0.00024176701625218156
1962,0.00024157723370571204
4812,0.0002415236431650656
6933,0.0002414710966760943
3433,0.00024146881522406187
6062,0.00024146226236914625
1857,0.0002414534087546179
1653,0.00024123718810178032
7329,0.00024108846698526915
3271,0.00024106790503657466
3202,0.0002409546871171793
6447,0.00024094079203704533
1670,0.00024090976741505236
1193,0.00024083850167000388
6653,0.00024047486079140532
5655,0.00024008562537426742
4883,0.00024006222362932546
6669,0.00023999107485999356
2909,0.00023991318222038133
324,0.0002399122451259218
224,0.00023988714723614506
6048,0.00023972269870873434
4455,0.00023943347102625795
630,0.00023940343099783406
3261,0.00023938950019805193
3300,0.00023936749868119919
2283,0.00023914275331194914
5978,0.00023900722780387983
1054,0.0002388783622918768
5506,0.00023885821724322888
5115,0.00023881216060597966
5612,0.00023880613929489869
538,0.00023866149706493905
6548,0.0002385153005528911
3327,0.0002384447620595148
3178,0.0002383049231191832
5806,0.00023828861000725778
174,0.00023821926313808342
7153,0.0002380447521972702
1999,0.00023791425917644548
1218,0.0002378982848857784
841,0.0002376952804116189
6809,0.00023745038262900785
1801,0.00023738389118815395
1645,0.00023725666926504628
1876,0.00023718440796220092
128,0.000236963156127654
6619,0.00023686125196539022
3251,0.00023683276771055658
2336,0.00023682995168128345
4701,0.0002368217085962036
3926,0.00023678598620876528
4109,0.0002367428831700189
4322,0.00023674148661143341
361,0.00023663458137776453
1544,0.00023662004337241202
6914,0.0002360491933405986
5024,0.00023597460591375278
3840,0.0002357862686317982
5873,0.00023570231691283084
6876,0.00023569103167707042
3453,0.00023554519120749605
5012,0.00023548361655907396
4377,0.00023546706093524088
3535,0.00023505148102771187
7331,0.00023500585710315935
4006,0.00023488970710924364
4293,0.0002346737680310331
3927,0.0002346632130604637
930,0.00023459016550090575
7242,0.0002343814104240399
5668,0.00023437048993592773
4413,0.0002341446626976428
736,0.00023410156642433475
3715,0.00023406834825131056
6012,0.00023396922401071638
2843,0.00023393407411378145
1314,0.00023377520896062685
4836,0.00023363632437835616
5113,0.00023357894658326
2787,0.0002334277675917938
6915,0.000233402399548025
4912,0.0002333881837232241
6154,0.00023337922526909638
2287,0.00023329885724559791
3435,0.00023328132402401338
6323,0.00023318068175012251
3513,0.00023308860508779007
6801,0.00023299900460317855
2244,0.00023272715556124114
3811,0.00023270096883767547
907,0.00023264299713523744
1527,0.00023250780716783102
5509,0.00023250004604059472
6479,0.00023244298000023637
3740,0.00023229262994358893
5719,0.00023223022307347846
3659,0.00023222940267572875
3510,0.00023198958027154486
3820,0.00023164426719207593
7031,0.0002315585458948213
6452,0.00023147814633286333
4411,0.00023145278593394875
348,0.00023145105107543772
5384,0.00023139104679272015
5973,0.00023113701656702688
536,0.0002310780272558507
7224,0.00023095799860131455
3529,0.00023075797506837476
230,0.00023069515571122877
5905,0.0002306095543557618
432,0.00023045518550529937
5237,0.00023041028838212635
2409,0.0002302139280619101
3187,0.0002300732698792541
3011,0.00023006983240346659
4942,0.00023000971740609944
5927,0.00022991604755521358
3120,0.00022984855640843365
3949,0.0002298080921400137
5094,0.00022966433701138318
6721,0.00022963982762126597
1973,0.0002295532810591642
6477,0.00022943108934310978
5822,0.0002293282341992145
6115,0.00022930516301324468
2828,0.00022918700130982833
7049,0.00022907507505809353
6287,0.00022891701034574182
6030,0.00022871878188939436
6631,0.00022862570311653785
5041,0.00022854399236065136
1524,0.00022844826488341145
2332,0.0002283495824926845
1684,0.00022822689084102117
2934,0.00022819068662167087
5497,0.0002281072888360555
330,0.00022802400945924286
3255,0.00022787464570372688
1043,0.00022758752375026756
4886,0.00022757124865720781
411,0.00022747308763246344
7076,0.00022737364385652588
2857,0.0002273203273242396
5434,0.00022710607618819538
3127,0.0002270840101193343
3829,0.00022705369265212647
1007,0.00022699063127402735
4196,0.0002269544704410119
2694,0.00022692107117769123
4878,0.00022689537698415127
7205,0.0002265954577790451
4501,0.00022658961084713944
3905,0.00022654434133273548
4238,0.00022651568296201048
2175,0.0002261368465152633
5869,0.0002259702153453024
5500,0.00022589098931862265
5524,0.0002257501364982832
3713,0.0002256462842073368
3937,0.00022547378880172808
336,0.00022543385621324116
4554,0.00022536088388607186
4951,0.0002252799076754135
4085,0.00022505394697415622
6396,0.00022488372008453014
1097,0.00022477257336253614
3948,0.00022464353781255977
367,0.00022454763082302626
3500,0.00022451841125504176
3621,0.00022437868903649243
3807,0.0002243621066702343
2539,0.0002243526480959916
4029,0.00022434164000257822
240,0.00022423310512587497
6880,0.000224185587906203
2687,0.00022409432070215007
5416,0.00022396755022936301
3721,0.00022393570933090654
738,0.00022386246677064833
4040,0.0002238492945537829
1741,0.0002237509186472701
3456,0.00022354257281956234
2086,0.00022333026753856307
3228,0.00022322312587803547
4032,0.00022307116003239625
7233,0.000223040811671449
1302,0.00022290767832928106
5551,0.00022289745630198367
1421,0.000222710039039421
4625,0.00022265123639838525
4093,0.00022259022013981056
292,0.00022258542794255574
2768,0.00022249328038759117
1230,0.00022244736253563895
4009,0.00022240509492704808
4649,0.00022239911352077158
3767,0.00022234324546116835
806,0.00022217897861403972
5943,0.00022200614805829554
600,0.0002219051718320386
3291,0.0002218624123646192
2900,0.0002215393225350274
1990,0.0002215272209007246
20,0.00022142398567515686
749,0.00022129382412941332
4531,0.0002212732346236793
6177,0.0002212024482807261
2972,0.00022119284975757333
5383,0.00022116614674761256
1351,0.00022114107743965373
1564,0.00022108689862349848
4841,0.00022102378426569605
3193,0.00022076747109414484
3360,0.00022071921432564363
6250,0.00022045984656179798
2459,0.00022044423482953384
5899,0.0002201911652957566
2696,0.00022014312205419836
1797,0.00022012196677247868
6870,0.0002198098417032864
780,0.00021977026688144817
4678,0.00021951414013575776
6967,0.0002195141339840928
1959,0.00021930184832060493
6363,0.0002192644466596928
6189,0.00021893435217838818
1070,0.00021892609797684076
7070,0.00021877649364155602
687,0.00021873870749162275
1056,0.00021868177433527778
7032,0.00021866584831330263
6595,0.00021859255792528674
922,0.00021857147692411685
7272,0.00021835938070267614
4760,0.00021833460661310224
6635,0.00021826023708098377
2936,0.00021809509295834511
4948,0.0002180547588781462
2201,0.00021783188358858368
1476,0.0002178176902207004
2445,0.0002177637640143409
2651,0.00021770965604929105
7172,0.00021762531451528937
4739,0.00021748425899192564
6420,0.00021747822070546146
6838,0.000217305977494027
1046,0.0002173055522439224
343,0.0002172398087189377
5939,0.0002170519496425522
6114,0.00021696640214161693
6088,0.00021686448629979927
1270,0.00021657221336660338
7033,0.00021648523639130764
790,0.0002163445565436536
1696,0.00021634107028472123
6763,0.00021631974157445088
2821,0.00021630476709435134
1012,0.0002162935930874517
5125,0.00021629214022742788
974,0.0002162232099025458
3318,0.00021621935794859296
1800,0.00021614826343201027
5369,0.00021612933153652628
2335,0.00021610855674000039
4576,0.0002160999170398962
833,0.00021605861931484418
375,0.00021596098792302633
2740,0.00021592323608477155
4285,0.000215784780120265
5269,0.00021576194729964077
3426,0.00021574127076117437
4999,0.00021556748676205824
6377,0.00021550221714966656
3802,0.00021548448805191523
4226,0.0002153878633831008
3672,0.00021538261491020413
7199,0.000215343324444789
6018,0.00021533374096716537
3399,0.00021525056886055358
3555,0.00021509791542763049
4670,0.0002150685244907846
1080,0.00021504945078118306
758,0.00021499226010192904
2418,0.00021498209728460285
3293,0.0002149320903994921
5130,0.00021482352278191547
3099,0.00021473442110904974
2421,0.00021462328225302731
3593,0.0002145692918146301
1135,0.00021438688748843355
515,0.0002143406371773881
2233,0.00021428862284018945
5797,0.00021417200935826844
3924,0.00021365267290925853
1333,0.00021299520949163037
6055,0.00021299339547651303
7046,0.00021298852655940838
7151,0.00021294875555956822
686,0.0002128698844457712
5729,0.0002128242205765718
5246,0.00021277422805867572
409,0.00021263212055053785
3911,0.00021261374995769206
6453,0.00021251880187344452
4820,0.00021245046773990536
6973,0.00021243479015591258
1929,0.00021236219440505592
3995,0.00021229778509383523
1965,0.0002122468106304453
5944,0.00021213580465593988
1149,0.00021211248672900945
3106,0.0002120836650350436
3925,0.00021194134889240118
3692,0.00021178975620277646
5132,0.00021176171304272817
3319,0.00021173255309357543
2983,0.00021172132503512932
5520,0.0002116608555701918
1632,0.0002115650180782524
1484,0.0002115021656700468
4144,0.00021141539538323137
1214,0.00021138163042531646
6948,0.00021137866093067832
86,0.0002113782629864589
6506,0.0002111947281020619
2618,0.00021116048210046578
4793,0.0002110100431341398
4968,0.00021100721862184262
1867,0.00021095648956554768
1880,0.00021093673474827256
2654,0.00021084634197551528
408,0.0002107661253973943
6952,0.000210736930036579
2952,0.00021068078097578996
2255,0.0002105803676373727
6275,0.0002103869580147069
2752,0.0002102782293988631
6304,0.00021007451536617555
5831,0.00021002973110508032
4348,0.0002100187656486222
4772,0.00020986582269623
1829,0.0002098431872454138
2530,0.0002097017949105549
83,0.00020969310259508352
7147,0.00020960986369931357
6521,0.00020960662869439172
624,0.0002095204810913675
6215,0.00020945642986621083
2586,0.00020927766572306075
4651,0.00020915753342955063
3088,0.00020894171579972568
7021,0.0002086629428300661
998,0.00020847794980382277
6119,0.00020842431505918002
3472,0.00020839514992580007
4505,0.00020831905853184086
2982,0.0002082448279054197
2430,0.00020815827801038425
199,0.00020796592257397355
5942,0.00020795226043289426
3043,0.0002079375213746443
1550,0.0002078795536767233
601,0.0002078596037712746
5338,0.00020776203220052378
2686,0.0002077371095448027
5686,0.00020753219665203539
440,0.00020748798929866796
4132,0.00020740586800353805
4375,0.00020730551569594831
7180,0.00020692060458507407
3188,0.00020688069364329024
3439,0.00020684742978879358
4011,0.00020684037033246475
3269,0.0002067908094768474
650,0.00020662106599593548
902,0.00020656209169407936
3082,0.00020640826952996206
2185,0.0002063003926714472
6795,0.00020604319081515138
1522,0.00020603995085374002
3080,0.0002059952811752581
4168,0.00020587232779659047
6334,0.00020580285513477364
4941,0.00020578411424478137
6100,0.00020577374920086863
1252,0.00020574485389391754
563,0.00020551033881069115
3873,0.0002054630865285638
5004,0.00020541692840308145
950,0.0002052454338180478
5479,0.00020521838660072898
1368,0.0002052121111060311
1025,0.00020511449121776758
6105,0.0002049962502781673
722,0.000204976471641947
3234,0.0002048820613320771
6724,0.00020487535035937794
191,0.00020481604207795123
5742,0.00020480978347100755
4847,0.00020479162320398675
6798,0.0002047223949920684
5488,0.00020471429032418507
2720,0.00020455144418691704
186,0.00020450548273210414
6751,0.00020449975751967906
6756,0.00020442278803084026
3483,0.00020441695741403522
2716,0.00020434306223475753
6617,0.00020430579053385626
4306,0.0002042500165860461
5332,0.00020413459242230183
7238,0.00020406532849029935
3232,0.00020403087268937295
4824,0.00020394166242203315
5128,0.0002039220870098998
7191,0.00020392012948678256
3079,0.00020389619080022958
6797,0.00020384877863970015
3032,0.00020382752905485132
4839,0.00020376283865391925
2532,0.00020373328223581127
2088,0.000203569604765923
778,0.00020332365618902314
5477,0.00020319232659702204
6827,0.0002031500276538716
4280,0.0002030226618885348
1669,0.00020293299652881952
1150,0.000202932199753008
622,0.00020275059301644825
2675,0.0002026328275876213
6598,0.00020247984655830505
4090,0.00020228711189284966
3727,0.00020224447451432881
6958,0.00020217970276601818
1772,0.0002020441848276721
4302,0.00020194515511125414
5227,0.00020186050903596062
5707,0.00020165723963151968
4156,0.00020150109228799648
6863,0.00020138052036838036
5995,0.00020114965729234118
1297,0.00020105349182552044
4581,0.00020099779577504898
3090,0.0002009009317912808
5467,0.00020089349259535096
2286,0.00020080498214522147
6755,0.0002007667598308752
7105,0.00020066642315505278
6449,0.00020041824145388478
1273,0.0002002762197900446
6320,0.00020016428881298418
2004,0.00020014537233137893
5794,0.00020001390424847606
5814,0.0001996103657777877
4402,0.00019960061399036655
6383,0.00019957668922220676
6491,0.00019949119223628298
4520,0.0001994726135089085
3353,0.00019938136125260543
4699,0.00019924966393117827
6777,0.00019911939012153104
4734,0.00019891736246345325
2644,0.00019878559010669147
470,0.00019875988529619102
1107,0.00019869680257845378
6614,0.0001986748056631682
6929,0.00019856606686011375
6284,0.00019846520929654073
7185,0.00019844654292874498
5395,0.00019837156398416864
2745,0.00019829408595169274
481,0.00019827434123074735
2207,0.00019816965757349792
5466,0.00019811928373660666
4936,0.00019786469288076097
5249,0.00019775545149191585
676,0.00019771511718444948
6820,0.00019769826571015313
3932,0.00019767626355140047
2399,0.00019767165867112804
2361,0.00019765337361233259
5471,0.00019759947708198879
5375,0.00019747566951238015
4830,0.00019736092372987893
1469,0.00019733600209330578
5256,0.00019723517110411157
4825,0.00019721350768928242
2721,0.00019716480405593403
1142,0.00019708250221711637
4813,0.00019691845327202883
3542,0.00019689897808121583
6435,0.00019669140443707804
5392,0.00019668781107025856
2749,0.00019664157675888287
3647,0.0001965841215511943
1496,0.00019632529016488565
5988,0.00019631363697724074
6972,0.00019626818944049968
7054,0.0001961706695840296
3384,0.0001961493380819235
4931,0.00019600420720874165
5153,0.000195988732275203
5754,0.00019593209973819267
6613,0.00019577334463516128
5028,0.00019571816450647097
5953,0.00019563898207566007
1373,0.00019559104679628083
4356,0.00019553443818291164
2801,0.00019553077198241112
1967,0.00019549735565455378
6090,0.00019549475688825438
730,0.000195414587971813
825,0.0001952777046979229
1064,0.00019514840408597412
757,0.0001951083249527651
108,0.00019509438088842623
499,0.0001950769431347542
5428,0.00019507384476291287
3537,0.00019501048561139757
6757,0.0001948839208058029
3343,0.0001948257523058954
5643,0.00019467608772935228
2026,0.00019464178991159946
99,0.00019464030229575252
3790,0.0001946205515172341
6395,0.0001945900042057018
1255,0.00019455347084839972
6022,0.00019438620151596923
4731,0.00019430127089892622
7073,0.00019426248430858215
5766,0.00019407978786826599
5495,0.0001939317022782866
6583,0.00019378155827484895
4246,0.00019348436160731726
1016,0.00019348117352718016
5502,0.00019345348774482828
1890,0.00019344751445467734
1736,0.0001934235043512223
6907,0.00019332881392807635
2969,0.00019330693334113913
2212,0.00019323344364284895
3215,0.00019320780338125278
4842,0.00019316615921524566
3341,0.00019311191795035856
7000,0.00019296404302913207
7157,0.0001928985330932874
7020,0.0001928900804223011
3357,0.00019279183039498416
6186,0.00019274443485006753
1167,0.00019243419208354247
5072,0.00019231204334053367
2197,0.00019229850781539743
3553,0.00019212249102591963
6995,0.00019194356526414994
6384,0.00019170522661677718
5361,0.0001916187049225757
3416,0.00019157959170379421
2393,0.00019155283100846638
1161,0.00019144755721635517
1664,0.00019134809491323153
2239,0.00019131724327371103
5888,0.00019127990195091433
5900,0.00019126412891999075
1610,0.0001912290615468452
1794,0.0001912106302058014
2370,0.00019116304491011138
6073,0.00019114397421775135
3194,0.0001911412512796299
3899,0.00019095206944437214
2779,0.0001909278352933663
605,0.00019091339487170355
7308,0.0001908693735458777
2117,0.00019069878772294543
3787,0.00019054847734457898
2887,0.00019054777071811086
6467,0.00019049246655366135
4823,0.00019045187635764602
3868,0.00019041361352192817
671,0.00019039528448484307
3666,0.00019026781834196804
1330,0.00019018456928053773
6211,0.00019014964782771402
6474,0.00019003832002185744
5029,0.00018990215113506056
1830,0.000189843859392863
5432,0.00018983193064189195
5282,0.00018978582729766
6072,0.00018978541919948997
1289,0.00018964731225226488
4179,0.0001896342041393297
6654,0.00018953695682117808
5463,0.00018952734239216607
4969,0.0001895264951212772
4265,0.0001894628147640915
2494,0.00018934578532390413
3825,0.00018933862633265403
5810,0.00018924760834972246
242,0.00018906091474187812
1481,0.00018898792254844405
2156,0.00018890401558589037
5295,0.0001889035422261192
6356,0.00018890231109749863
6649,0.0001888927796806648
926,0.00018885104507042054
3119,0.0001887731012605456
4744,0.00018872875657875644
7058,0.00018864223196967257
1424,0.00018826251614480113
4610,0.00018821076706395588
1075,0.00018817327997947973
5325,0.00018815526629943928
2827,0.0001879962946356674
7264,0.00018798432363180948
4165,0.00018798197864487444
1222,0.00018794347234540843
5185,0.00018785977427792006
2825,0.00018784244101330456
3084,0.00018781962589822806
3729,0.00018780321811114506
6766,0.00018768515176818964
5006,0.00018767519558112234
160,0.00018760739257058437
4533,0.000187487282661292
967,0.00018744197706464826
4472,0.00018713873935288238
696,0.00018696548552881925
4119,0.00018686605900409197
884,0.0001867305612324611
3832,0.00018656176891412897
2809,0.0001865211930193492
5169,0.0001864740569636488
2145,0.0001864646945517567
2157,0.000186405265647973
4290,0.00018639513203528283
1494,0.0001863276968239211
3657,0.00018631850685462643
355,0.00018622345183872584
554,0.00018603167509116677
7256,0.0001858732363879318
3622,0.00018581139557189954
1768,0.000185800849315231
791,0.0001857990656490318
2208,0.00018576383190892383
964,0.0001857255672168124
6364,0.00018561390625116255
4076,0.0001855084932838359
1512,0.00018549001402574155
6409,0.00018547988306147638
5690,0.00018533984509586934
6009,0.00018532492930940436
1360,0.0001851186525335848
6330,0.0001850611244980567
4028,0.00018494050348066797
750,0.00018492406037516935
4819,0.0001848494761290247
3373,0.00018484748761789753
18,0.00018480376984721333
149,0.00018475620638706803
5849,0.00018471515317992372
6026,0.00018467928709887482
4507,0.0001846218217109671
3025,0.00018449592244193885
5378,0.00018441571206218412
6778,0.00018423648116540673
5494,0.00018413874863134748
2150,0.00018411483620820612
7090,0.0001840042748784743
2216,0.00018395441568452812
1743,0.000183776762175308
5323,0.00018358368078651318
125,0.00018345327528851638
6376,0.0001834299865786858
6282,0.00018321288184397166
6743,0.00018320442210630294
3591,0.00018316193536444884
5567,0.0001830609311411277
6796,0.0001829086958901688
4464,0.00018286743929056255
4927,0.0001828641291379608
5590,0.0001827999408177086
1673,0.00018276405712536143
3019,0.00018264320914014926
4567,0.00018263464158443932
5086,0.0001826081982510618
1859,0.00018234099815846007
189,0.00018226879950337678
5360,0.00018225650558005753
135,0.00018207893743964323
4569,0.00018204438222077458
4000,0.0001820256278626465
6909,0.00018198096958437683
4572,0.00018184474157837818
3388,0.00018181215610969787
3126,0.0001817295288669121
6760,0.00018165727621105495
6144,0.00018163840641670872
3726,0.00018159478852520998
310,0.0001815741241268225
4123,0.00018132420948566255
3398,0.00018127732339356343
79,0.00018125400259658213
6616,0.00018110568140785517
1406,0.000180983799623429
5820,0.00018078122790699336
4050,0.00018075808906873852
4539,0.00018073493533074961
6068,0.00018052199073274
5805,0.00018049549610185174
168,0.000180490909455301
1347,0.00018047288369827614
6507,0.00018038816920282753
4319,0.00017997844826388144
1254,0.00017997306503748087
3801,0.00017984524330218508
777,0.00017976105206936235
2229,0.00017971067176807034
4799,0.0001796287031274966
4980,0.0001795348853367241
4831,0.00017952782311711938
197,0.00017950820365637894
2568,0.00017937592463600254
573,0.00017934260137946395
6204,0.00017924563583523247
1715,0.00017915012993623158
1775,0.00017902426677213516
2460,0.00017894473620851825
3958,0.00017885925604600185
6314,0.00017882868767272558
2048,0.00017882763440581743
3919,0.0001788250538757959
1655,0.00017881772289069368
3602,0.00017870944244025507
2232,0.00017870721940037009
5593,0.00017859364921176218
3869,0.00017852019265877976
6248,0.00017840631797216958
4667,0.00017824890027608517
2914,0.0001782302294505601
5507,0.0001781954428937127
1465,0.0001781613881185734
1926,0.00017810270942485564
1265,0.0001780163210255587
6462,0.00017799404873262045
7035,0.00017781091051315896
6224,0.00017774088190309278
3941,0.00017773853535281707
1914,0.0001774137212180287
3284,0.00017740633475975788
5124,0.00017738984526433153
6185,0.00017734731709945594
100,0.00017734381034789352
5555,0.00017722379303493154
3748,0.00017721583634411673
2331,0.0001771788233450516
4488,0.00017716807048660202
1019,0.00017705097177153853
737,0.00017702197717930492
592,0.00017700340011348083
1217,0.0001769419400370898
6202,0.00017692528767684215
7195,0.00017682502395779192
679,0.0001767646593289002
6773,0.00017668996924250093
1306,0.00017667060387206252
3808,0.0001765685628766852
5422,0.00017645601549831072
3679,0.00017638211249611593
4557,0.00017636669940475025
1271,0.00017628232150898943
4360,0.0001762605208967109
5597,0.00017624760130666647
6818,0.00017611396890519448
12,0.0001760750839359628
80,0.00017603955874814997
3938,0.00017581004568644883
2330,0.00017563518825598797
48,0.00017557488808659814
5744,0.00017555896069091877
2856,0.0001755555944829973
1391,0.00017540686225457798
3156,0.0001753959338877687
3798,0.00017536443783203567
2466,0.0001752749154896709
1328,0.0001751608624469819
6246,0.0001751250802889178
4511,0.00017503468035786878
3446,0.00017500724704254007
5885,0.0001749016181181031
2578,0.00017479450019467413
5693,0.0001747853497956174
23,0.00017471483831994948
7092,0.00017470716770774092
946,0.00017461345704062245
4266,0.00017445239119818015
4439,0.0001744436458482234
6953,0.00017441313527766255
5826,0.0001744061926799879
2457,0.00017439257604224114
5705,0.00017436786739505268
1256,0.00017426303886895563
5633,0.00017424917863282377
1034,0.0001742459484297225
4619,0.00017422379514779406
6981,0.00017419131232365847
1166,0.00017414714601027986
4148,0.00017411216070936636
3684,0.00017407642308272722
3996,0.00017404240900860694
6378,0.00017397107327467298
5141,0.00017391606355660302
4409,0.00017391443352211488
6159,0.0001738650660716766
5505,0.00017381179446495919
4653,0.00017356674971206895
362,0.0001735378589108464
5799,0.0001735333225393907
4788,0.0001735077839744685
6667,0.0001734742544809988
5158,0.00017335205705381324
5480,0.00017331427198304347
4045,0.00017330817812013613
2236,0.00017330301408461214
4277,0.00017325650721034032
231,0.00017321199335996204
6093,0.0001731340786422646
5089,0.0001730401637531735
7017,0.0001730270917138371
4083,0.00017301759644641605
2865,0.00017301109232983203
5991,0.00017299299998360578
5170,0.0001728869454687615
4292,0.00017286934703571955
477,0.00017280386223727064
604,0.00017278843670110215
4312,0.0001725028241608108
3281,0.00017243029509719156
3306,0.0001722201047911248
5210,0.00017212229537901167
4392,0.00017201652677466454
2123,0.00017193095806691502
3780,0.00017183409880320484
1971,0.00017156970856950352
5174,0.0001712123354623404
2537,0.0001711826025377751
5419,0.00017107983861424183
2786,0.00017103329922843322
4818,0.00017100369753262032
1840,0.00017086811657654238
2022,0.00017080886481598458
2060,0.0001706985289151319
6244,0.00017066081213172254
963,0.00017049090524760333
824,0.00017038459285272553
4256,0.00017034301474566508
3484,0.00017032211933240438
5053,0.00017030220907551354
3259,0.00017030135993505017
1213,0.0001702984440353218
4437,0.00017029284994653053
6209,0.00017023220753889702
5897,0.00017022867666887815
1575,0.0001702092265422732
689,0.00017017477780631012
6299,0.00017016918417889297
1441,0.0001698992144546869
3806,0.00016989645069880418
6490,0.00016985456489905954
2508,0.00016982024262588826
2425,0.00016970181688082223
4406,0.000169657366490671
6790,0.0001695455380068387
3059,0.00016930029089925894
5626,0.00016902103789163728
2794,0.00016901411084393455
500,0.0001689649366829824
4212,0.00016895797357591156
243,0.000168749952693821
3499,0.00016870970372840377
435,0.00016870618346704672
467,0.0001686144444258293
194,0.0001685570771621056
5382,0.00016853036872945052
3545,0.00016839889749317816
739,0.00016838235627581022
5192,0.00016826481884319383
272,0.00016820540082600525
7078,0.00016808313167420474
3316,0.00016803953615643154
6502,0.00016792417782380284
4155,0.00016788019851844403
4689,0.0001678036630020761
3951,0.00016763287521445177
4647,0.0001675920665783727
2798,0.00016757903983746685
4259,0.00016756496327982788
1185,0.0001674651147601516
7187,0.00016737939478776227
2869,0.00016734307021251408
2804,0.00016727340306341504
5848,0.0001671070415848453
694,0.00016708688076621524
5804,0.0001669157277416345
1533,0.0001668119883444943
3474,0.00016681063641853737
2620,0.00016680187004414977
6410,0.0001666519675726835
6228,0.00016663337224557075
3315,0.000166632342213481
2480,0.00016660234760852155
4970,0.0001664688617149248
3391,0.0001664119698157474
1508,0.00016629523348342553
6259,0.00016627233545301543
6723,0.0001660459894765542
5501,0.00016589754121033916
6840,0.00016586851495113125
1417,0.00016586241372513766
3201,0.0001658282229980921
256,0.00016575497462165806
7162,0.00016571967097921066
3962,0.0001655329768965184
6122,0.00016541857361243446
2598,0.00016531111145166334
388,0.00016515192506754396
3093,0.00016513817977183268
2524,0.0001651358786751776
2576,0.00016512367986677647
2683,0.00016508395168722252
1597,0.00016498982100853247
4907,0.00016491128249906508
2872,0.00016488076795388818
4681,0.0001648250811019706
6817,0.00016479119013571345
2174,0.00016472010298317877
5353,0.00016469542975349597
6603,0.00016469063842369764
4910,0.00016462747621463119
6974,0.00016460618918598852
2963,0.00016454361382584534
2428,0.0001645255023114921
1053,0.00016443381383083133
785,0.0001643963523806618
1331,0.00016439048597578364
4072,0.0001642644208385471
6138,0.00016406744026834503
2995,0.0001639718538488822
3355,0.00016390754507950988
1215,0.00016390529776349352
2625,0.00016379463258789844
1698,0.00016374902997307142
1722,0.00016358688785120208
142,0.0001635620675515173
2715,0.00016353543752406117
4224,0.00016350784882179952
5606,0.00016343083832755435
3337,0.00016342388308425898
1571,0.00016318493674668494
2664,0.00016299009068963452
5644,0.0001629741927160016
852,0.00016293006658436003
3518,0.00016286595352663476
5815,0.00016282689853164135
2966,0.00016276834337451235
4519,0.0001627548318582861
6418,0.00016268960960322897
1290,0.0001626695526883257
4244,0.0001624190081593827
1649,0.0001624026650120763
4299,0.00016234572863134324
1897,0.00016225904290500154
63,0.00016221546267869107
1103,0.00016220856610890433
2663,0.00016210202032575268
5271,0.00016207273085428692
3597,0.0001620595639477889
621,0.00016203873010555903
820,0.00016192010402336907
5096,0.00016188549230540224
5922,0.00016175784876345357
6695,0.00016173590623903386
422,0.0001614178577316101
1657,0.0001611643856546889
4151,0.00016095316737640915
2019,0.00016091763051500273
6222,0.0001608246666431005
641,0.00016070464455646269
1927,0.0001606516365750593
5357,0.00016061872683854038
1036,0.000160602250574592
1450,0.00016059504205418409
1559,0.00016051819893047665
3530,0.00016050881146507527
4342,0.00016050536356934295
4600,0.00016046606482951877
1753,0.00016032149230646675
2987,0.0001602468167836225
1587,0.00016024040831386029
5182,0.00016012914127552018
6274,0.00016006847045066405
1462,0.00016005074320117198
3035,0.00015998598589799323
6008,0.00015997846845578427
3158,0.00015990297422889264
2562,0.00015986755759578365
2600,0.00015981035111796665
1624,0.00015973285036949807
112,0.00015971721830702545
2711,0.0001596473619625377
3310,0.00015962354144536918
3557,0.00015958199641681717
2975,0.00015948720950094452
6489,0.00015948146220289092
5111,0.0001594794041313328
5784,0.0001594644909752656
1678,0.0001593805981010966
2949,0.00015937711169762258
3348,0.00015936701469995766
5940,0.0001593529478171174
5203,0.00015925414274160866
6011,0.00015924899208641054
6623,0.00015921592668090382
5845,0.00015918884438415965
113,0.00015903645564251432
5329,0.00015894845232038518
4452,0.000158943546532137
6496,0.0001589377145602788
7053,0.00015893192406982683
4269,0.00015890066340396272
54,0.00015877754855049163
3317,0.00015863180336924998
1952,0.00015862737266780801
3311,0.00015861719185669828
3574,0.00015847852301395212
1343,0.00015840696690010695
6539,0.0001583976969378605
4876,0.00015838180409266151
5835,0.00015833197936021025
609,0.00015827820372547915
6313,0.00015826842139782195
3960,0.0001582617780302035
776,0.00015814548825090615
6638,0.00015808493090351322
756,0.00015804200813665823
6110,0.00015803052090334742
6927,0.00015799389476690425
6851,0.0001579072445964645
3279,0.00015753519769549711
359,0.00015740343726139042
6415,0.0001573955471172599
2482,0.00015737545786193564
3757,0.00015727426462147542
533,0.00015725844682901136
276,0.00015724818210749838
4149,0.00015724348006324008
293,0.000157233943948531
5972,0.00015708746435725022
2561,0.00015706773322176536
1437,0.00015702468459265835
2202,0.00015702306291508813
4023,0.00015695766663816312
4757,0.00015693957948631907
834,0.00015684860357126644
6877,0.00015684457574573443
182,0.00015683679681222597
3073,0.00015679411270543947
4255,0.00015678835228625777
2303,0.0001567600447958909
1472,0.00015674731882729884
1005,0.00015672215208491696
1196,0.00015666542759086834
5990,0.00015659872029932814
1082,0.00015658691209338097
594,0.00015654495585772064
3325,0.00015652191164844932
1480,0.00015640633766431106
16,0.00015636499665243878
2552,0.00015617414215088254
5864,0.00015605165577091065
3891,0.00015599863747547317
3819,0.0001559445311295298
5386,0.0001557418857646253
5221,0.00015573684919971962
7018,0.0001556823562246484
6525,0.00015565919310815544
5445,0.0001554391831589695
2167,0.00015540799765758367
4783,0.00015536538635043754
2851,0.00015530871967547232
6127,0.00015525492122900043
678,0.000155160806559697
3124,0.00015513654494508068
7293,0.00015504310515138364
3181,0.0001549567025320791
7167,0.00015486022933503186
1060,0.0001547767513236217
6071,0.0001547562091839456
582,0.00015472523532708497
3970,0.00015471795341072108
1844,0.0001546027337504925
4896,0.00015451429833859059
2662,0.00015442261541149564
29,0.00015429937433970888
4692,0.00015400677676086252
2855,0.0001540059732791756
5726,0.00015393660933496085
4570,0.00015389275923529522
410,0.0001538431977580503
3501,0.00015377152295309367
3857,0.0001535290941187677
5656,0.00015351376537527255
2312,0.0001534288055231756
2766,0.00015334660409506133
4802,0.0001532433800162938
6196,0.00015318421912605037
3182,0.00015309452400524205
4629,0.00015302615798986716
2953,0.00015287722868349927
1770,0.00015285861964408362
5720,0.0001528112168379052
4662,0.00015278428394554323
2093,0.0001527828707288837
2118,0.00015274870271366782
2005,0.00015266946906717055
4988,0.00015265837099280867
4370,0.00015251317743788509
2358,0.00015238028769210365
2971,0.00015223563630978182
6698,0.00015221678962420047
4882,0.0001521927746026679
6133,0.0001520538223555513
3222,0.0001519242129884046
2334,0.00015188587423923435
6360,0.00015184395065252158
2289,0.0001517528105138871
5792,0.0001517352372336572
6212,0.00015172291953016877
4089,0.00015171439861384184
6716,0.00015163795302593395
5206,0.0001516321080379471
3195,0.00015161555265405508
575,0.0001515894407605144
1904,0.00015157517400417187
1993,0.00015154459251175395
266,0.00015152207818030505
6116,0.00015147508701768723
2713,0.00015134766475827038
702,0.0001512860507703394
6121,0.00015106750580753072
1683,0.00015094054740689796
5350,0.00015084081525748743
1497,0.00015074292234961684
5630,0.00015068202072073464
4597,0.00015067335204948433
843,0.0001506322497373321
2505,0.00015044130391939534
6999,0.00015029444340509783
88,0.00015018201458379227
2990,0.00015008812382890654
6784,0.00015001944722387324
3862,0.00014988853584600533
4012,0.0001498735450136712
7245,0.00014981577354526802
5840,0.00014981572077271
3142,0.00014981193021434245
3680,0.00014978985065255084
4217,0.00014972873699810468
4043,0.00014962116486182903
4870,0.00014956999308301952
4587,0.00014956770934763136
2114,0.00014948178235947273
5368,0.00014947986620053203
2522,0.00014937258790067684
4061,0.00014936073134004494
6935,0.00014926233058650397
2955,0.00014926010676566482
3849,0.00014917724780722993
6480,0.00014912077253724653
4874,0.00014897493356884028
3049,0.00014895373868458833
4172,0.0001489038042035565
559,0.0001487596411338734
4664,0.0001487422753691063
4478,0.00014867360908953802
4097,0.00014867347737646856
6881,0.00014862306163872566
937,0.00014848932657710322
4525,0.00014845584815490495
1788,0.00014845474293890033
3882,0.00014837622055196298
3716,0.00014818666419548262
7141,0.0001480658146047518
2915,0.00014806127312620493
4594,0.00014785192068317388
6431,0.0001478338468428197
567,0.00014774057264531142
6759,0.00014772931203860788
3539,0.00014772352901676837
4932,0.00014764288407229274
6982,0.00014736051019789578
6083,0.00014731510640997222
2061,0.00014726623376788852
5818,0.00014717529394033294
3645,0.0001471147076803705
6142,0.00014708191682487993
6194,0.00014702364887165446
6561,0.00014697119235371117
3843,0.00014689340284613757
5421,0.0001468834311038868
4308,0.00014676771459167719
1031,0.00014676738506697623
446,0.00014670697753316588
2376,0.00014664983052302427
6017,0.00014664201934384385
7273,0.00014654692710735243
6067,0.00014650150476381552
3673,0.00014642684053134655
646,0.00014630011661167385
4475,0.00014621728910118388
3440,0.0001461760338307988
4857,0.00014617298696637811
3934,0.00014612461082970444
2206,0.00014602225037910476
6433,0.00014591974453212166
5563,0.0001459038763700303
3027,0.00014574201449944936
2063,0.0001457357696643285
4231,0.00014571465090997687
465,0.00014551378426069382
6046,0.00014543143442700106
2589,0.0001454206514233349
2398,0.00014530222989813974
2667,0.00014521516370678811
1361,0.00014510740140026964
382,0.00014501554673194256
5947,0.00014497664242588048
3823,0.00014496986604432336
5838,0.0001449197617482931
6829,0.00014476294799366994
3256,0.00014469714200151707
615,0.00014458536484273317
5920,0.0001445687096131815
6003,0.00014454515840856596
5992,0.00014431702983624077
2279,0.0001442380422034512
1227,0.00014421396081804586
3758,0.00014417181895506694
261,0.00014406830640741503
2002,0.0001440046459836737
4558,0.00014396407450161325
3579,0.000143941929335939
6813,0.00014391729071395424
6552,0.00014385102319085843
6586,0.00014381475205664849
5694,0.00014380865790879812
4612,0.00014376723826439578
5396,0.00014375196909938585
6685,0.00014368042885265264
2671,0.00014344653728249834
982,0.0001434031878580685
880,0.00014338877025188375
1145,0.00014335530660592572
3192,0.00014330594592716368
3866,0.00014326584057958912
1881,0.00014318595244776724
6661,0.000143166415750546
3074,0.0001431313047372558
5829,0.00014312591608159236
6565,0.00014312485664921902
2388,0.00014305953860001378
7041,0.00014305794464690197
1473,0.00014302468830629003
6902,0.00014300108149356024
44,0.00014292353003215802
1357,0.00014291195821622066
6658,0.00014277653519850086
485,0.0001426967608561021
6978,0.00014250954240220307
5676,0.00014249885787566996
3130,0.00014245913540592245
4665,0.00014241214611870816
444,0.00014239852930330433
3764,0.00014239361307453349
6381,0.00014231079721016465
3654,0.00014218294424391095
2554,0.00014207204217627758
804,0.0001419644055343072
6690,0.000141951690524227
5150,0.00014190609842518607
5056,0.00014177569126391868
3491,0.00014169593632974516
3782,0.00014165501099502767
447,0.0001416141454267481
918,0.0001415828004519998
3200,0.00014156541135375747
1682,0.00014154219617291145
3245,0.00014149983466135027
4973,0.0001414630799103888
4468,0.00014144569082434011
2989,0.00014135396364972532
5790,0.00014109437752925382
2591,0.0001410333395963232
4778,0.0001409863695743834
3134,0.00014097608842343837
2469,0.00014090200346320527
4561,0.00014088167814861862
2878,0.00014086273271030658
6535,0.0001408578770703533
2401,0.00014081968163819091
448,0.0001407207973371979
5989,0.000140720399827041
5482,0.00014059826832996258
259,0.00014055652997133978
2965,0.00014036919250644676
3732,0.00014032621914010152
141,0.0001401355705336148
2947,0.00014001828935660587
5451,0.00014001168236576895
4202,0.000140010723392781
6678,0.00013983712392932069
862,0.0001398057597832727
5409,0.00013979934756100417
881,0.00013970864005260372
2247,0.00013961958063332956
5011,0.0001393972251311936
3257,0.00013931828745330254
6775,0.00013915795992779957
1316,0.0001390776727291309
4866,0.00013905354689844145
1834,0.00013898567668897804
416,0.00013892376812866354
1961,0.00013890294747041085
340,0.00013885000537846939
7133,0.00013877039006852054
2631,0.00013855526082325717
6691,0.00013848141143310588
4979,0.00013842850071389765
5681,0.00013822847068123444
1044,0.0001381526744046357
3768,0.00013808079727224202
2139,0.00013806893086174373
4738,0.00013806299435867135
2455,0.00013802484723912837
7022,0.0001380078107544434
4573,0.00013795820055713463
3087,0.00013790345566026536
119,0.00013771434520582455
3321,0.0001376991109059914
2179,0.00013768550576900894
4483,0.00013767698783255798
5914,0.00013763074006776051
6231,0.0001375149648482692
813,0.00013746049196981244
6486,0.000137416871336517
5666,0.00013730772420955344
3064,0.0001372790920299547
426,0.0001372346226433288
2296,0.00013717616285801316
5376,0.0001371644057879766
3702,0.00013710833307761433
1665,0.00013706044263635253
975,0.00013704648060977492
905,0.00013701012805558953
6522,0.00013698557633632483
4555,0.0001368837137855359
137,0.0001367793062213445
1726,0.00013654523420709877
207,0.00013645595862725972
1260,0.0001364039389130938
2549,0.0001363910019556352
264,0.0001363902358440896
6531,0.00013629527777230373
260,0.00013624074999402612
1407,0.00013623435257272261
5473,0.00013619367954776485
769,0.00013611197052442343
6744,0.00013609177276570147
3209,0.00013591941356208028
1627,0.00013591327082908245
865,0.00013590574473072988
486,0.00013588502350231468
5880,0.0001358014211331881
1475,0.000135798572204608
4225,0.00013577275707896033
220,0.0001357396152774528
6379,0.00013569687715791643
7210,0.00013563924273947195
4446,0.00013562669119119162
4222,0.0001352084412696669
5281,0.00013519630000442617
3010,0.00013518565419335548
3330,0.00013516793687194556
4426,0.00013512268936271608
6737,0.0001350112826068779
2726,0.0001349549613047297
4713,0.000134826409744588
1464,0.00013478493918328566
5781,0.00013476406526916158
1119,0.0001346673130807585
1668,0.0001346173141622394
2490,0.00013461572733079497
3147,0.00013454269614803738
3246,0.00013452858407056093
2111,0.00013452357944537604
3812,0.00013423724646483153
3347,0.00013420462959223722
4317,0.0001339933066418239
2284,0.0001339693034995638
6563,0.0001339271500272999
656,0.00013358959534163887
6483,0.00013343294264817136
1487,0.00013337669914589742
4845,0.00013333431668691092
1455,0.0001333101525912845
6800,0.0001332537872429327
3231,0.00013322955094732867
2868,0.00013322695423032834
1841,0.00013317732744558278
7319,0.00013313908819735873
387,0.0001331240968465284
4902,0.00013307488938847544
1925,0.00013297123538494852
1163,0.00013293488031632773
6538,0.00013283324542490282
6645,0.00013282159809946813
3552,0.00013263778038135083
5759,0.00013261358109465385
5610,0.00013257277601606731
1998,0.00013254338893762304
4832,0.00013251784968746675
392,0.00013231417138858463
3356,0.00013226200918621758
5118,0.00013225744026606497
3976,0.00013221484329506458
535,0.00013220194253070952
4014,0.0001321271057567159
62,0.00013207791188710085
1708,0.0001320723573797194
4128,0.00013202704105562312
5877,0.0001319064110978901
2045,0.00013189394927437783
3141,0.00013186682263619147
1818,0.00013181154130823854
5411,0.00013179702273893577
84,0.0001317723110335316
1381,0.00013175717481323854
7321,0.00013169585772097032
6170,0.0001316403321202927
133,0.00013157928155046
6662,0.000131460237836889
1453,0.00013126278000852778
4940,0.00013107185575801867
4211,0.000131028185117812
2808,0.00013101046986741102
2015,0.00013100050778147964
7213,0.0001309368190142416
6748,0.0001308726434558504
3058,0.00013074047951147134
1032,0.0001307392990093407
1643,0.00013068260890806036
1996,0.00013067560482048636
2104,0.00013059028921599329
420,0.0001305169147751527
5523,0.0001304724161696107
1568,0.0001301762972492978
2518,0.00013015585743133767
6336,0.00013002750856386594
4116,0.00013002111424212137
7208,0.00013001617783749462
5310,0.00012991160048463264
116,0.00012967330964369563
338,0.00012959721060094016
6468,0.00012954164604138394
5143,0.00012952023463318326
6102,0.00012942799065668274
1701,0.00012940285001476206
1956,0.0001292797169247125
4205,0.00012925242617867498
913,0.00012918952919198172
2181,0.0001289493110918829
2678,0.00012893707894788656
5238,0.0001288820188447121
4516,0.00012874959593179626
1884,0.00012869088540013764
6849,0.00012868728857828475
5460,0.00012868095095949333
4585,0.0001286482799561882
4850,0.00012857539999044286
5671,0.00012846680270985815
6168,0.00012838459221523464
4122,0.00012837682898590166
1706,0.00012828733010894144
3024,0.0001282390259035276
2556,0.000128088566273392
2424,0.00012794385704969574
2922,0.00012788051937238882
188,0.00012786437192413257
143,0.0001278541836586013
5620,0.00012782136483310044
4242,0.00012768470907590455
2071,0.00012761192888824605
5574,0.00012753918755515983
4038,0.00012742956899932897
4591,0.00012714122239968747
1144,0.0001270605348996597
6437,0.00012702101924567979
2529,0.00012687450250492398
897,0.00012680682637972594
999,0.0001268014222020053
4189,0.00012679152755360907
596,0.00012677554710417862
4534,0.00012676151930877003
5541,0.00012674192946925562
3781,0.00012669235038114014
7244,0.00012661452152858864
901,0.00012659967935102097
986,0.0001265439755106345
4366,0.0001264608595368834
1577,0.00012645008131612355
1109,0.00012644485171179302
1672,0.00012644202901482412
5798,0.00012643468075317177
6132,0.00012637842259140346
5283,0.00012634433172675535
2108,0.00012628709489102827
4376,0.00012628427033324773
4908,0.0001262374651020413
3225,0.00012620234862006083
1570,0.0001261789742990188
5051,0.00012600218330237242
3885,0.0001259974021986848
5442,0.0001259658184457917
1449,0.00012594822096225684
5533,0.0001258636148552379
6599,0.0001258625679132805
5178,0.00012582445729325032
3322,0.00012575669579831258
4645,0.00012575111390198274
74,0.00012570210865267577
2203,0.00012567958255347626
3830,0.00012566149606874904
1040,0.0001256534235360101
4270,0.0001255873874673856
1434,0.00012558030545841605
4291,0.00012555558616093263
147,0.00012555100279768142
5872,0.0001255374688608262
6707,0.0001254460959177059
3894,0.0001254041521732172
2489,0.00012538332389411695
3734,0.00012537182784604076
659,0.00012537103427679182
6242,0.00012496807983726976
6476,0.0001249654167648436
985,0.0001249304960581672
303,0.00012471963752313882
4627,0.00012471723615168
4618,0.00012467019209720537
6834,0.00012461103567172935
1246,0.000124607096216244
2604,0.00012450128989700747
4039,0.00012446392463082569
2165,0.000124421219523422
3009,0.00012440355176248215
3547,0.00012439538167866065
6692,0.00012434276660547137
351,0.00012428671105420739
5389,0.00012424638552840852
1003,0.0001242344188357795
6252,0.00012416659902604761
5071,0.00012405798727637592
3652,0.00012400128029926727
7186,0.0001239968928232139
5316,0.0001238995210030282
3985,0.0001238788717658944
2413,0.0001238154474094395
1838,0.0001237381092154624
844,0.0001236636694499475
5660,0.0001236619212443845
1995,0.00012362134653474865
3838,0.00012354144521950508
1620,0.00012346280930246114
4487,0.0001234529762036967
3471,0.0001234374930284793
2342,0.00012343589463099084
1777,0.00012342660023596889
1286,0.00012334942901997254
2241,0.00012329403659483724
6165,0.00012313244429888008
3016,0.00012310113084869852
3599,0.00012308505284361579
6424,0.00012304114913452277
4544,0.00012303187200790616
5968,0.0001229911820805083
628,0.0001229358846347342
683,0.00012280195974394647
5531,0.00012274237688030294
527,0.00012270373319901294
6725,0.0001226174988723088
1456,0.00012253693022638973
476,0.00012250307193335875
7310,0.00012237411345856296
5275,0.00012234336547609824
3576,0.00012234263432450224
3705,0.0001223002447175662
3620,0.00012228543831959907
4528,0.0001222606676405811
7189,0.0001222403803047138
2848,0.00012216562789119437
924,0.00012207285386913857
1132,0.00012199799949140772
1976,0.00012194997173641885
1711,0.00012194842513345595
2423,0.00012191642420440345
2392,0.00012191006971472984
6846,0.00012187309878165803
3336,0.00012187187756829985
3072,0.00012186481672725025
5067,0.00012185108352685681
154,0.00012182437894102125
803,0.00012180969545148184
6167,0.00012175529372218332
2558,0.00012171299758513989
4508,0.00012170000630710279
6749,0.00012151876619288092
2101,0.00012151163355261292
1477,0.00012147344664126027
6856,0.00012142029491585901
7204,0.00012141400665884803
6392,0.0001213836609156498
5539,0.00012135606758941668
657,0.00012129646032453684
1980,0.00012123824267205093
4568,0.00012120924546346027
6013,0.00012119224724959377
3703,0.00012114663667763087
4309,0.0001209231294559087
6954,0.00012076349606226578
771,0.00012069796087802646
4053,0.00012061627012354082
2762,0.00012057352850733422
4859,0.00012051773999568522
6283,0.00012042885874648342
6024,0.00012036612189961427
4192,0.00012036410094414924
270,0.00012030515410333875
6633,0.00012027753704521865
6858,0.00012025885339708503
161,0.00012019293534326306
3845,0.00012003461744481736
2980,0.00011983017181989693
466,0.00011972574367646799
1470,0.00011952601148244776
2049,0.00011947839548299201
1948,0.00011946809281036261
2177,0.00011939572667873822
3307,0.00011934061645610816
3639,0.00011932358758022869
4851,0.0001193084813206558
4008,0.00011918590856759115
1179,0.00011915092975363332
868,0.00011912522754451072
5413,0.00011902015836079042
6761,0.00011899543842866659
6573,0.00011898257653501091
6487,0.00011897471987289292
131,0.00011893237874981045
2640,0.00011878496442692778
4435,0.0001187732577504876
2190,0.00011864752582280429
3973,0.00011861339683081582
1793,0.000118586694721271
1902,0.00011855015626933252
695,0.00011851221671972899
1614,0.00011843007785834457
329,0.00011817217032654815
7016,0.00011802612573535359
2132,0.00011792792529346564
6842,0.00011792567771559208
368,0.00011791978315401723
2254,0.00011779376003861396
4553,0.00011763963208097167
6052,0.00011758017214179107
2374,0.00011754614747576515
6794,0.00011753572437081381
7216,0.00011748793478313268
2961,0.0001173233046383336
6883,0.00011722187211363213
2180,0.0001171373924473227
5267,0.00011713479595044948
1813,0.00011710878428225193
5779,0.00011699790554330636
2359,0.00011698692814287093
1398,0.00011697671259837202
4596,0.00011685541687021771
3377,0.00011684940846346187
5966,0.00011684307654851044
1846,0.0001167827234323187
423,0.00011677900286003709
595,0.0001167506560539055
2211,0.00011674726413148068
1313,0.00011668477596577552
7091,0.00011662549495684403
1688,0.00011658631384444746
4800,0.00011656851053138117
3983,0.00011653427621339824
6516,0.00011652521206032701
5105,0.00011642954096699308
5045,0.0001164205265503503
5019,0.00011639552432891599
2125,0.00011638817286767975
3735,0.00011637908780746208
3517,0.00011637009623040635
2000,0.00011608647996418523
493,0.00011606178617385171
4837,0.00011594872289663197
956,0.00011587348523321418
2905,0.00011582264287297248
4195,0.0001158032296748288
3528,0.00011570104528640613
2643,0.00011569550900936886
4704,0.00011567448624607038
6991,0.00011564650384569077
2282,0.00011557053823302581
6559,0.0001155591968456491
2838,0.00011554025299897615
4808,0.0001154322782302369
3731,0.00011542844503261222
2484,0.00011532482952664882
2085,0.0001151022427555567
5921,0.00011508623532780476
523,0.00011501186330850193
6350,0.00011497349613524247
4506,0.00011493126272408773
6301,0.00011490157375644507
4329,0.00011489551760429106
267,0.00011488309333481265
5996,0.00011479988337163646
5960,0.00011472259288520538
5260,0.00011461318153683923
450,0.0001145733432190823
3737,0.00011450443445803209
7006,0.00011449559101316932
597,0.00011443480828163708
2958,0.00011442177120001732
4929,0.00011440881049030393
5624,0.00011434608034471036
5902,0.00011433164584399677
4759,0.0001142296712671481
3565,0.0001142270125982911
3957,0.00011412930238862223
1258,0.00011409587998367066
4020,0.000113963817444689
2733,0.00011389056150225483
452,0.00011385186871555815
3900,0.00011382621398946482
3890,0.00011378095945084698
1970,0.00011377379548341469
2978,0.00011374786258521543
7134,0.00011372706463353429
6980,0.00011367571353808109
7188,0.00011366712785380761
5632,0.00011353350860247934
2793,0.00011348989131727472
3214,0.00011346518201990034
4911,0.00011345881914362134
2044,0.0001133558797065201
1532,0.00011334782474935186
6260,0.00011331954639466044
46,0.00011321093609322405
4753,0.00011314013807326863
2550,0.0001131307147779508
4909,0.00011308547387110588
2844,0.00011308306925973456
5453,0.00011307763241547925
5330,0.00011306878121877935
5181,0.00011304738783830828
4062,0.00011294015337455279
5769,0.00011282189926814085
3368,0.00011282131733654572
4326,0.0001127192134825403
3183,0.00011263712697623786
5778,0.00011263159484862099
3167,0.00011262564191929681
6577,0.00011262411957048087
4493,0.00011255177273779641
2475,0.000112529082366366
5400,0.00011251823953884607
4283,0.00011251786124499388
4240,0.0001125171791041328
1601,0.00011248241906490407
4408,0.00011247275667690092
6079,0.00011242796091699218
6572,0.0001123889557300415
1275,0.00011236483954203821
7270,0.00011229373479938337
3978,0.00011209827758129517
1079,0.00011204627490717239
6123,0.00011202877686550841
6388,0.00011200711369397408
6045,0.00011194705804983357
3117,0.00011189692599092817
7175,0.00011180453300880886
2892,0.00011167817944534427
2946,0.00011154635228306293
4687,0.00011141894447669031
993,0.00011139370116971078
2221,0.00011135883415305261
7160,0.00011131754964237802
5257,0.00011129950694223573
2753,0.00011125285341342678
4638,0.00011111828489130357
1937,0.0001110620837295441
6860,0.00011104095683811844
5049,0.00011100889248561496
3207,0.00011090110461359882
4373,0.00011089782659661758
5490,0.00011088535420004297
299,0.00011085039466065851
5286,0.00011080740148779948
6684,0.00011071782745083466
5059,0.00011066894992583208
6218,0.00011062121134854238
6134,0.0001105996790933515
2305,0.00011052381753893129
1346,0.00011051958097272131
1922,0.00011048554956359873
273,0.00011034426484917568
2350,0.0001103128927634781
3986,0.00011025812353413821
7097,0.00011023374607984967
2033,0.00011022953743545746
5683,0.00011021950515468804
4564,0.00011006091970575974
904,0.00010992466443759187
3042,0.00010975860129494476
4458,0.00010973759882024203
5084,0.00010973007903704508
4816,0.00010972086393026627
5127,0.00010969545654303879
6500,0.00010967535830499612
11,0.00010957460637015907
2420,0.00010957208045080583
4480,0.00010952106659020932
2548,0.000109459984905903
2731,0.00010943692430684455
5687,0.00010941709474741323
4848,0.00010939501052394683
2477,0.00010929930898418845
4642,0.00010929238297093704
6277,0.00010927955911684148
4331,0.00010927907632594324
990,0.00010927867210524069
3689,0.00010923185750418937
2624,0.00010918065526175917
2817,0.00010915067785194204
4781,0.00010909503528525462
7059,0.00010907605590736338
3886,0.00010897244281675536
6596,0.00010885942361607303
816,0.0001087932123934266
6786,0.00010871530345231122
4190,0.00010865452085362295
4019,0.00010862200736186957
2348,0.00010856941227134136
443,0.00010855839388972799
3076,0.00010851850719019752
4098,0.00010838461547974372
3511,0.0001083790086362952
823,0.00010834541323586131
2090,0.00010810290115579383
4125,0.00010809851104844962
5061,0.00010805987058832951
2014,0.00010797668545924858
1827,0.00010795945653194245
4935,0.00010795448358801692
3669,0.00010793519868829688
4944,0.00010793047891869335
1900,0.0001078552400531419
5209,0.00010780745391037002
7003,0.00010780354949112788
2323,0.0001077841136527874
2792,0.00010765211647898362
2669,0.00010749634070626236
5530,0.00010744458684734934
2427,0.00010738796746998282
6434,0.00010737757699236538
639,0.00010737560176519294
124,0.00010733707057617603
4187,0.00010733364053884685
4457,0.00010728239444761036
1143,0.00010727562965960703
1836,0.00010724703502740155
2083,0.00010724085210908865
6519,0.00010723531143267708
3302,0.00010709319047234693
3229,0.00010700101384749971
5844,0.00010697884181261802
262,0.00010697375439404605
1745,0.00010696077036207378
7098,0.00010694765932584691
2089,0.00010691630518444726
7015,0.00010690931445553827
4278,0.0001068463085485442
4333,0.00010678582792491988
5723,0.00010676593587797253
7206,0.00010675145846385933
1041,0.00010674418961638971
5938,0.00010668446959797704
3613,0.00010664322278061851
5543,0.000106525382500814
1352,0.00010646930103667858
5586,0.00010643425682331415
7300,0.0001063802281942442
753,0.00010633459135508093
4254,0.0001063259064469238
3931,0.0001062885169000131
3152,0.00010610304022067374
3598,0.00010608032384207078
5202,0.00010604821880365292
4352,0.00010592762263790658
4337,0.00010590650847220215
2902,0.0001058960201718413
6029,0.0001058496424218613
6514,0.00010578531949119048
6768,0.00010578174902341773
2362,0.00010570552051325212
6365,0.00010559524069974195
6325,0.00010558247539031554
5435,0.00010546903337089378
4661,0.00010538937931602552
3429,0.00010534039575842803
7117,0.00010531912462907122
7271,0.0001052788172484567
2771,0.00010526742781477694
894,0.0001052440797267391
6540,0.00010523644096175201
3266,0.00010520587063512945
1236,0.00010517673515648558
3742,0.00010516464243616787
6104,0.00010467536206107178
6358,0.00010465565720021387
5092,0.000104627082666785
2596,0.00010453848384323456
4806,0.00010445995315438521
275,0.00010439427157067517
2116,0.00010432600692300719
2106,0.00010430841902314576
2882,0.00010430601275416947
2281,0.0001042465342776345
4079,0.00010423306893683697
3408,0.00010423187767981267
528,0.00010422275849624377
6624,0.00010420948061327215
1429,0.00010417907561416253
2610,0.00010415488880913067
2874,0.00010414889738849451
792,0.00010414044053803924
6405,0.00010410490775777031
2385,0.00010405262507971368
7164,0.00010404079396880712
1461,0.0001039927187613752
6940,0.0001039363353551219
2525,0.00010392152597100644
1164,0.00010380141561336145
3145,0.00010379523036093521
3872,0.00010378519040734569
652,0.00010376717046204842
5196,0.0001036229885503782
4184,0.00010359009892891453
6007,0.00010351079481094413
6495,0.00010349218718405423
7322,0.00010340540642935235
5912,0.00010337754197518711
3751,0.00010330817272398894
5756,0.00010330213359180236
3817,0.00010330128441028647
1580,0.0001031215944937451
5165,0.00010309542245395065
2541,0.00010308050799391544
2377,0.00010300699789370217
1365,0.00010298800408727294
7131,0.00010298617186882537
2426,0.00010291356424595121
6637,0.00010289096861559123
2593,0.00010288764900772177
2646,0.00010287333148287089
5745,0.00010276822805784998
5117,0.00010273666860549531
6221,0.00010262252303021885
4219,0.00010256739703377583
3205,0.00010254719740049476
3419,0.00010219212534741488
349,0.00010218215949967546
4858,0.00010216150826560636
3624,0.00010214051776120292
7284,0.00010211468076927876
2567,0.00010203938991469651
793,0.00010202607909825768
6781,0.00010197054221809418
6997,0.0001019552810846355
2408,0.00010190139403949526
213,0.00010184838681517663
3083,0.00010183255343756696
5854,0.00010182061274374638
2429,0.00010179806808181764
4855,0.00010179167496937404
4034,0.00010178115864088231
4495,0.00010177126807320312
1301,0.00010175715051955753
1458,0.0001017176736069215
2641,0.00010169357071799286
58,0.00010156939347628561
2722,0.00010151471565022271
1988,0.00010148558451301637
6243,0.00010142545424042082
1629,0.00010139432910949843
5582,0.00010136197052110704
2739,0.00010097454801823863
4735,0.00010070130314479529
2158,0.00010067616897677555
763,0.00010066250039514545
5168,0.00010065816420435118
3466,0.00010062026288057765
5999,0.00010059337350988137
7174,0.00010054082929313209
2680,0.00010049836794999788
1027,0.00010040660430678269
4500,0.00010039578321555394
5412,0.00010038679292917475
3809,0.00010037801836126805
433,0.00010036506706757067
2789,0.00010035248345136313
7042,0.000100319881885087
3452,0.00010030668556703076
4479,0.00010029780279217546
610,0.00010019980719611027
5955,0.00010018471158282195
2926,0.00010009395798715486
170,0.00010003441908166454
3887,9.994789625397717e-05
6056,9.988226913717552e-05
1917,9.98201813697151e-05
5337,9.977491760723633e-05
6166,9.968654467372602e-05
7276,9.961835495009763e-05
2406,9.960535297501798e-05
1578,9.951059332048973e-05
3844,9.944629589950796e-05
1730,9.938696093705664e-05
6905,9.936490693358065e-05
6726,9.927116967693035e-05
1660,9.926352881189873e-05
2081,9.922525499328605e-05
1817,9.902584938652445e-05
6996,9.896767428503601e-05
2262,9.89179901937479e-05
2760,9.889979965292854e-05
7302,9.873627891456976e-05
7002,9.861960077040178e-05
588,9.85962222839097e-05
4828,9.84433568456791e-05
6125,9.842047449495038e-05
2412,9.838565320476721e-05
6286,9.835278108131415e-05
6340,9.832095471702056e-05
3554,9.827363799055034e-05
2450,9.824877533472054e-05
6580,9.82046172928757e-05
3295,9.819695381268643e-05
234,9.818983607836329e-05
5107,9.816812616979332e-05
6984,9.808210240776464e-05
3779,9.804778509410327e-05
6956,9.794265395605573e-05
374,9.794193300553721e-05
1189,9.774697116548144e-05
4921,9.771482947385518e-05
4414,9.762649006734359e-05
1388,9.757564023828298e-05
2907,9.74396060360928e-05
1699,9.742996788072402e-05
3607,9.73877694000478e-05
565,9.734343069597442e-05
7214,9.732765497444794e-05
707,9.729463079119027e-05
1358,9.72733405519104e-05
3102,9.725841476312445e-05
4711,9.720399793071114e-05
3265,9.704879925913234e-05
6555,9.70417855564202e-05
489,9.699804666177788e-05
4474,9.698488156922005e-05
665,9.693665214853951e-05
2998,9.676288544308197e-05
996,9.676146053415717e-05
2573,9.671684103199082e-05
4181,9.656707036968982e-05
6693,9.656467834332382e-05
5627,9.653819578970987e-05
5475,9.649397540831694e-05
6092,9.649189559462164e-05
3223,9.649085946485174e-05
6575,9.635264733661744e-05
5771,9.633858601396088e-05
5763,9.631713620696959e-05
2364,9.627672815844318e-05
1336,9.626982541936527e-05
7037,9.625565673964054e-05
6178,9.625296211679406e-05
637,9.623811853046877e-05
2594,9.620888129564582e-05
713,9.618020831225852e-05
5305,9.615289847888408e-05
206,9.606803509710945e-05
4565,9.600652817456558e-05
7102,9.595059957647045e-05
3675,9.589173572491058e-05
2864,9.58823997562312e-05
2822,9.586786324517728e-05
6841,9.578784215172952e-05
5349,9.577323668640167e-05
1872,9.571898404573356e-05
2629,9.56972297994059e-05
1180,9.567278706651895e-05
2504,9.565297649150223e-05
6884,9.56483271673919e-05
4298,9.551147356317125e-05
6701,9.543243544436996e-05
1439,9.542324576723009e-05
1372,9.53985545605071e-05
2291,9.536704359949815e-05
7248,9.534016452972604e-05
7079,9.53284305972681e-05
7252,9.531898046275062e-05
714,9.524888514731308e-05
335,9.520863409508282e-05
2171,9.515889986806191e-05
5008,9.513243671530892e-05
2219,9.511639129602049e-05
4562,9.508691711549117e-05
5724,9.508158820160281e-05
5833,9.503271568762691e-05
3454,9.490475934360736e-05
719,9.490406040197557e-05
1607,9.483401962349497e-05
794,9.481941522821368e-05
2837,9.477357399294133e-05
5009,9.472002537990803e-05
3752,9.467325370007221e-05
5629,9.44930295890829e-05
5890,9.443695763720046e-05
7171,9.439278595171066e-05
1257,9.43477807174179e-05
2898,9.42948458197949e-05
6343,9.419998196635648e-05
6441,9.418090379010831e-05
1382,9.416953130855275e-05
6021,9.414490289006474e-05
4954,9.408167414141768e-05
3276,9.402492869375649e-05
2141,9.401647525133995e-05
3444,9.392405838026098e-05
541,9.387470362672178e-05
6324,9.386790682151828e-05
5303,9.38172844776399e-05
5525,9.370016055107213e-05
4764,9.367125864510595e-05
153,9.362150353511937e-05
2062,9.357500355603536e-05
3364,9.338589247892765e-05
4338,9.327552295087483e-05
3903,9.313183212643778e-05
5865,9.313182849076207e-05
2833,9.308667562679657e-05
6229,9.307591168971153e-05
6034,9.30458956910345e-05
3708,9.302513451444525e-05
301,9.299989079856337e-05
3800,9.297475681837434e-05
5259,9.2920236838742e-05
3286,9.289315937131858e-05
1125,9.2884927576619e-05
3237,9.281251056986693e-05
1656,9.278967959467521e-05
4361,9.276484019153688e-05
6576,9.269640458139578e-05
701,9.26902309555942e-05
3897,9.256832115300706e-05
4463,9.254168426399962e-05
6368,9.253406179305439e-05
4387,9.249171412633727e-05
7146,9.229496923694504e-05
158,9.224646528250252e-05
4543,9.214057708189969e-05
1207,9.210046973186095e-05
7060,9.205995225630045e-05
7295,9.2018703627801e-05
2616,9.19146880217797e-05
2704,9.190205596151408e-05
4992,9.184776430081684e-05
5824,9.184714432738009e-05
550,9.180793702889042e-05
1115,9.174814169485935e-05
4063,9.171785070526867e-05
3601,9.170650868284202e-05
6681,9.160519808131084e-05
482,9.151408917058467e-05
1292,9.146716309238939e-05
61,9.138557004370589e-05
4787,9.134210239271748e-05
4626,9.133237853449195e-05
1991,9.131882126847377e-05
2551,9.130429389661106e-05
1068,9.127038823106771e-05
6632,9.116849699451333e-05
3836,9.113222202377554e-05
3870,9.110352278868738e-05
3109,9.109890115808102e-05
7178,9.095711868298231e-05
5782,9.094098519585348e-05
6428,9.087127133857577e-05
1808,9.086679078005818e-05
672,9.086153453515187e-05
291,9.085856493112314e-05
6389,9.084561967473721e-05
1635,9.08328957390253e-05
5199,9.081673929705377e-05
3755,9.072800184891917e-05
7027,9.070609878755294e-05
3964,9.067997836865301e-05
5930,9.067879952478118e-05
995,9.06572789303437e-05
4286,9.06226394460621e-05
2876,9.055967207088241e-05
3392,9.054124946261072e-05
2126,9.049711965354769e-05
190,9.048682909213361e-05
1037,9.04308293715941e-05
401,9.039775339756731e-05
1676,9.037314539733286e-05
3722,9.027854777719843e-05
2695,9.016916947975248e-05
2826,9.014453407031321e-05
3566,9.013136459567861e-05
2906,9.011814268104155e-05
846,9.007503820642794e-05
2258,9.006856366790232e-05
1866,9.004341436034233e-05
2925,9.001500139453603e-05
1440,9.00097337634211e-05
3123,8.994345305528619e-05
5841,8.981722368849504e-05
6338,8.98128781516302e-05
6965,8.968321398085521e-05
3661,8.966825470619645e-05
1920,8.963165692779707e-05
2849,8.950104777370301e-05
1035,8.94687361991332e-05
3626,8.940342664051198e-05
5554,8.935850720124833e-05
2176,8.934012455430595e-05
2075,8.930507505569003e-05
5095,8.923003499334741e-05
3211,8.919989075765078e-05
6263,8.913775997910707e-05
7115,8.903776062315935e-05
2410,8.901806042519032e-05
4412,8.896325234468036e-05
1261,8.892577210622572e-05
7025,8.88621136421222e-05
5234,8.885822806965728e-05
4915,8.88569035662999e-05
4386,8.884594745127598e-05
1703,8.878205723308561e-05
3571,8.87766450107315e-05
6895,8.874946794644201e-05
4754,8.84760951166977e-05
5977,8.839751921986193e-05
1478,8.832200043875507e-05
3747,8.829155858132803e-05
799,8.828316572106774e-05
1410,8.824245351382866e-05
6147,8.823918009221496e-05
3258,8.82372135350898e-05
4807,8.818913019191185e-05
3753,8.816010836218986e-05
5162,8.810178928959298e-05
5198,8.78833414807677e-05
2781,8.778661702283627e-05
5746,8.772347661647402e-05
6484,8.771312442480458e-05
4652,8.758229858442464e-05
6888,8.746479048720181e-05
4490,8.746300833167923e-05
3289,8.740990237867031e-05
6471,8.720087140254728e-05
6061,8.702241265360366e-05
2701,8.700227766035326e-05
1613,8.666586417376321e-05
2129,8.640972509684717e-05
6416,8.640324680469526e-05
2875,8.638579527964321e-05
5581,8.634392988241419e-05
1712,8.632030531599921e-05
1339,8.627242278203362e-05
1423,8.62378835779731e-05
3071,8.621285855366133e-05
775,8.618509509079353e-05
4398,8.617051645525612e-05
5102,8.614992280106822e-05
3407,8.605103227234698e-05
1704,8.602890019832731e-05
2034,8.602309412678163e-05
1300,8.59321229321719e-05
3184,8.592619646834787e-05
3863,8.587263900505133e-05
1767,8.585555099219916e-05
583,8.580668525487334e-05
2390,8.578829556007121e-05
6807,8.576472357698636e-05
90,8.572484672027324e-05
4785,8.565130200528555e-05
3044,8.564472665838607e-05
5000,8.559820422024865e-05
1148,8.552973238416926e-05
3468,8.542567435347154e-05
5144,8.537032731069591e-05
7112,8.533294396299629e-05
2871,8.527846054427537e-05
3981,8.522866076988502e-05
5847,8.522604159490031e-05
4672,8.504175979425221e-05
2767,8.503215809952136e-05
1984,8.498875704125899e-05
5816,8.489670717526143e-05
6823,8.481091987236132e-05
6541,8.479522548392052e-05
3642,8.47650409505113e-05
6671,8.471943826261111e-05
761,8.471746061072035e-05
1687,8.460295085658829e-05
6702,8.455066682033375e-05
3371,8.445955510426686e-05
7250,8.43219167442193e-05
6670,8.429080754737888e-05
4170,8.421619855598732e-05
7100,8.420939188456936e-05
1084,8.420816767263286e-05
5346,8.419561857177822e-05
4895,8.413993642211975e-05
1024,8.411808400634887e-05
3739,8.411420609875917e-05
1047,8.407809987122474e-05
6532,8.392134684270798e-05
4865,8.38975126850343e-05
5441,8.386279801426067e-05
209,8.378057488074167e-05
2861,8.376458975715267e-05
5139,8.376210346420446e-05
2383,8.372125405968841e-05
2677,8.368690972036615e-05
6847,8.355601100503008e-05
6533,8.353294076894572e-05
386,8.351741890681857e-05
1659,8.345388887368454e-05
5010,8.345115637279813e-05
640,8.332393003412587e-05
3648,8.320293987602752e-05
4693,8.307613460619445e-05
4173,8.305114689165504e-05
5513,8.300891669839146e-05
7136,8.298843434054445e-05
5871,8.297791716164904e-05
4467,8.296527191405367e-05
6550,8.293391518603647e-05
572,8.28693617422989e-05
3104,8.286573451487378e-05
7237,8.285940183209489e-05
1159,8.285213737184126e-05
381,8.281709054120743e-05
1562,8.280557673997836e-05
5859,8.280197431964021e-05
2608,8.263947403638297e-05
5018,8.254559714052681e-05
764,8.254377677290845e-05
2411,8.247811420353956e-05
1658,8.241374035666779e-05
4640,8.231944685561559e-05
4535,8.223044490060158e-05
3389,8.209536026555108e-05
6444,8.207021407080225e-05
6213,8.196714074340473e-05
7093,8.191032093670639e-05
2614,8.190948700862591e-05
3989,8.190759945578738e-05
3963,8.189672607297115e-05
3115,8.17719385330725e-05
2223,8.175580432172929e-05
2621,8.171798156260027e-05
1116,8.171175070150258e-05
519,8.16789734445171e-05
878,8.162300465202384e-05
6109,8.158047866160413e-05
3502,8.143914610538093e-05
4427,8.142909962319696e-05
6764,8.135123158308809e-05
3694,8.134279881358305e-05
5075,8.133938086757354e-05
4204,8.117060322560775e-05
5786,8.115514732039248e-05
6354,8.107426778005978e-05
437,8.105258709289872e-05
5398,8.102374466461582e-05
4103,8.098491840082026e-05
1197,8.096196958702282e-05
1893,8.089084122731743e-05
6041,8.088827020376715e-05
7007,8.071429260794409e-05
2275,8.067886431974929e-05
4758,8.067168565340398e-05
7165,8.066704406656477e-05
5758,8.064738604887988e-05
3909,8.041141539246008e-05
1495,8.033585961531325e-05
1966,8.027487379849427e-05
3842,8.02608525517957e-05
5309,8.025198006129678e-05
441,8.018785914204376e-05
3759,8.016579198904928e-05
6429,8.00801448038446e-05
6335,8.004300799297e-05
5014,8.001913726481898e-05
2271,8.000768716094455e-05
5040,7.999644910141118e-05
558,7.992351203523999e-05
4282,7.98856216443822e-05
1806,7.985013549306058e-05
3532,7.982829594862121e-05
6854,7.976875558039826e-05
5961,7.972280347661791e-05
4773,7.96248992888592e-05
1513,7.961304631500504e-05
43,7.957068986312738e-05
6758,7.952728538259315e-05
4152,7.942547993258e-05
1266,7.932937467282292e-05
1172,7.922350159740564e-05
1062,7.917297697255999e-05
1716,7.902136901018195e-05
3918,7.898731854866109e-05
2747,7.896376377568958e-05
5735,7.889627575879321e-05
2755,7.878874919260576e-05
427,7.862679505409667e-05
412,7.851891109534626e-05
3309,7.850315818062024e-05
5248,7.814471210911868e-05
3884,7.813484252973876e-05
6440,7.806295476588755e-05
1353,7.803733005588434e-05
2736,7.795955576455432e-05
5545,7.794567778090872e-05
5312,7.788674261079743e-05
5775,7.786943393371449e-05
487,7.786643284804948e-05
370,7.785264931809133e-05
5425,7.783756637597706e-05
6815,7.778038903895232e-05
4877,7.766889497525797e-05
2832,7.765696822623143e-05
2560,7.761761496989284e-05
2617,7.754580044743758e-05
2999,7.747865748632545e-05
3536,7.745848582414184e-05
2623,7.742149936821487e-05
2067,7.735889766246182e-05
327,7.727167328487967e-05
3367,7.72640970949771e-05
2240,7.720033123268957e-05
1208,7.717230215476264e-05
5774,7.71613575050555e-05
2688,7.712917939856905e-05
400,7.710649738943527e-05
4717,7.697880477349319e-05
6103,7.69114149738716e-05
5710,7.683596993651663e-05
552,7.683505915552152e-05
6791,7.682191917583742e-05
1198,7.671175016839205e-05
5472,7.670876925243586e-05
4696,7.660626261659873e-05
5982,7.655269277214023e-05
1319,7.653218374590774e-05
2264,7.648208973701769e-05
3822,7.644271766086933e-05
3712,7.640199722182373e-05
1350,7.621554905370584e-05
944,7.608040632469403e-05
5906,7.607972050130048e-05
743,7.597560738564486e-05
7227,7.595389886114525e-05
2297,7.592075893866647e-05
3605,7.589553250146662e-05
5403,7.584611013607907e-05
175,7.581775570006283e-05
7328,7.575518696922065e-05
6096,7.573186626277328e-05
1630,7.571791384305453e-05
5245,7.56917626483824e-05
674,7.561794875504136e-05
3304,7.558637450922927e-05
3847,7.557904730062406e-05
4522,7.557535620502145e-05
1822,7.542673720144866e-05
7055,7.539756493734804e-05
4613,7.53051266171605e-05
6588,7.516856447212887e-05
1322,7.502235359844356e-05
5489,7.500774987632642e-05
6337,7.488800512893767e-05
5619,7.479612909520495e-05
6443,7.475632366135264e-05
6192,7.474727046345676e-05
507,7.455987214441414e-05
2806,7.453547965735351e-05
4245,7.451427626092939e-05
1299,7.442505529697229e-05
1405,7.43980610294966e-05
2904,7.437971167475808e-05
3196,7.436794322940821e-05
337,7.434216968381203e-05
1188,7.433171975639322e-05
1989,7.432847929183595e-05
6272,7.432361437103411e-05
248,7.417999554711123e-05
2919,7.417564122695974e-05
7154,7.415603879515024e-05
5334,7.403834951892534e-05
7061,7.39903859276816e-05
7220,7.39011699791304e-05
6451,7.389847940195776e-05
5175,7.389276406524084e-05
3984,7.385394575947888e-05
245,7.371469428973667e-05
960,7.363534903620387e-05
1240,7.362280982060347e-05
1447,7.361804576379397e-05
3568,7.351198240125794e-05
6028,7.344524365816764e-05
3037,7.341353776364459e-05
6466,7.338929993274272e-05
6203,7.337971028316516e-05
4934,7.333059827820559e-05
4801,7.330017681740866e-05
2776,7.32567638543063e-05
3608,7.322430069188097e-05
3185,7.321883725019962e-05
1069,7.315562302237313e-05
6266,7.314510050532974e-05
6770,7.293780258807638e-05
5343,7.292261755053717e-05
6606,7.291469517910157e-05
4262,7.28311006046388e-05
5945,7.268717365351196e-05
2707,7.26696161950931e-05
1400,7.264149259426347e-05
6871,7.262098904230165e-05
251,7.26084847299917e-05
503,7.260199637654127e-05
6485,7.256672618273551e-05
1566,7.250183507857418e-05
3821,7.242636574851436e-05
2381,7.238387001872064e-05
4274,7.233732365380709e-05
2883,7.221461340372142e-05
1123,7.220738031832328e-05
3783,7.218923609607627e-05
5438,7.213070771348587e-05
5341,7.194899399751968e-05
2582,7.193763775151485e-05
4460,7.190076771835886e-05
5223,7.189558197224629e-05
5391,7.18857333640709e-05
1882,7.175729639588087e-05
6321,7.166191892468285e-05
3741,7.165449838015915e-05
4395,7.163651161358809e-05
724,7.145458433805918e-05
4018,7.143470934822109e-05
5648,7.138600521671725e-05
2356,7.137069451619587e-05
1969,7.13350186516841e-05
2347,7.131038712169891e-05
3154,7.130086047596279e-05
2639,7.129847829074133e-05
5348,7.128800864874768e-05
3744,7.128605404032564e-05
2295,7.112992464565859e-05
6634,7.112421511179242e-05
2193,7.111205676314062e-05
2528,7.104649020008347e-05
2723,7.096967157818848e-05
164,7.094432169697703e-05
4996,7.093715641620519e-05
3431,7.092499284257877e-05
3974,7.080953208134505e-05
6111,7.080658683992572e-05
994,7.079114557168441e-05
4365,7.077833139252756e-05
4512,7.076618449030382e-05
5164,7.061079456107109e-05
653,7.050649187477723e-05
900,7.0392187497389e-05
4391,7.031209254497552e-05
5704,7.030186437635066e-05
1845,7.014171568290198e-05
7139,7.007032234236658e-05
3045,7.001743858635733e-05
4580,6.997031680432645e-05
6400,6.996369342617231e-05
2592,6.991767656138786e-05
1831,6.991171610596098e-05
7274,6.990327416341346e-05
4499,6.980635128599076e-05
2928,6.979329905060771e-05
4436,6.978082124763199e-05
3852,6.97647633539852e-05
4273,6.972711598497827e-05
608,6.963278217754447e-05
2142,6.961953552608063e-05
2645,6.958618437080922e-05
798,6.95546395560104e-05
373,6.954568536921663e-05
3617,6.952961067572162e-05
7190,6.952697795569349e-05
6097,6.943402287224032e-05
3596,6.939111339988738e-05
2805,6.937743980688394e-05
6247,6.937459318055932e-05
607,6.934525689776977e-05
6271,6.933884821952098e-05
6560,6.930946648613376e-05
3224,6.927597121945537e-05
3630,6.92171166979555e-05
3495,6.920503894305161e-05
3393,6.91972246346357e-05
5356,6.915795126820206e-05
6413,6.912020072501607e-05
5373,6.909862956088119e-05
3603,6.905932350237946e-05
1055,6.900676821724655e-05
6717,6.899805919191711e-05
1623,6.888024470494324e-05
4153,6.879434822187059e-05
4449,6.871554826810348e-05
2449,6.867383848352011e-05
1604,6.859774019543043e-05
6025,6.856338933737056e-05
2079,6.853489970627138e-05
6899,6.852150698405805e-05
849,6.849859737480318e-05
4419,6.842904897688966e-05
5874,6.790695665320123e-05
5116,6.768228556929836e-05
4863,6.764831404509727e-05
1002,6.760122468204592e-05
2478,6.752812372226977e-05
1281,6.74121370995985e-05
5883,6.735776254205412e-05
4104,6.734945994828777e-05
5828,6.731790680235576e-05
473,6.724322516290562e-05
4654,6.723963016734634e-05
3413,6.720916698514315e-05
5033,6.712280632864895e-05
7176,6.709333306314101e-05
1224,6.709328635646585e-05
5688,6.706170585260296e-05
2888,6.701472944749522e-05
3462,6.699123607156704e-05
3465,6.684475046460733e-05
4303,6.679000733643322e-05
3394,6.673773884462237e-05
1958,6.671896059907512e-05
5516,6.667352428763147e-05
5197,6.65735244784739e-05
3612,6.654308551669834e-05
4663,6.654109733966016e-05
2831,6.651844621552312e-05
4703,6.649689828148967e-05
1250,6.648663888206486e-05
3665,6.643729183484313e-05
6951,6.641049741285831e-05
658,6.636710181906752e-05
7103,6.632444773716445e-05
3935,6.625981534261382e-05
1641,6.624660345982539e-05
5319,6.619590777630936e-05
6622,6.615593652899187e-05
7249,6.615395105807504e-05
4749,6.613960916514511e-05
3754,6.605940248438009e-05
6639,6.596470499120161e-05
7212,6.583728610974283e-05
7043,6.577498464903911e-05
2974,6.56946522526733e-05
4977,6.560501951000111e-05
6966,6.549195254334412e-05
3108,6.548530402353955e-05
5702,6.545377914948215e-05
6700,6.54325313921792e-05
5678,6.539179167650397e-05
4756,6.536815607497966e-05
7232,6.53572097324337e-05
6292,6.529153648126858e-05
6859,6.524233970092072e-05
912,6.522518442410062e-05
2605,6.518906729406239e-05
6107,6.51635784315244e-05
7159,6.514592822878271e-05
2491,6.509880396395462e-05
2416,6.509445428775135e-05
6615,6.505736620255028e-05
2581,6.501585541472194e-05
5903,6.500505805322159e-05
6505,6.485841844578649e-05
6652,6.46998297833973e-05
1138,6.460290786136798e-05
3198,6.453794645170905e-05
5625,6.453059012373192e-05
4124,6.447735108126809e-05
3521,6.441660131797728e-05
313,6.439218419452303e-05
1121,6.431334537550451e-05
6230,6.428859085771735e-05
850,6.420052014668641e-05
308,6.410206220599405e-05
2351,6.408046946401501e-05
6677,6.40629560680492e-05
4891,6.40217941917954e-05
1864,6.400120764025787e-05
4540,6.399238472908443e-05
5851,6.391455939935381e-05
5280,6.389384199035264e-05
150,6.383899812000205e-05
3331,6.381782343530463e-05
6524,6.380639872840766e-05
2058,6.376383018344127e-05
6174,6.37412294247333e-05
2199,6.360239869292967e-05
7218,6.359978088993244e-05
5665,6.358694663345708e-05
442,6.358554549784306e-05
6735,6.3571978581242e-05
1244,6.35336671282238e-05
5812,6.345880490591061e-05
5426,6.345573704004114e-05
6207,6.343939880072604e-05
39,6.343772785747938e-05
7280,6.337022122061732e-05
1436,6.332081494201526e-05
4986,6.32876684305966e-05
6472,6.324795942208467e-05
973,6.323486225130055e-05
1812,6.323167339813653e-05
802,6.313474573260209e-05
5860,6.308684324945053e-05
193,6.297092884425374e-05
7082,6.296212758452146e-05
7113,6.29463315547707e-05
5372,6.294044573581953e-05
2702,6.283442317430417e-05
1499,6.283316247018355e-05
3417,6.278602832998735e-05
2835,6.273668583661377e-05
85,6.269877893545055e-05
6618,6.265036557430983e-05
1237,6.264530687546392e-05
7192,6.263569204885817e-05
5886,6.255470938564095e-05
3487,6.239505041350444e-05
6862,6.236621733236159e-05
2962,6.229993685678766e-05
4768,6.228707209814009e-05
1758,6.227168544260288e-05
5273,6.22681200945173e-05
1008,6.222415147848669e-05
5894,6.219318133808896e-05
560,6.216228203058752e-05
867,6.213480649160265e-05
7202,6.212909522879142e-05
2810,6.212501938990924e-05
933,6.211867454192407e-05
257,6.209553457033547e-05
2584,6.209232093614082e-05
4186,6.198059181305477e-05
3163,6.186419646462966e-05
3168,6.16743751145681e-05
3449,6.164863462533512e-05
421,6.161923352956328e-05
633,6.137030182040029e-05
932,6.136676553254704e-05
1992,6.131500535751511e-05
5154,6.123979825948457e-05
3796,6.109252427402013e-05
3085,6.101684630692611e-05
1277,6.091230146859401e-05
4718,6.087715654900456e-05
3733,6.0861669229092375e-05
1951,6.084995989151445e-05
5589,6.084746227937863e-05
3370,6.0793231497147005e-05
4733,6.058121932364024e-05
5188,6.0538383729587434e-05
399,6.0474056501180834e-05
2661,6.0425727567809295e-05
1000,6.0417435774077184e-05
4288,6.033223840948683e-05
3560,6.032263771023974e-05
3305,6.029840739442546e-05
2509,6.028758630540285e-05
4294,6.025204009072884e-05
1089,6.0242827952879396e-05
4590,6.000855269307368e-05
3459,5.998850046755204e-05
5692,5.9969631120095524e-05
4631,5.9943822322185855e-05
4722,5.989039085934282e-05
4604,5.980322321051928e-05
2935,5.9793577753225905e-05
796,5.9689544261893174e-05
3650,5.9598649054942267e-05
6510,5.9525441847225654e-05
7111,5.948677760639175e-05
1374,5.9432716960093355e-05
4030,5.939624134687517e-05
6861,5.92829669721056e-05
6932,5.9251781154357174e-05
2788,5.909716518592324e-05
3299,5.908796774779991e-05
2761,5.902878705274807e-05
3803,5.8742582750134255e-05
692,5.8719072682471944e-05
969,5.871515039370385e-05
397,5.8686720143319624e-05
5712,5.8686322583337036e-05
4615,5.864761997322983e-05
602,5.864162784570642e-05
7320,5.858683665657987e-05
5254,5.849620670107317e-05
2130,5.848373651889489e-05
5146,5.845109164498268e-05
1588,5.834012388512682e-05
3581,5.833633945596381e-05
5219,5.832820184263976e-05
766,5.8179255210448586e-05
3268,5.806116373425377e-05
3425,5.802944408976648e-05
4137,5.7952671536004366e-05
3942,5.7939383227643076e-05
346,5.7884601132218266e-05
4679,5.783651616352802e-05
1648,5.7811416845269415e-05
1298,5.772732322754568e-05
4712,5.772715100046971e-05
6873,5.765413404663175e-05
3383,5.75565068599286e-05
7261,5.74219101200811e-05
2653,5.7413718752040965e-05
6788,5.7189520246106066e-05
2873,5.7093450843658024e-05
5843,5.702202616775234e-05
1986,5.697929634613696e-05
4044,5.690643187681286e-05
644,5.689224491380402e-05
6898,5.67883117129979e-05
6867,5.671364685174698e-05
4595,5.6624762737804155e-05
398,5.661388632240037e-05
6741,5.658685116674568e-05
5191,5.654695770250743e-05
4146,5.652894788400781e-05
3296,5.648297118897414e-05
5183,5.6415382463623104e-05
5314,5.6408436562263254e-05
788,5.6390678213394645e-05
6339,5.6390319346160824e-05
278,5.6318532287461346e-05
7124,5.629996216731846e-05
3954,5.622652686595932e-05
2854,5.622547010193249e-05
5641,5.621999789419925e-05
4709,5.619251799135641e-05
2668,5.6137919372439095e-05
1594,5.6097211777709635e-05
3818,5.602954760768967e-05
5537,5.59954490777406e-05
1792,5.596140329988337e-05
4956,5.5911902949337906e-05
3006,5.589602146191127e-05
5456,5.585740306507144e-05
7339,5.5812845164426204e-05
6970,5.5784538049437036e-05
842,5.578348219821961e-05
7246,5.577491336803364e-05
1134,5.567124420381152e-05
24,5.565491950609097e-05
284,5.550341159078844e-05
201,5.54410702284391e-05
4947,5.5415770978517936e-05
295,5.541139936541637e-05
2325,5.539395041769078e-05
5654,5.526996824608661e-05
6878,5.5251122478111186e-05
3730,5.51655945580471e-05
1853,5.5153680036010446e-05
7129,5.513343639045427e-05
2748,5.509748480701167e-05
5526,5.506878862968201e-05
551,5.5038264095544015e-05
1309,5.503183316293129e-05
5003,5.495584778558869e-05
4588,5.49304008237341e-05
6844,5.485991374674792e-05
3275,5.477645691664483e-05
1523,5.4770248831182105e-05
2224,5.47604838219915e-05
3096,5.4718934862175316e-05
5120,5.471731154981184e-05
1852,5.4691547868386395e-05
1124,5.4677512202400365e-05
3695,5.466423574272658e-05
512,5.463622131931166e-05
1501,5.4608367252255573e-05
3940,5.45964689780145e-05
1170,5.448656229756341e-05
4993,5.448286597427906e-05
4135,5.444977446093237e-05
721,5.442629641606225e-05
3159,5.4351908504587995e-05
5087,5.433683975486337e-05
3625,5.429137730584841e-05
1490,5.426302213714975e-05
179,5.4235301040931697e-05
3893,5.420844284701836e-05
699,5.4116078491161245e-05
3081,5.411200608309206e-05
1279,5.410394213087356e-05
5099,5.4092598344673406e-05
2040,5.405254623331458e-05
6118,5.399418209955482e-05
2690,5.3940694065516196e-05
1156,5.387805455601585e-05
3227,5.387116980296865e-05
157,5.3782081293206746e-05
2095,5.3769149639441076e-05
1850,5.3689942539068035e-05
6043,5.3589672486792e-05
3649,5.355870835216153e-05
3169,5.3487835208020134e-05
4989,5.3448788513617445e-05
7168,5.3384504786912996e-05
4241,5.3378549920925796e-05
341,5.337384218623522e-05
585,5.335693407088794e-05
1186,5.333876128805594e-05
1443,5.3315612146628546e-05
4185,5.32872121254854e-05
3324,5.317659697332989e-05
2527,5.31110944160756e-05
1077,5.3075364256650005e-05
2693,5.306552424202072e-05
3390,5.2984907278686465e-05
2860,5.297957189962973e-05
4552,5.278307006866256e-05
1821,5.2652453683332916e-05
2188,5.262914178397406e-05
6493,5.259312051979504e-05
2169,5.259182431606188e-05
4051,5.253776827405062e-05
1781,5.252033013352381e-05
3968,5.2456713416004014e-05
1617,5.2437630286264694e-05
5667,5.242848450703969e-05
3635,5.237016510770886e-05
1593,5.234185943535614e-05
3243,5.224449931402402e-05
3000,5.222691019178999e-05
5974,5.2170715755129635e-05
797,5.200212537016439e-05
5417,5.194619817267591e-05
3161,5.193049740390652e-05
1869,5.188977646705292e-05
2082,5.1855086788072664e-05
2120,5.1830804021294296e-05
5326,5.1822250020156494e-05
1345,5.174920454202345e-05
7125,5.1675636987369267e-05
7269,5.166157599650885e-05
2840,5.164278928811387e-05
3414,5.162267445404952e-05
5080,5.1616442363068914e-05
4868,5.160832610750563e-05
5344,5.153495913635526e-05
6267,5.146029702854909e-05
1942,5.1447621723298926e-05
5007,5.1256721541743934e-05
853,5.1240210480439614e-05
1348,5.120533159135787e-05
2302,5.118247622652931e-05
7184,5.1161120301991066e-05
958,5.108733513267519e-05
3216,5.095751557738433e-05
2499,5.0951365649038636e-05
4447,5.094235664247822e-05
744,5.092986100117006e-05
3775,5.08463135089672e-05
1769,5.0818976141248196e-05
5823,5.077660588074779e-05
352,5.073741184750563e-05
3813,5.0608252101976855e-05
3856,5.050450479475003e-05
7085,5.046162316563306e-05
3403,5.046029567125673e-05
4453,5.0441904388887964e-05
3569,5.0432370602244586e-05
6214,5.0427725160308405e-05
5550,5.0405434096797316e-05
3162,5.03364073427458e-05
6169,5.033496271177281e-05
6482,5.031977285200305e-05
2189,5.0298718582202055e-05
6824,5.028252038050066e-05
1389,5.0229131148330094e-05
6600,5.022025333811561e-05
1546,5.0145369160349976e-05
6233,5.008479105298373e-05
2036,4.9993772409082415e-05
279,4.9946899485851524e-05
254,4.989330853138527e-05
2823,4.9891803450231903e-05
6394,4.9887586452759766e-05
97,4.987448003112676e-05
667,4.983012357023229e-05
3423,4.9828431718052615e-05
754,4.982286657138084e-05
6307,4.976060953223655e-05
3395,4.971818391795548e-05
5455,4.969136770351398e-05
6232,4.968724245984129e-05
5137,4.953393585571892e-05
1583,4.951886926421616e-05
6739,4.946394540508918e-05
4643,4.941996532905409e-05
5596,4.940543834920483e-05
3881,4.935350703041422e-05
670,4.926055139408869e-05
3493,4.925481052256478e-05
1551,4.925138002369588e-05
4914,4.91833630110954e-05
4357,4.916223407093244e-05
5722,4.9132921829437955e-05
4729,4.9117443368230046e-05
5317,4.91085683599348e-05
6318,4.9066129743219715e-05
1287,4.9000957307999296e-05
5114,4.89432321421441e-05
288,4.892569200566545e-05
226,4.8898297084261995e-05
2933,4.889116961420213e-05
302,4.881112167569443e-05
951,4.879337012196993e-05
2017,4.877711907797469e-05
1204,4.8738712578517066e-05
2195,4.87348045728075e-05
866,4.862918048027642e-05
614,4.837556941158647e-05
5043,4.834184181307041e-05
3631,4.8300514194585594e-05
5300,4.8287955375542445e-05
6065,4.8238445850353335e-05
542,4.8124643359721775e-05
5601,4.8115203002462004e-05
4814,4.8089689370292106e-05
3481,4.808824433507789e-05
6106,4.8060989775108774e-05
698,4.791860215917473e-05
2780,4.7711238012030845e-05
7226,4.764695738043764e-05
3693,4.7645395331307345e-05
1028,4.7638063338439555e-05
208,4.7577106383236925e-05
898,4.756926709161536e-05
1225,4.732282084725088e-05
4371,4.7309123202506964e-05
6198,4.728061719450529e-05
4126,4.7266979303456874e-05
814,4.72485015653718e-05
95,4.7248186087033375e-05
6890,4.7238112862113085e-05
5431,4.721206932588016e-05
2250,4.72095720982674e-05
7260,4.717535312559299e-05
784,4.715548563093771e-05
376,4.7132343345701204e-05
1011,4.7091827380957116e-05
4344,4.70885199527955e-05
5657,4.704588633388618e-05
2547,4.701875668985648e-05
2778,4.694185461311524e-05
3972,4.691722105842261e-05
3458,4.683622651108248e-05
2937,4.679330146653431e-05
3997,4.670691332901889e-05
6040,4.664632342233725e-05
680,4.661824742653917e-05
3067,4.66007765003954e-05
3939,4.659696348647583e-05
1131,4.6581417954851237e-05
6288,4.649729673039074e-05
2182,4.643793301250067e-05
4673,4.63920321827685e-05
2265,4.637570010882776e-05
4383,4.63523773936033e-05
5461,4.6326726182889676e-05
795,4.62553573797951e-05
2738,4.6235245981903534e-05
2016,4.620958424354164e-05
5836,4.6169083827632564e-05
6750,4.616312487858373e-05
4234,4.6158769953921896e-05
3718,4.6116976760526746e-05
385,4.609976345776749e-05
4998,4.607811793962003e-05
3112,4.606549153593543e-05
5362,4.600544721551689e-05
1315,4.5936869523854776e-05
7277,4.593362285829495e-05
4207,4.588048093113237e-05
5646,4.582712101644258e-05
1780,4.580682353474566e-05
917,4.572035567564763e-05
1651,4.571079344946416e-05
1754,4.567705462165701e-05
6551,4.5661841022882e-05
496,4.5626300740033544e-05
800,4.559824591009054e-05
6644,4.55790165712468e-05
4795,4.552025284063326e-05
5265,4.544352048710726e-05
1819,4.5427299460181455e-05
1431,4.541520731986776e-05
7163,4.54142412441073e-05
2970,4.5349680310138196e-05
474,4.5298501669947716e-05
5077,4.526822348103019e-05
4599,4.523880224863996e-05
4601,4.5096781095688377e-05
2880,4.5091672600130586e-05
2394,4.5029316451843894e-05
3033,4.49991990218821e-05
1784,4.498002702344821e-05
233,4.488260070451245e-05
872,4.4867583137320694e-05
1790,4.4787610071092226e-05
4358,4.4775731628901455e-05
629,4.474987115075717e-05
2964,4.463641252850895e-05
1178,4.457895794488695e-05
1088,4.450448152476767e-05
6117,4.449269383623363e-05
789,4.441590589638021e-05
2773,4.4364611684753587e-05
989,4.436019002907283e-05
2735,4.433583806809652e-05
4752,4.426512480856902e-05
5156,4.425841452654707e-05
456,4.4250914020406947e-05
3034,4.417773423312371e-05
3895,4.4164839940495695e-05
1146,4.415267802658963e-05
6992,4.407731569668153e-05
3638,4.395907646500978e-05
4964,4.387474520536132e-05
7177,4.38445477824786e-05
227,4.3830260882937424e-05
837,4.375164393500125e-05
1514,4.372924965562586e-05
5458,4.368118969744934e-05
3859,4.3674671825225235e-05
6835,4.367448769918344e-05
3907,4.361725936740147e-05
185,4.359949878627517e-05
3736,4.3577110811734876e-05
2227,4.356653135964694e-05
4636,4.353297438664377e-05
6087,4.349512022172173e-05
6650,4.349047967828966e-05
7222,4.348564624902905e-05
1576,4.343814831684989e-05
1987,4.3407150129673714e-05
2730,4.339385098087169e-05
1015,4.338086037761534e-05
7279,4.333118327744464e-05
3249,4.332734125056802e-05
2386,4.331103553882786e-05
3177,4.329963207105395e-05
6515,4.3244020281801996e-05
5827,4.318552575733055e-05
5546,4.3182913751764616e-05
383,4.317166192400155e-05
1837,4.3167796487836774e-05
819,4.310444798959198e-05
6457,4.308430276980711e-05
885,4.305602470291942e-05
6626,4.30411119353455e-05
5354,4.300597686079866e-05
6448,4.291709736130763e-05
148,4.284666006661631e-05
3950,4.2832963504099583e-05
1548,4.2757681211694e-05
3002,4.271022775532726e-05
1380,4.265778791924708e-05
2601,4.256011760255055e-05
2984,4.244046012324437e-05
4725,4.243042049719071e-05
3789,4.2422138010417915e-05
419,4.218454235743443e-05
7182,4.2158286306338404e-05
2763,4.2064999938887384e-05
5285,4.204450386534586e-05
5970,4.199960191294679e-05
3028,4.199055142016391e-05
236,4.193332245778961e-05
4995,4.1910945528847686e-05
6035,4.1879788051951294e-05
3406,4.186848764654925e-05
5753,4.1863313262100934e-05
218,4.181891519414395e-05
1093,4.1812797925999266e-05
6918,4.175755499913714e-05
4985,4.173782757781745e-05
3320,4.1678511354532214e-05
5803,4.164218804189342e-05
6712,4.161610369594659e-05
1323,4.157733175906139e-05
6526,4.154962357610166e-05
1693,4.14974302130723e-05
6141,4.143192860058536e-05
3208,4.13740128368743e-05
294,4.132129202262703e-05
5388,4.112376938102325e-05
1928,4.108106910471345e-05
4324,4.1063901664321125e-05
649,4.100454305029826e-05
6585,4.099802978225215e-05
3765,4.096016911019411e-05
7298,4.094742350337201e-05
5917,4.086949678856282e-05
3646,4.077624137700391e-05
6404,4.076015403262833e-05
1430,4.075634661621507e-05
2985,4.073464370049717e-05
1908,4.068582460008573e-05
1384,4.061499589417579e-05
2154,4.039972596162174e-05
4340,4.039118791180996e-05
5371,4.033809531815766e-05
391,4.025628223826396e-05
4423,4.022368816077002e-05
1912,4.014912651496445e-05
4586,4.0144098820452066e-05
1154,4.010577405337041e-05
393,4.006714142367814e-05
6352,4.005817843568172e-05
5068,4.001739625035287e-05
5821,3.9870657926632516e-05
2943,3.9798815792944707e-05
6015,3.977211269015359e-05
306,3.9755051343585906e-05
3784,3.9727131060256785e-05
378,3.9675815724155014e-05
2820,3.967059839773181e-05
2288,3.9550651523747136e-05
1307,3.9542685235299196e-05
2474,3.947168700711122e-05
3060,3.9392501630958456e-05
6163,3.931037168075519e-05
4400,3.921828135334551e-05
3437,3.918026184167997e-05
281,3.9158909676156905e-05
2354,3.9152317302895154e-05
5172,3.909778705018263e-05
7040,3.9092152354360056e-05
6608,3.9058131351349086e-05
2790,3.903857312366636e-05
1856,3.9024835860334436e-05
6621,3.902180192427724e-05
463,3.901583306125145e-05
1311,3.895195306789061e-05
2055,3.8942018722839516e-05
3833,3.8882514808563093e-05
1667,3.885471390731474e-05
6463,3.8839257484905175e-05
5932,3.878747251507063e-05
2960,3.875850261174276e-05
2510,3.8738141857227836e-05
3220,3.872694140662607e-05
1127,3.8615701695862645e-05
1136,3.859627392510342e-05
2553,3.841258860773297e-05
2248,3.840326793106321e-05
6916,3.835389076052855e-05
684,3.8259750829063996e-05
1785,3.822242783325447e-05
3865,3.795107199845688e-05
4538,3.7929252346049454e-05
3138,3.791776344897879e-05
2405,3.785441567137871e-05
3710,3.784859124028091e-05
1547,3.7839360782925075e-05
6629,3.7819913489193344e-05
6161,3.770211944091735e-05
5167,3.7669089416898766e-05
6612,3.7612989580431425e-05
82,3.761189064830806e-05
524,3.760095799979158e-05
6407,3.756773622744733e-05
3351,3.7536568152130385e-05
5081,3.7527823963958866e-05
2950,3.751868816414961e-05
6872,3.747877504007449e-05
2994,3.746578228435723e-05
2225,3.7428547036118736e-05
424,3.7398044996587216e-05
770,3.7381765832978807e-05
6473,3.7338366987443405e-05
1839,3.728226007196544e-05
369,3.7229080466812947e-05
6930,3.7192661998310674e-05
1599,3.71281426714409e-05
6126,3.712435927127245e-05
947,3.7034559732728915e-05
6155,3.698777178708614e-05
3008,3.697644345090351e-05
4385,3.6973538272982895e-05
2862,3.693605422499324e-05
4869,3.690793908655498e-05
3546,3.687926100138751e-05
6078,3.679209909893134e-05
4057,3.67129841160028e-05
4163,3.666762879121908e-05
1705,3.6434613767044035e-05
655,3.6384164148545704e-05
768,3.629024201212319e-05
5064,3.628066912136309e-05
7121,3.625573093915042e-05
589,3.625096051639362e-05
5709,3.623424992270313e-05
428,3.613132550276545e-05
2543,3.5957502015827476e-05
992,3.5954988820602176e-05
6197,3.595442546267087e-05
6792,3.5791050801931235e-05
2131,3.576891486249908e-05
6893,3.574859002523381e-05
57,3.574395067931624e-05
3723,3.566203178225669e-05
5429,3.563488531000518e-05
3244,3.559619731080804e-05
4706,3.551326879878607e-05
5598,3.549918921554934e-05
723,3.5473000609145036e-05
4945,3.54574286474746e-05
6326,3.540947865424341e-05
3288,3.5407061241833194e-05
3345,3.534261573953983e-05
5058,3.5231452802377416e-05
3898,3.520719045788348e-05
3204,3.5206929518018946e-05
1171,3.5135167641083986e-05
584,3.511379098544618e-05
212,3.5104935449018256e-05
4763,3.501253731356471e-05
390,3.487500436942794e-05
4906,3.486633517971091e-05
858,3.485534464571461e-05
205,3.48035933708402e-05
2372,3.476875069414534e-05
1552,3.472556389934333e-05
2324,3.471696487708794e-05
1828,3.4646544928349975e-05
851,3.459253617480236e-05
772,3.4590156105640214e-05
249,3.453707253117785e-05
172,3.4536959841674115e-05
3050,3.445177941325007e-05
1560,3.4390496262952764e-05
2673,3.4331729069657e-05
883,3.431509264809661e-05
323,3.430136193428096e-05
7318,3.42241784738994e-05
1133,3.418879039246146e-05
2684,3.417470041635974e-05
5697,3.410022616457505e-05
4268,3.401825813419918e-05
3411,3.392872066361951e-05
1321,3.389537234688109e-05
5339,3.387374494858619e-05
380,3.386939536499856e-05
6976,3.382097175200435e-05
6066,3.379254850260793e-05
4107,3.379163506430954e-05
4272,3.377818005212656e-05
4674,3.373560421306469e-05
414,3.3704850569627224e-05
6977,3.3674460626672076e-05
4378,3.36685722226331e-05
1521,3.366526430544406e-05
2306,3.361355803970473e-05
4705,3.357751983007766e-05
41,3.3554070203887053e-05
1721,3.350852568648214e-05
6660,3.345103630772463e-05
3128,3.3431101571377474e-05
3139,3.342042571510297e-05
7155,3.340242257996493e-05
3328,3.330279858665904e-05
5385,3.3277269808968055e-05
988,3.326883828411197e-05
1903,3.325539614424935e-05
2533,3.323506354691198e-05
5928,3.3225729981010875e-05
4114,3.318509884280416e-05
4741,3.309801169672131e-05
6546,3.3095715168079373e-05
4117,3.306276002405797e-05
3982,3.3045083953958104e-05
1375,3.304387538418765e-05
5963,3.299333670723471e-05
1073,3.297728826046166e-05
2758,3.293108373149828e-05
2638,3.291101046485119e-05
891,3.284335685915256e-05
1621,3.264535036793108e-05
6852,3.263416519079713e-05
2606,3.262777217203243e-05
3585,3.259961426194694e-05
7107,3.250811462038031e-05
3218,3.2500021937383697e-05
2084,3.248689885686668e-05
3632,3.247681555515597e-05
3749,3.243692420736466e-05
328,3.232652844317099e-05
635,3.228488103122706e-05
6728,3.2244773621053704e-05
759,3.217866648039354e-05
490,3.2126602193944494e-05
3644,3.211532613267471e-05
3915,3.2077093588349626e-05
3003,3.2035105471866e-05
3397,3.201317081997301e-05
786,3.192326978840139e-05
7229,3.1900565129702315e-05
2270,3.18709540393746e-05
5439,3.179562464009326e-05
6492,3.1782023385648725e-05
6328,3.166333082038403e-05
4351,3.1630062582542197e-05
2166,3.160041973329933e-05
5134,3.1594761346806023e-05
7010,3.1573205030829985e-05
2728,3.154075717503182e-05
2400,3.154024626314074e-05
1463,3.1511331193482656e-05
2531,3.15052774080162e-05
1175,3.148865123628897e-05
2437,3.1455961751214004e-05
7137,3.1434415498219514e-05
3896,3.141240699849527e-05
6039,3.14101113376817e-05
5355,3.140377785898132e-05
6406,3.1389558316959926e-05
3497,3.137164814549564e-05
1074,3.137001235390883e-05
5498,3.136986883016835e-05
5638,3.129840269282232e-05
3910,3.123107869554197e-05
4775,3.116447548357243e-05
7014,3.11503288120697e-05
4216,3.114899958668401e-05
6534,3.109802118586886e-05
5364,3.105923799107473e-05
6908,3.105829091357305e-05
7089,3.1058075602281156e-05
1686,3.10461539057561e-05
3464,3.100066105390836e-05
3238,3.0966228508540054e-05
2932,3.096129273255275e-05
2546,3.0906698269745273e-05
3061,3.0891066849589706e-05
6789,3.0891003100282454e-05
6294,3.088831069550438e-05
2818,3.08393609609461e-05
3448,3.082277045579286e-05
1556,3.0786791012677735e-05
7297,3.076596428695998e-05
682,3.075827021390052e-05
132,3.070126891989593e-05
6913,3.0694247721715815e-05
6969,3.069080398776023e-05
491,3.0690159060117236e-05
1324,3.0647921319602484e-05
5515,3.057831732554184e-05
1997,3.051430743804795e-05
1288,3.049319267420034e-05
32,3.0464169728489105e-05
2485,3.046316055514532e-05
4930,3.0443274583295235e-05
122,3.039413010172436e-05
1387,3.039369269710368e-05
6309,3.0377110267683535e-05
6382,3.0355198564954372e-05
1638,3.0278075536804073e-05
7096,3.026500849929628e-05
5449,3.0246862369906267e-05
4952,3.0188655343289963e-05
7230,3.0158413388516288e-05
2321,3.0130412388650773e-05
1748,3.0125739149162602e-05
4401,3.011077917188747e-05
3213,3.0100105553416827e-05
6594,2.9964770109244854e-05
1759,2.9901643535726614e-05
4981,2.985322496820501e-05
4158,2.9833114407122296e-05
3728,2.9814118084173803e-05
2682,2.978543021997119e-05
3604,2.9772332679147413e-05
1228,2.972973591703625e-05
3098,2.9630786966933167e-05
708,2.9601498781214563e-05
40,2.9594752772325816e-05
2495,2.9543893264267877e-05
704,2.9503545023494976e-05
7301,2.9493442611576514e-05
3143,2.9452796181023246e-05
1606,2.944109659456239e-05
377,2.9388525837479798e-05
2447,2.9363259589060066e-05
1248,2.9363142150520308e-05
2506,2.9356186131347495e-05
3095,2.9350325798385678e-05
7152,2.932712966920399e-05
4396,2.927301498026149e-05
6843,2.927232983447173e-05
1445,2.9261457193364208e-05
6361,2.925214696979555e-05
3685,2.922140680999835e-05
4332,2.9207513652170866e-05
4261,2.909292318415634e-05
289,2.8977207393962088e-05
4898,2.8964570379916295e-05
2285,2.8960628186935267e-05
1677,2.8950109537697362e-05
354,2.8933147303100092e-05
1337,2.890037730558401e-05
889,2.887906637209985e-05
4736,2.885613963125175e-05
7221,2.8806398519438923e-05
4822,2.8785128789313544e-05
1799,2.8771181551084658e-05
6057,2.8730116635796525e-05
2038,2.8723719224453332e-05
2070,2.8693469869984583e-05
4209,2.8662033457428134e-05
7303,2.861920511779414e-05
4276,2.8613803806318474e-05
2916,2.860957725930656e-05
5208,2.8588069028852192e-05
631,2.857251983780863e-05
114,2.8554117374858667e-05
4060,2.8534301653216262e-05
297,2.8418629393534867e-05
1519,2.8377383243948444e-05
22,2.83485665230838e-05
215,2.8277900066644667e-05
1616,2.8260408227204648e-05
237,2.8242576483351386e-05
4560,2.8239642696491013e-05
3810,2.8229373582496e-05
4002,2.822199813382862e-05
5650,2.815832173511533e-05
5452,2.8129115852052023e-05
1742,2.8087448401702617e-05
5556,2.8067794696649294e-05
3971,2.8063856044942976e-05
1530,2.8041838514963798e-05
6747,2.803696941915004e-05
3239,2.800325919769089e-05
4139,2.7946012978399283e-05
3346,2.7943003777321903e-05
3944,2.7869922179991044e-05
1936,2.7858504799032033e-05
2078,2.7818453077201327e-05
6295,2.7809338613459487e-05
7251,2.7706624091824855e-05
7289,2.768838680404892e-05
6153,2.7665050022875853e-05
36,2.7657044110230628e-05
6249,2.763113908091594e-05
663,2.75500301865589e-05
1803,2.7515254291173737e-05
3878,2.746014098753505e-05
4621,2.7394024152906463e-05
3157,2.7372006100429137e-05
1725,2.7325023917065912e-05
3461,2.7323241457410058e-05
3057,2.719584041425622e-05
6719,2.7169261553435913e-05
1955,2.7161040183930273e-05
4975,2.7156974327227008e-05
6191,2.7143341192566558e-05
3125,2.7130348410273393e-05
1329,2.709005866097474e-05
7305,2.7078610682489014e-05
2152,2.6947509880984844e-05
638,2.6930015701534245e-05
5634,2.6856849751807603e-05
3606,2.685674147172629e-05
1913,2.683309635174539e-05
6998,2.680436252002833e-05
875,2.680151208939281e-05
1264,2.6741385899861176e-05
6193,2.671710218701861e-05
2948,2.666487247920754e-05
3101,2.6657975206909372e-05
5145,2.6631338853840715e-05
2184,2.6614895417803075e-05
2956,2.6550900831553634e-05
2807,2.6549002767407864e-05
2021,2.654677885837312e-05
3671,2.652477645369093e-05
1789,2.6522055131070158e-05
1642,2.6488022462265474e-05
6023,2.6477359544028113e-05
4510,2.6459034181189195e-05
6646,2.6454531402817283e-05
688,2.6440203492252208e-05
5858,2.638668991561547e-05
5896,2.6370939065613695e-05
2901,2.6358937808409472e-05
6975,2.632677965433091e-05
1112,2.629974828178689e-05
6459,2.629608501743688e-05
7087,2.6281748008545994e-05
812,2.625082402320941e-05
1833,2.6231839836299033e-05
6236,2.618751455175486e-05
6625,2.6167121778158858e-05
4888,2.6091431145763508e-05
801,2.6076924244027726e-05
2214,2.6065818039598495e-05
1312,2.602031691436268e-05
2997,2.5990824717495295e-05
6805,2.5953056573202354e-05
1263,2.59289569209089e-05
2890,2.5921957678092256e-05
6156,2.5900938811964183e-05
2757,2.5889640715091922e-05
1702,2.587735309250857e-05
4862,2.5876994239889766e-05
3363,2.583146035469976e-05
1860,2.5798425346579958e-05
6270,2.5777436488698386e-05
1105,2.5759022379308976e-05
3795,2.5690351181919638e-05
1549,2.5602764180863662e-05
1518,2.558179339618972e-05
1582,2.5522685826162063e-05
3575,2.5508012742001448e-05
1359,2.550342501590366e-05
2338,2.543530175169216e-05
4893,2.526335948730657e-05
5109,2.5213268926098266e-05
2024,2.5210337601279822e-05
287,2.5209180489857142e-05
1694,2.520422193815605e-05
4559,2.5109662911578264e-05
6780,2.509224309864971e-05
1183,2.5071292674753805e-05
3922,2.5008771452976474e-05
5217,2.4846692942584717e-05
2743,2.481557570485368e-05
5669,2.480750085938575e-05
779,2.4744942666241333e-05
6074,2.468514416694894e-05
5958,2.4673106887617232e-05
741,2.467015476749509e-05
1892,2.4612904844120137e-05
5218,2.4524377971410583e-05
6536,2.45087570533041e-05
331,2.4458561220403194e-05
2476,2.4456285403289256e-05
2226,2.4446566768928508e-05
2235,2.4442619855390564e-05
7077,2.4400568789637507e-05
2172,2.438835126766914e-05
1349,2.4375357744822826e-05
3774,2.431348941843093e-05
6341,2.4286402023366827e-05
2923,2.420316539361297e-05
6297,2.4189936435529802e-05
1747,2.4187566442397193e-05
5544,2.413702998140665e-05
532,2.4100040317157757e-05
68,2.4069271226061453e-05
2830,2.4062089061759176e-05
1379,2.3990555245564332e-05
1182,2.3986557920899842e-05
4416,2.3975002203822953e-05
6564,2.39730478576233e-05
1071,2.394275053768008e-05
4708,2.3929597047829037e-05
2422,2.3910806496700823e-05
6832,2.3887413175342857e-05
3526,2.3858901009647406e-05
1724,2.3787056128598274e-05
4617,2.3786176481711984e-05
1561,2.377157117042808e-05
4960,2.37704765478508e-05
4037,2.366655347387763e-05
3588,2.3658965938795258e-05
7068,2.3633586807104927e-05
4789,2.363054583161528e-05
4026,2.3540975036466292e-05
6957,2.348726769898086e-05
3132,2.3381959626214597e-05
748,2.3379928357482903e-05
6385,2.3376164001049775e-05
3653,2.33614316920627e-05
2709,2.331502025406405e-05
4349,2.327911425630303e-05
782,2.3269207748839718e-05
1081,2.3219967910592268e-05
882,2.321852886385184e-05
896,2.32021366688616e-05
6311,2.3188293460475324e-05
2251,2.313568964982961e-05
5941,2.3107754591067217e-05
225,2.3089098171126127e-05
3519,2.3037138220919803e-05
3711,2.2983681478175272e-05
1592,2.297536188001997e-05
4724,2.2962524707079087e-05
2322,2.295567737030543e-05
935,2.289682882477295e-05
4974,2.288683673400401e-05
4363,2.2881238690196087e-05
5126,2.2880971319512677e-05
5622,2.2879223172473556e-05
45,2.286303121681785e-05
3365,2.2854285407566004e-05
7088,2.2805397107439026e-05
2367,2.279915057934425e-05
5496,2.2796908018699764e-05
7292,2.2736506151465847e-05
2238,2.273562325338049e-05
3091,2.2711483424140914e-05
455,2.268055335438189e-05
5983,2.263246328546599e-05
1108,2.2608079071738646e-05
6511,2.2606366097415468e-05
1735,2.259141337002619e-05
5377,2.2586511106489593e-05
863,2.258203666598184e-05
1717,2.2571373198183583e-05
4364,2.2555746341340845e-05
3549,2.255567996831793e-05
2360,2.25376670719352e-05
3746,2.2459405618831623e-05
5741,2.237072713301336e-05
3292,2.2361367186771668e-05
2811,2.2354196042520274e-05
6604,2.233498332387242e-05
6422,2.2304738080975917e-05
6082,2.2247695977909512e-05
4925,2.222043859930899e-05
1058,2.2161099491055975e-05
2741,2.2136678740372056e-05
5308,2.2091563588529302e-05
1141,2.1977736039940155e-05
7026,2.1943788603449025e-05
2210,2.1933228511516382e-05
1535,2.1902010786125927e-05
4675,2.187600867688488e-05
4200,2.1868403868727305e-05
4141,2.184548036441235e-05
3308,2.1820699477453384e-05
5760,2.1805198247776175e-05
1296,2.1757256598644454e-05
826,2.173903970310884e-05
809,2.1693737064960325e-05
1395,2.165222832712713e-05
4004,2.1603724462547718e-05
5802,2.1592993596817808e-05
5335,2.155809632616488e-05
1528,2.1551446161922502e-05
4957,2.1529239894854307e-05
827,2.1487009839104493e-05
1304,2.1476385341590568e-05
3113,2.146516123778512e-05
2649,2.1457615141317625e-05
4022,2.1423328967197316e-05
2724,2.1405504323024462e-05
838,2.1301796804740124e-05
2020,2.1203075641184576e-05
345,2.117440474179548e-05
1975,2.116306581840637e-05
2307,2.115386813830764e-05
1807,2.1093302206816222e-05
4334,2.1077320408794506e-05
4201,2.1073408015089264e-05
1098,2.1053099101797403e-05
586,2.102712871546411e-05
4694,2.1009273613749904e-05
1843,2.0942231261687857e-05
1507,2.0939886779428477e-05
6938,2.085484894721402e-05
7317,2.0833482385466856e-05
620,2.0806112578024987e-05
5819,2.0797269122116713e-05
1778,2.0772666595675106e-05
1063,2.075170110731018e-05
4418,2.075112239488844e-05
4258,2.0731338394885435e-05
1934,2.0718932498564592e-05
2917,2.0692907287763064e-05
6673,2.068511992056133e-05
3473,2.068098236277782e-05
7008,2.067970089033733e-05
7196,2.0668926742090985e-05
73,2.0657095684677598e-05
4714,2.0633270389278178e-05
2242,2.0622426965305637e-05
4791,2.0564324482639303e-05
3902,2.05629640616355e-05
418,2.049123864963359e-05
5785,2.0478961236761736e-05
2759,2.0455483996999173e-05
5436,2.0410349833648266e-05
6182,2.035612856264282e-05
1338,2.0351590610969716e-05
675,2.032836870536477e-05
315,2.0267712768039968e-05
3150,2.0236049082518304e-05
2170,2.02140712876183e-05
7332,2.0167080263478452e-05
2630,2.0160327958092097e-05
2298,2.0090848292932554e-05
4821,2.0088130816195422e-05
1199,2.0062970509070612e-05
6357,1.999910423681623e-05
4465,1.9977940931673697e-05
1511,1.9976486405208723e-05
2230,1.996611372356137e-05
4243,1.992073483629458e-05
4518,1.9920601807525094e-05
4719,1.987570388608988e-05
1268,1.9849559954818996e-05
997,1.977153457990492e-05
940,1.9763006615623844e-05
3706,1.9694990220413883e-05
2349,1.9690660672714012e-05
4301,1.963110186326147e-05
3350,1.9628731081921312e-05
344,1.962011329064797e-05
3443,1.958081224861896e-05
6591,1.9580495945294705e-05
2327,1.9464694431983764e-05
4853,1.9462359551451632e-05
1435,1.942156544589584e-05
253,1.940330366077028e-05
402,1.9400433338473646e-05
1868,1.9358651565217585e-05
3908,1.9342061205108512e-05
5718,1.9318910029638946e-05
4728,1.931732014931405e-05
4509,1.9296256718952567e-05
961,1.929122118070619e-05
6054,1.9271251726501445e-05
7326,1.925910504858565e-05
5512,1.925484828047406e-05
4644,1.9247750364654472e-05
752,1.922734060905501e-05
2313,1.9193236264088e-05
1160,1.9129490234895755e-05
3993,1.906907742745e-05
7200,1.9066332164263194e-05
4762,1.9046684986578333e-05
3189,1.9044444571983887e-05
571,1.895823655779331e-05
6609,1.8932043998007648e-05
4421,1.8898732182153534e-05
5764,1.886999927085566e-05
5444,1.884053985822649e-05
7333,1.877513226181497e-05
6696,1.871081645808481e-05
965,1.8692446829177262e-05
2921,1.8679453954747607e-05
1033,1.8565064924158005e-05
3544,1.854018410498723e-05
2204,1.8512404217950536e-05
3860,1.849851527781257e-05
3329,1.849199856001923e-05
4035,1.848966970810442e-05
204,1.8431328306587662e-05
5713,1.839120117313842e-05
4015,1.8359239493545057e-05
4829,1.83072424216466e-05
4872,1.8298546652655732e-05
5962,1.8252218995307837e-05
2301,1.8228522721479575e-05
4786,1.817227115915617e-05
3492,1.8131023449041272e-05
4315,1.811918357829208e-05
2660,1.8112735266692822e-05
4603,1.810866842965859e-05
6942,1.8075760009280203e-05
4514,1.8039127197331065e-05
4605,1.7989901944032445e-05
347,1.7978515474001174e-05
3303,1.7956413455314906e-05
3153,1.7947521979669296e-05
3352,1.7946034186843495e-05
1861,1.7924018797942064e-05
525,1.7911364370908742e-05
6369,1.7882208048921067e-05
3567,1.7878747943875116e-05
4609,1.7867647357017272e-05
6302,1.7863638234192897e-05
4926,1.7854483665975908e-05
7309,1.7741694538429778e-05
5765,1.7693939361614398e-05
2891,1.7636367294191947e-05
5307,1.7615944124858744e-05
6680,1.7601625771086458e-05
1282,1.759418638833312e-05
1764,1.758396984302365e-05
2471,1.7572414069249964e-05
836,1.7567165614991176e-05
6442,1.7566604884044665e-05
581,1.7522750630594244e-05
5351,1.7492435133144344e-05
2397,1.7486384703868718e-05
6855,1.746318765134731e-05
1940,1.7424168290502235e-05
1504,1.7269008807514424e-05
4602,1.726869255383534e-05
6509,1.7263597036017847e-05
5909,1.7237247837549787e-05
5842,1.7193717588358386e-05
309,1.7163497847532196e-05
619,1.7131260653911523e-05
5448,1.7103536336954296e-05
6837,1.707263993327498e-05
4220,1.706701881541405e-05
2047,1.7032247192928516e-05
3792,1.7009855701672788e-05
5342,1.699494785651639e-05
6923,1.6844125806208072e-05
59,1.6835184917797865e-05
3600,1.6827828890711426e-05
5484,1.680592689301473e-05
2729,1.6800017769433767e-05
3149,1.679443933096577e-05
4074,1.676973795304664e-05
7225,1.6722271327243635e-05
1067,1.6679522025496168e-05
4635,1.6665869484685576e-05
1740,1.660938313575595e-05
945,1.659536714614207e-05
3916,1.6505662265692097e-05
1718,1.6503194974762248e-05
280,1.6484883980590713e-05
1909,1.6428680721831228e-05
3515,1.640788102849261e-05
98,1.639619307494506e-05
6943,1.638446232653152e-05
2443,1.6340412026391307e-05
3428,1.629933601467844e-05
661,1.6292843821090285e-05
1362,1.629078829968821e-05
27,1.6274639013894415e-05
6255,1.6262527058308162e-05
3816,1.6250770800144322e-05
4826,1.6160510661752072e-05
6718,1.602793964815645e-05
871,1.5954207303652326e-05
1451,1.5937029645514142e-05
2498,1.585741166599193e-05
7034,1.5831342565192404e-05
1014,1.5805430318801414e-05
4691,1.5800969290742807e-05
6964,1.5750598672817327e-05
4310,1.574330683278305e-05
3171,1.5741346609976778e-05
2057,1.5696560528478908e-05
2029,1.5678870382715965e-05
1824,1.565065674171871e-05
2375,1.559602262115199e-05
3460,1.559583252303101e-05
7278,1.5595818582273385e-05
4304,1.5524297897228985e-05
4443,1.5523399454450996e-05
910,1.5501542254913487e-05
4938,1.5475712851800138e-05
3760,1.5469952814580406e-05
3430,1.5456805189420817e-05
3278,1.5409844433173323e-05
2276,1.5377992569880686e-05
6481,1.5336124131797696e-05
5834,1.5222354022802612e-05
3578,1.5219826284461506e-05
371,1.5208166515599504e-05
1746,1.5192764835170825e-05
107,1.517738300210729e-05
920,1.5145002399246657e-05
557,1.5116363665385038e-05
1953,1.5073726820919196e-05
5263,1.5060594109535837e-05
5005,1.5029054440670386e-05
4780,1.5018551788655333e-05
3563,1.5012937728300532e-05
4963,1.5000668133540066e-05
2341,1.4986428321067606e-05
263,1.4980416385178712e-05
2344,1.4980024258823227e-05
5926,1.494816764513515e-05
2260,1.4899832433715277e-05
1409,1.4793135871574519e-05
1249,1.4781872114242464e-05
4041,1.4759121035641201e-05
1065,1.475015029811348e-05
4529,1.473868578305466e-05
5891,1.4723432196808549e-05
2178,1.4721442939087625e-05
1051,1.4716524475948832e-05
4374,1.4657299745188813e-05
6173,1.460659982354964e-05
1618,1.4592398981503772e-05
6059,1.4590850406957638e-05
822,1.4513612758532958e-05
2448,1.4497592720568436e-05
4571,1.4493017770400374e-05
2434,1.4485625419873096e-05
6857,1.4478809192970374e-05
1293,1.4448727072678473e-05
6785,1.4444619000649509e-05
2194,1.442100840804478e-05
4064,1.4327119649912388e-05
5090,1.429934440486761e-05
3520,1.4290398515705428e-05
1978,1.4275204364714943e-05
4767,1.4236819185949239e-05
6001,1.41913606807791e-05
1877,1.4180276349958137e-05
4297,1.4081303952785461e-05
3066,1.40803499860623e-05
4118,1.3998688134039246e-05
118,1.3981189062921062e-05
6825,1.3980072825651405e-05
4102,1.3968613386391195e-05
5711,1.3940260742145684e-05
5553,1.393764035964624e-05
6289,1.3927012509440162e-05
1386,1.3922337001709062e-05
6587,1.3909312481326984e-05
332,1.3898169715766266e-05
617,1.3884937057667739e-05
2343,1.3842050889047718e-05
6816,1.3831537573302992e-05
5347,1.382448045739756e-05
2441,1.3795536704585379e-05
7122,1.378589211101571e-05
1344,1.3751915448477453e-05
5519,1.369375481460379e-05
5717,1.3676826974280212e-05
6804,1.3676592177139115e-05
3681,1.3674484158780016e-05
2791,1.3666026745517685e-05
2939,1.3629441013619122e-05
3947,1.3597434883198224e-05
5062,1.356961833897528e-05
5808,1.3524029607044506e-05
449,1.350941962438518e-05
3359,1.3498206458042606e-05
1340,1.348453380099798e-05
984,1.3466049050074242e-05
5879,1.3460920341466387e-05
5294,1.3414177224418906e-05
3349,1.3406902984910532e-05
2603,1.3403376398483825e-05
3651,1.3397793363830526e-05
4790,1.339401228268775e-05
1949,1.332612999063826e-05
3967,1.3314286336391763e-05
5981,1.3301608941603082e-05
4532,1.3281685082961008e-05
4723,1.3277449755779516e-05
4130,1.3244340097857629e-05
7340,1.3240977203137194e-05
3479,1.3238963276435813e-05
2391,1.3226545419272094e-05
173,1.3177956589735839e-05
2419,1.317410875770887e-05
526,1.310776259959264e-05
3655,1.3077736028537665e-05
5811,1.3062850369303224e-05
117,1.3056859053747686e-05
1420,1.3031250130120932e-05
7140,1.296725690787081e-05
6922,1.2917490676310603e-05
2127,1.2915563281118164e-05
2988,1.2856681441768002e-05
5680,1.2854329045724191e-05
4928,1.2843808507802451e-05
101,1.2826118002995286e-05
5085,1.2816082471350848e-05
5993,1.2790819686678033e-05
546,1.2787322494102106e-05
4229,1.2783442455710983e-05
3400,1.2772512341687583e-05
7335,1.2740674634751878e-05
4382,1.2714200457656036e-05
2442,1.2708992402825434e-05
6946,1.2650581589168114e-05
4939,1.2648416686400706e-05
3875,1.2597530362162025e-05
502,1.2596598066957458e-05
508,1.2557787384079024e-05
6064,1.247553128594861e-05
5907,1.2457487236654743e-05
6234,1.2455290770158416e-05
4614,1.240814982760776e-05
4236,1.2399252709037462e-05
5752,1.239713385440505e-05
5148,1.2393395828340074e-05
4517,1.2368359820587836e-05
4720,1.2360588778088138e-05
734,1.2360298688342003e-05
3387,1.2344702938211244e-05
4140,1.2313644430085838e-05
977,1.2273057281028568e-05
1757,1.2259333148723788e-05
2795,1.2194990295048093e-05
4521,1.2177684170404018e-05
4966,1.217036087016444e-05
3837,1.2137688770106267e-05
2217,1.2105737068863189e-05
3717,1.2096470201205073e-05
5604,1.2037526585631933e-05
1873,1.2031628216329913e-05
6605,1.2025977807139342e-05
5015,1.1969257312439515e-05
1291,1.1965723314768791e-05
4362,1.1965622615607974e-05
5230,1.194412909574099e-05
2566,1.189463582004505e-05
530,1.1881128315020227e-05
5180,1.18727246695899e-05
647,1.1854764461895716e-05
4871,1.1830463525624713e-05
952,1.1792358954522368e-05
265,1.1775875838626156e-05
6925,1.1721987273241163e-05
934,1.1717965366711242e-05
1719,1.171564079411893e-05
2569,1.1710916034780835e-05
7285,1.1681427834457866e-05
2266,1.1677761438889619e-05
513,1.167492082452171e-05
4666,1.1653340978588613e-05
2595,1.1648792333630371e-05
579,1.1625944406309772e-05
2886,1.1605736674050083e-05
223,1.1591406014944807e-05
5186,1.1589866729439672e-05
899,1.1578198337345034e-05
5510,1.1559312861373634e-05
1805,1.1512646720653634e-05
3226,1.1426236529858429e-05
5293,1.1413067278846903e-05
425,1.1406646058778812e-05
6740,1.1374682622333452e-05
136,1.1367091723791583e-05
6296,1.1354550879887042e-05
438,1.1318306769618867e-05
458,1.1280435215968303e-05
3788,1.1253741000884629e-05
3254,1.1118988717156339e-05
4210,1.1106110243984631e-05
4659,1.1085715991534507e-05
1200,1.1075185838746049e-05
1118,1.1063968911935067e-05
746,1.1056108495428747e-05
4856,1.1054989451293052e-05
5399,1.1047868252377455e-05
7253,1.101842122244982e-05
498,1.0996604327468077e-05
2162,1.0928813408661764e-05
5548,1.091603141668088e-05
6866,1.0910097108287644e-05
5889,1.0829381789329266e-05
6140,1.0812449068209345e-05
3069,1.080096473034049e-05
7150,1.0785779290564177e-05
6051,1.0756076355690564e-05
50,1.0745332764340874e-05
2273,1.0739032363172163e-05
1820,1.0724299343324235e-05
690,1.0721843250340412e-05
3848,1.0714019051284314e-05
4445,1.0692220799699229e-05
1600,1.0684976074049637e-05
286,1.0680310490830425e-05
2041,1.0658253020320218e-05
1977,1.0656037220193405e-05
1459,1.0644462399093041e-05
6310,1.0605112984587665e-05
6803,1.0594654813122362e-05
2968,1.0574305266265444e-05
1896,1.052897663160506e-05
3533,1.0515181792579334e-05
5716,1.0485748983603015e-05
1267,1.043059918940343e-05
876,1.0419047178870856e-05
5591,1.0398621727609948e-05
1675,1.0367627106322406e-05
436,1.036554016157111e-05
3036,1.0361560765874836e-05
2493,1.0326938090639302e-05
5065,1.0302778026209107e-05
4885,1.0280213016787301e-05
5685,1.02033354599269e-05
3663,1.0200096588738891e-05
3793,1.0188733517567388e-05
165,1.0137631004751412e-05
2163,1.0122201250797542e-05
6423,1.0097350712028519e-05
4429,1.0094667619659192e-05
1467,1.008624042846549e-05
5566,1.0081944711179426e-05
6460,1.0081615300947372e-05
6216,1.0053956663081937e-05
2402,1.0031602905178287e-05
5201,1.003070169941251e-05
2464,1.0005173493854872e-05
5324,9.938805592299683e-06
2836,9.93502558801307e-06
4404,9.925989866619576e-06
642,9.925048559477583e-06
5738,9.914517522662506e-06
6095,9.879488389072272e-06
3776,9.867927409280089e-06
7156,9.857476249731853e-06
3928,9.850847029898997e-06
1023,9.848089918163564e-06
1732,9.801092544949685e-06
4227,9.792796638334044e-06
5631,9.79247795105276e-06
4239,9.777709084389385e-06
4491,9.76978853361577e-06
1442,9.703178271810544e-06
1541,9.694097733327059e-06
2110,9.692541745907106e-06
7314,9.667576164194858e-06
4417,9.652026626405015e-06
4867,9.601541919553155e-06
1413,9.589677244565391e-06
5021,9.58528719447531e-06
2119,9.522420742362847e-06
2269,9.511849523440718e-06
5423,9.503592244458999e-06
6643,9.48507894862545e-06
2073,9.473093616969973e-06
5022,9.468933126020117e-06
241,9.446747022923853e-06
6426,9.419327344853888e-06
2796,9.385128483173752e-06
2035,9.335173096326712e-06
2051,9.334886347492178e-06
1695,9.334663249483828e-06
2685,9.330426933485496e-06
1342,9.326153594445798e-06
1950,9.29978727447844e-06
2472,9.296203413519517e-06
2159,9.283709740066667e-06
1923,9.276311608441025e-06
4058,9.244994794321512e-06
318,9.241127106892694e-06
492,9.23692924232653e-06
459,9.219225623221323e-06
2634,9.207834839342103e-06
2986,9.195167456491752e-06
3883,9.167238518462917e-06
4077,9.162586453184175e-06
235,9.156674858740286e-06
3879,9.121091977390893e-06
2091,9.1066669362602e-06
2756,9.076844256590105e-06
4407,9.075272225580391e-06
7123,9.068011389376664e-06
2346,9.041154355606815e-06
7069,9.012084354270665e-06
7084,8.981569727114684e-06
4589,8.959498420837377e-06
5580,8.954906774446641e-06
7127,8.954541393418199e-06
1378,8.935026711761854e-06
625,8.896738819343579e-06
4710,8.896535372847511e-06
1099,8.890849290328763e-06
821,8.873794363229386e-06
3573,8.872608631153003e-06
7083,8.84882899289797e-06
1554,8.804146342794883e-06
3667,8.797730627827787e-06
4379,8.795652429040788e-06
4574,8.794413099114941e-06
3763,8.792046586662904e-06
7236,8.757815516627108e-06
873,8.754891084427631e-06
4042,8.745964052596637e-06
4384,8.74071806667487e-06
6611,8.734277568883412e-06
611,8.729038275179408e-06
6754,8.720687502906704e-06
290,8.674336879541878e-06
7149,8.643748804338351e-06
5069,8.60199161006363e-06
5832,8.594807698428713e-06
3094,8.592831705763632e-06
5039,8.51891104111408e-06
5528,8.498473025569248e-06
6254,8.497103946486218e-06
5288,8.492957783873809e-06
4448,8.49036605852518e-06
1605,8.462794003928324e-06
480,8.451363482577075e-06
767,8.43327609106779e-06
6164,8.39247396655232e-06
3313,8.378904159929226e-06
6387,8.357904432685427e-06
33,8.327334936734211e-06
4901,8.326501479762675e-06
3230,8.321862176452382e-06
6262,8.189672750770754e-06
6016,8.171120244469104e-06
1100,8.1682384463816e-06
2191,8.141280192142883e-06
216,8.105872266883083e-06
4010,8.074094301025089e-06
3121,8.068852441131371e-06
6919,8.047841122160132e-06
5700,8.031104981289502e-06
2727,8.030993271977964e-06
5708,8.017448823622739e-06
1155,8.01664909686609e-06
970,7.96657104913451e-06
1502,7.950911938808163e-06
691,7.918050107577016e-06
2850,7.911133729357435e-06
7228,7.904315014412355e-06
6985,7.900717057199757e-06
5119,7.869083591256095e-06
7313,7.858644950754427e-06
67,7.850579322871255e-06
2931,7.84485382033955e-06
6308,7.842769644332436e-06
475,7.83453798687356e-06
955,7.818131846183165e-06
2511,7.810231374894082e-06
5083,7.787577634620435e-06
2234,7.780661809570479e-06
6830,7.77336230048645e-06
2030,7.770548544469384e-06
5976,7.765168292204417e-06
1369,7.752955228064374e-06
3105,7.738681964356007e-06
4489,7.731065640600348e-06
2981,7.719363093718791e-06
19,7.707240484203033e-06
3242,7.683501838901937e-06
2263,7.681212999315471e-06
3584,7.66566302601867e-06
2744,7.644739652908432e-06
70,7.64070346087239e-06
2183,7.623473750080578e-06
4584,7.581367135771499e-06
5100,7.542342909943054e-06
2764,7.507803694411779e-06
1773,7.499672511646335e-06
1087,7.486419489133067e-06
2366,7.485596513173218e-06
5557,7.48359574376627e-06
908,7.465687825162557e-06
7291,7.464593635471084e-06
4846,7.4527738883927075e-06
6821,7.413427087528046e-06
6355,7.405353667022842e-06
3092,7.4024979729186865e-06
478,7.3944307008064786e-06
2065,7.393090050507461e-06
1130,7.391286969205107e-06
5605,7.381488840225259e-06
3476,7.379790110162964e-06
5297,7.364092408243215e-06
1738,7.355532628464524e-06
1509,7.3357612960987695e-06
6889,7.327683462619743e-06
3738,7.297409518256116e-06
5875,7.284568224142887e-06
2462,7.277988204195169e-06
548,7.25491083850937e-06
6002,7.234459780004472e-06
6398,7.2169750092224884e-06
916,7.196343419890485e-06
2642,7.19010208866918e-06
1201,7.1862620915607146e-06
1452,7.101693013395153e-06
3270,7.0973866592252904e-06
3977,7.071263736734127e-06
1403,7.066305786388477e-06
3022,7.0524993858741046e-06
1982,7.0376059899241585e-06
2436,7.009289842452244e-06
3457,6.992877409649057e-06
3179,6.984423109959696e-06
4504,6.972588851593059e-06
1983,6.952480813115924e-06
6699,6.950925741216519e-06
130,6.913506632854297e-06
4091,6.8819698037681235e-06
1205,6.881083879172775e-06
6553,6.863015764080358e-06
5121,6.831762114061054e-06
3075,6.8296502179601315e-06
3001,6.800794308534471e-06
3992,6.782570125394163e-06
923,6.7646993051997525e-06
3056,6.758358008439631e-06
4251,6.75434559758376e-06
5768,6.7458625195459485e-06
1930,6.725023157794774e-06
7194,6.6924608471037216e-06
4160,6.6821913199102535e-06
5652,6.653707897811704e-06
747,6.6519820004388985e-06
3912,6.617805210500822e-06
0,6.5884669356646495e-06
3785,6.555933062785865e-06
4345,6.5545297910375285e-06
715,6.519113555195307e-06
861,6.494595265434352e-06
6655,6.467182896697337e-06
2911,6.45963386380064e-06
2863,6.458860867037129e-06
5915,6.430508234536466e-06
277,6.419393657226467e-06
169,6.4082215722787245e-06
6745,6.378195849098317e-06
504,6.371148422067941e-06
2378,6.348071370219692e-06
1,6.3462253380157825e-06
3170,6.3403774491300815e-06
561,6.340039075341107e-06
1815,6.333178906365101e-06
1111,6.327656849940943e-06
3434,6.30236271626707e-06
4454,6.3016304951226505e-06
1094,6.227958541559223e-06
177,6.220682134062389e-06
6900,6.209888151563322e-06
5793,6.2063678021064605e-06
5893,6.2029398672398935e-06
5985,6.174337203547845e-06
5616,6.1632556748798985e-06
3523,6.159338824064564e-06
2304,6.158977103567355e-06
4798,6.133971212202168e-06
342,6.125544652690405e-06
959,6.110075309260677e-06
4641,6.1071226028384576e-06
2895,6.061753442057568e-06
1444,6.052087277048778e-06
4420,6.044508138359484e-06
7138,6.041000816338359e-06
6582,6.020648556555131e-06
3835,6.002128092319772e-06
6570,6.000138671700057e-06
570,5.963193359435132e-06
4175,5.947611442145007e-06
1531,5.9467437366492825e-06
2544,5.934216631094164e-06
5228,5.930435166483595e-06
3148,5.906922740304865e-06
903,5.8992072651118174e-06
6353,5.897867412374997e-06
406,5.891514971665554e-06
6091,5.863132629187899e-06
2670,5.8614168543072805e-06
5937,5.792583348534535e-06
3450,5.781840787601756e-06
651,5.770949669485471e-06
6351,5.738856801916572e-06
3490,5.737100341153052e-06
3013,5.725454549693938e-06
6771,5.723298497452312e-06
5736,5.7208078304620795e-06
869,5.709695182576961e-06
1823,5.703886547394204e-06
5110,5.69002557152748e-06
5787,5.67854525740623e-06
2439,5.672417534398467e-06
6891,5.6708312548033126e-06
6710,5.66329040705532e-06
1061,5.657450867110091e-06
334,5.6456542404829935e-06
5476,5.642360535358139e-06
5529,5.617087869783406e-06
5407,5.6081435263630115e-06
5689,5.602847911127516e-06
2053,5.601109210148113e-06
3961,5.587290605743262e-06
700,5.58053111478414e-06
1229,5.574323479376369e-06
2246,5.5441938566520425e-06
7130,5.534070511874817e-06
1404,5.504075995471884e-06
6926,5.497492765704815e-06
2945,5.491325072616766e-06
953,5.460538969183848e-06
4556,5.455510348114908e-06
3777,5.441433150468433e-06
4537,5.433483937256104e-06
6733,5.4259250035419064e-06
1963,5.407807945716325e-06
7052,5.394546258221649e-06
1030,5.394309514685597e-06
709,5.380998348415516e-06
4740,5.344989270722575e-06
529,5.326564300778489e-06
1446,5.319552267333757e-06
6730,5.3020074671086e-06
3901,5.288951024497447e-06
4295,5.282581914379509e-06
6729,5.260239109954326e-06
1851,5.260037447145168e-06
1994,5.215558095748512e-06
4399,5.210566802073417e-06
1911,5.207232316292455e-06
3959,5.197127427413501e-06
2959,5.190056573358304e-06
3831,5.181697845053238e-06
3312,5.1790636269744005e-06
3089,5.166530639903966e-06
3386,5.165050831839475e-06
1555,5.147904113180428e-06
6694,5.140126360004971e-06
6327,5.133156501463115e-06
2314,5.128614800789921e-06
6240,5.101497191975988e-06
1644,5.101287252825328e-06
5577,5.0940576465144615e-06
3864,5.090154846370219e-06
3277,5.07060952927564e-06
53,5.06875306693971e-06
5732,5.059740255295321e-06
6319,5.025389432266306e-06
6578,5.02428168380577e-06
915,4.941334227441659e-06
5468,4.89656187390921e-06
4747,4.8585275885318e-06
13,4.856374386375046e-06
2534,4.849168093881375e-06
6475,4.824994334919835e-06
745,4.812765464266644e-06
5038,4.771454266570561e-06
4001,4.739428613358159e-06
3531,4.7310828541103135e-06
6245,4.720972400210871e-06
2703,4.711653459458275e-06
1181,4.6938803684513474e-06
6047,4.6937870108001615e-06
6439,4.691722194927767e-06
320,4.690233343260139e-06
325,4.689985930106881e-06
5336,4.688298812006327e-06
6892,4.6714029542826085e-06
6,4.6693745030376626e-06
5522,4.662870987554613e-06
1972,4.616451798493293e-06
6038,4.613798542692144e-06
2842,4.602995847605142e-06
5013,4.595930754888122e-06
5542,4.594131672020114e-06
1960,4.5916782764022026e-06
3206,4.570883139968371e-06
417,4.537365214130587e-06
6373,4.5001350636709705e-06
751,4.498713288920121e-06
6683,4.492188808992498e-06
6911,4.4921242084723914e-06
3219,4.471963161780648e-06
6497,4.454858493224535e-06
5123,4.430422224072267e-06
4755,4.407461050154576e-06
6098,4.400352685956797e-06
3623,4.38408009439648e-06
2320,4.379384230002529e-06
1072,4.373310641391872e-06
3913,4.3546991071679804e-06
1114,4.337110508043704e-06
4657,4.2824500055109615e-06
6498,4.280522938267873e-06
5151,4.273967023207137e-06
5913,4.269985454771735e-06
5946,4.26210577948993e-06
1714,4.232956201381499e-06
2080,4.218415477647186e-06
1874,4.21165867958043e-06
255,4.209433118196808e-06
4766,4.200849936098452e-06
1921,4.168150002093153e-06
6665,4.1653020945405755e-06
3966,4.163141957892958e-06
3750,4.144729129483958e-06
2502,4.142434630808615e-06
2470,4.130595069756311e-06
4138,4.12343144313766e-06
6994,4.112825671807886e-06
5026,4.11103339124022e-06
2846,4.1110058389147485e-06
2681,4.102961447553149e-06
3687,4.102614261733743e-06
4372,4.092836054240155e-06
1176,4.091524470826668e-06
3174,4.088073187332154e-06
1787,4.077167043384641e-06
2867,4.0462726530105866e-06
6084,4.035829311114482e-06
1865,4.033410367849061e-06
2501,4.028304051311742e-06
6199,3.9968796729316055e-06
7286,3.96184240692443e-06
2619,3.961432800025753e-06
3217,3.9611710493145565e-06
3438,3.942540341302942e-06
4686,3.92969727928279e-06
1212,3.923336604211197e-06
1691,3.912108834014604e-06
2737,3.898134758257382e-06
3814,3.84142160746918e-06
162,3.838754750767957e-06
697,3.821977446785224e-06
3936,3.8102364427800778e-06
7181,3.756044503089798e-06
6331,3.7500802594930083e-06
1760,3.726835358475556e-06
3791,3.7222035684377533e-06
1355,3.696871873887034e-06
5870,3.666211978741462e-06
6779,3.6614305397384197e-06
3956,3.6493996838996387e-06
2570,3.6446651214410306e-06
1681,3.6373610962019704e-06
2010,3.621524342431942e-06
6831,3.618152906478525e-06
3696,3.607986954947058e-06
7217,3.5999643893069564e-06
3641,3.575416379607363e-06
1842,3.53904439503201e-06
1947,3.5366359561138244e-06
3824,3.5350416843450965e-06
2147,3.505933599036028e-06
6530,3.4771936988105196e-06
1341,3.4762975776320654e-06
2074,3.4703465734611767e-06
4432,3.470248653074359e-06
2003,3.4587771901717214e-06
2018,3.4507023809283252e-06
5082,3.4493304026538803e-06
6762,3.4362779824965917e-06
4415,3.4146194241250437e-06
5236,3.3938755299959992e-06
6157,3.390881694745499e-06
2585,3.3903334818501375e-06
5023,3.3794700880081056e-06
2396,3.3729893945199537e-06
2536,3.3606742786521763e-06
6874,3.349703474048412e-06
3475,3.3293778269969977e-06
6648,3.3285059017166704e-06
2908,3.3252643403128097e-06
3052,3.3165687427197485e-06
2310,3.311451557269718e-06
3636,3.308345427583517e-06
6765,3.3056600141117575e-06
3332,3.303063467621023e-06
6896,3.2967002512822177e-06
5747,3.2916737324923012e-06
5901,3.2605652140512984e-06
5363,3.259361498528978e-06
1572,3.2557952105606227e-06
7337,3.250450846866795e-06
1139,3.229108057312291e-06
1276,3.222285219857613e-06
1906,3.215588754259422e-06
5817,3.200433372149696e-06
4707,3.200018494460903e-06
5772,3.177419085107428e-06
6419,3.173371194087447e-06
2523,3.1622963819935113e-06
75,3.1614567671174057e-06
888,3.1601837249486973e-06
3362,3.159764424997153e-06
6924,3.135991427620024e-06
5565,3.1349578363418587e-06
2565,3.1302958879060406e-06
7009,3.1099928391220755e-06
4017,3.0889964646390185e-06
857,3.0863827750471044e-06
195,3.0841549430577903e-06
2979,3.0621349647139087e-06
6344,3.054953278228745e-06
453,3.0542996709738503e-06
4323,3.0235721192598764e-06
4036,3.007771616163804e-06
1804,2.999490797479756e-06
6076,2.9977532424470614e-06
25,2.994878134336651e-06
6833,2.990738589462709e-06
5306,2.966664108400881e-06
7050,2.9324767314803675e-06
1004,2.900061508434133e-06
2487,2.8849784299086956e-06
159,2.8781148641586613e-06
3442,2.8759796150964228e-06
4782,2.8645537756932713e-06
6806,2.8546530706140813e-06
3559,2.787834635353019e-06
3583,2.7867526601320477e-06
7126,2.764402217169324e-06
3858,2.749398104304425e-06
184,2.7278956535391254e-06
4796,2.726535423456734e-06
6657,2.7157219261106316e-06
196,2.7084161134982744e-06
555,2.702876666895154e-06
5327,2.695350382730037e-06
6993,2.6929758518488385e-06
4469,2.6916143555228547e-06
2382,2.68618063839121e-06
5830,2.677267370798663e-06
1390,2.6763142533162512e-06
5910,2.6738863980795113e-06
919,2.6657589335557302e-06
6019,2.6638461481491497e-06
6769,2.661213297102078e-06
5054,2.652629877924378e-06
4176,2.6337531384735856e-06
1596,2.6328028257691152e-06
6269,2.6111989353358923e-06
1944,2.6070441802446523e-06
430,2.5983187517936264e-06
4430,2.5957339854795154e-06
7024,2.594264123787538e-06
2839,2.5844209572695736e-06
5374,2.568132975744413e-06
6517,2.553092405663932e-06
2128,2.543444493070911e-06
6963,2.5215822805837127e-06
514,2.514965111594095e-06
7067,2.5073163795227497e-06
5070,2.4905006522928425e-06
3773,2.487843324454885e-06
4307,2.4855708505808155e-06
6799,2.4816683839211776e-06
5002,2.4815843133148496e-06
3376,2.4790231014673104e-06
6520,2.4736284394278608e-06
733,2.465074715323033e-06
4354,2.451548999238651e-06
1318,2.449837544812255e-06
2492,2.4493358740914087e-06
4248,2.41952611922281e-06
1910,2.413957036830777e-06
2433,2.4032358455982166e-06
4743,2.3989604396798773e-06
6455,2.39180047401501e-06
1489,2.387063272200608e-06
5226,2.3839649863940056e-06
3210,2.3821552752789596e-06
5152,2.373292988237777e-06
1855,2.3539956309737638e-06
7086,2.3222841823059472e-06
4668,2.3174068368258845e-06
976,2.310597286220188e-06
140,2.304278946842925e-06
3512,2.2997725754945666e-06
2512,2.2945953113296335e-06
7315,2.2798770197677186e-06
2507,2.2739242148851515e-06
1408,2.262222843152107e-06
4994,2.26117991997488e-06
5791,2.2566700100726494e-06
6089,2.2487946185386606e-06
4171,2.241852027052553e-06
5291,2.220667443789772e-06
509,2.1865441243618492e-06
2272,2.171719259388975e-06
972,2.1512824921206375e-06
1727,2.134966959273716e-06
4233,2.1324542820222646e-06
6508,2.121784179406714e-06
1907,2.1168079933690276e-06
5852,2.0935264152420788e-06
5562,2.089239794693792e-06
5527,2.052161633761303e-06
3048,2.048239620208352e-06
3582,2.0438736143793037e-06
2526,2.0434334606570354e-06
2705,2.019027144116298e-06
1045,2.0128048123232944e-06
3828,2.0125521202309973e-06
1640,2.0050647296296914e-06
1332,1.991217498921697e-06
7311,1.990328360589585e-06
7193,1.977200761287988e-06
5868,1.9765766526872815e-06
4100,1.965696612338968e-06
5036,1.965508264162886e-06
7283,1.964155732446939e-06
2274,1.944966612120711e-06
6607,1.9420879656576303e-06
5780,1.9258400937489456e-06
1816,1.8959091901222127e-06
1238,1.8906419788427327e-06
5276,1.8848386431383421e-06
681,1.8786015486389513e-06
5187,1.8719869185371585e-06
712,1.8713843904515373e-06
5518,1.8663611607438535e-06
2379,1.8597176921232771e-06
1428,1.8583714562489204e-06
5951,1.8528783790139207e-06
5698,1.8265856802216295e-06
5918,1.821255940300145e-06
3611,1.804270446806816e-06
818,1.7798062664485482e-06
1367,1.7703313508169758e-06
105,1.7657763524944856e-06
5934,1.7479707819273827e-06
2148,1.7381663943340647e-06
4314,1.7343193464836771e-06
2467,1.715952216861593e-06
3078,1.70093123386982e-06
5608,1.6990484324141617e-06
5658,1.6856112315113044e-06
1810,1.6841102235809427e-06
6774,1.6614435394466275e-06
2186,1.6579557278206763e-06
1173,1.6522128210047443e-06
7143,1.6377061423770686e-06
4810,1.636755380754467e-06
1898,1.625742511120594e-06
634,1.624985667154093e-06
2590,1.6170594752919106e-06
6787,1.6163409468980645e-06
7128,1.6153527516965925e-06
981,1.6109362118917998e-06
3247,1.6092343567905747e-06
1968,1.5988118182118613e-06
6983,1.5854798972024154e-06
2665,1.551969587329368e-06
4249,1.5395252796998973e-06
2647,1.5162103278431784e-06
2249,1.5098953532886003e-06
6113,1.5091253059497118e-06
5908,1.5041471964436666e-06
7282,1.493042863988331e-06
781,1.4918699254210428e-06
1538,1.4903053540651746e-06
3503,1.4812642107585126e-06
1492,1.468918357703242e-06
5381,1.4669905150819226e-06
479,1.4537906985107283e-06
1102,1.4492838097931238e-06
5155,1.4396743826807947e-06
2479,1.4382480927353957e-06
5390,1.4357913225490583e-06
4607,1.4338871215707798e-06
2973,1.4213030266571182e-06
2899,1.4081171769917718e-06
1006,1.407712121408925e-06
562,1.392268015318227e-06
4099,1.3878702065592156e-06
1744,1.3868801476898409e-06
3804,1.383458577232922e-06
3826,1.3828021297428535e-06
5159,1.3725545881249179e-06
6349,1.3604005055367054e-06
181,1.35409970286459e-06
3772,1.3499391016441299e-06
606,1.3438195553570632e-06
616,1.3308773214741314e-06
4027,1.3296501350885787e-06
5073,1.3157567347388685e-06
3550,1.3112018385601303e-06
2228,1.3103702537118268e-06
874,1.2906974695234776e-06
5743,1.2658948938053113e-06
3906,1.2654935503840791e-06
6256,1.2639083860303952e-06
832,1.2637833974615157e-06
6176,1.2606215636691995e-06
3541,1.2574254374974655e-06
5570,1.248464459140754e-06
1573,1.2384880055590139e-06
4900,1.2383169965880781e-06
6421,1.2334948772388454e-06
1474,1.2333768187637612e-06
1563,1.1859905490411381e-06
5304,1.1786807646914645e-06
3892,1.1666838120410452e-06
2340,1.165684495932315e-06
556,1.1652158778564953e-06
5614,1.1601221939107593e-06
6628,1.1592629646131377e-06
6542,1.1558449984254064e-06
2650,1.1498171195673415e-06
2689,1.1485422633243024e-06
954,1.143452773401819e-06
4884,1.1417399878113901e-06
384,1.1361287652371083e-06
1685,1.1144483525532634e-06
4630,1.114085486207758e-06
1598,1.1046186428224737e-06
2712,1.1044595182903257e-06
3199,1.0911736475239812e-06
5569,1.0835525686342832e-06
3527,1.0833518345825419e-06
5857,1.0810696983617395e-06
4637,1.0787259516794968e-06
5311,1.0743311263508178e-06
1964,1.0658587804805453e-06
21,1.0657454780945948e-06
3264,1.065691666101191e-06
4311,1.0567015222125248e-06
2652,1.0450930065150756e-06
1637,1.0344842068869867e-06
221,1.0335517932932541e-06
3946,1.0314941451233496e-06
1647,9.968886120487062e-07
2992,9.901145723153063e-07
5302,9.881772457611754e-07
2192,9.755981778180444e-07
835,9.697079583883382e-07
1802,9.651950755944582e-07
6000,9.538183678949624e-07
1615,9.492341772048121e-07
42,9.481379020199554e-07
6711,9.426925665896871e-07
6219,9.18956033526794e-07
1534,9.140028875647654e-07
6469,9.109920819798112e-07
1883,9.054049969743318e-07
5101,9.019780704239795e-07
4997,8.999344726280205e-07
5783,8.979695517266525e-07
5706,8.927332736143005e-07
4381,8.895184494137601e-07
1782,8.886060346757113e-07
5615,8.885720363595161e-07
3047,8.649806056936464e-07
4633,8.646241157224548e-07
5536,8.566454025476974e-07
6819,8.564433776293344e-07
4987,8.514178199189988e-07
126,8.470847223231459e-07
7266,8.353253611432579e-07
4695,8.335732324187003e-07
2278,8.319190304045165e-07
2454,8.216503933377994e-07
2050,8.161502031296162e-07
6808,8.069075010384886e-07
6706,8.032690008431196e-07
1661,7.828858335280824e-07
6130,7.643544174236254e-07
6372,7.469095925576024e-07
3287,7.46905081853733e-07
7099,7.272945667193259e-07
56,7.157476258212433e-07
942,7.100618947066748e-07
464,7.027533541200764e-07
5272,7.001136203336116e-07
3668,6.982796013379478e-07
4761,6.97918123312114e-07
5670,6.897650631022027e-07
4393,6.733880361267867e-07
274,6.730097959033843e-07
5289,6.668492754648617e-07
2365,6.629145749433333e-07
6417,6.503701079397198e-07
725,6.503595912277153e-07
5504,6.434340508911933e-07
1763,6.340035484094031e-07
6362,6.330822299067048e-07
6845,6.29182501620732e-07
1151,6.252333215520755e-07
1825,6.131919094039347e-07
3771,6.125877863793907e-07
1018,5.985325525815036e-07
2816,5.830742149173891e-07
5499,5.828426023414397e-07
5750,5.583353449614219e-07
5277,5.558841544732739e-07
840,5.52213288656007e-07
214,5.475868736136939e-07
2134,5.375452171134636e-07
1113,5.293945233746519e-07
4933,5.252520590038375e-07
598,5.240453742509405e-07
6853,5.216382454424133e-07
2056,5.06517338433168e-07
1283,5.057746589708944e-07
3930,5.048772058501959e-07
6901,4.989424534169008e-07
4316,4.848623018199143e-07
167,4.805202883330484e-07
2483,4.763630021371009e-07
4658,4.6490627414379817e-07
5214,4.601771989960495e-07
7240,4.560684545628445e-07
5133,4.533857005221534e-07
4143,4.3316084942527174e-07
5106,4.2559551101589475e-07
1540,4.1050998909047106e-07
1734,4.0840908612746587e-07
2293,3.9909757854519013e-07
4066,3.933780611090482e-07
6782,3.895222163393809e-07
5216,3.851476992613583e-07
1891,3.8211040312266155e-07
3867,3.732682147055361e-07
2109,3.6331902112844857e-07
5674,3.6249117860620533e-07
2676,3.5957038064732337e-07
4959,3.579898882160496e-07
5030,3.5491488105536977e-07
5016,3.5361447602681514e-07
2151,3.5335052991210984e-07
677,3.5286166948326275e-07
317,3.5156807468854267e-07
760,3.476156349791504e-07
2042,3.4629522854314995e-07
2315,3.4578366097117987e-07
3592,3.4388918030096683e-07
5279,3.3780470445561694e-07
372,3.3676566508902e-07
5789,3.3324121199073255e-07
7148,3.227523483860644e-07
3770,3.2129826413410443e-07
909,3.1567652505479623e-07
311,3.1415045553154827e-07
7012,3.098381199470278e-07
4809,3.086742148659103e-07
1505,3.0847757207231406e-07
5044,3.0513850758942283e-07
4730,3.0357877189713464e-07
2113,3.021044620678937e-07
2648,2.9971960007509584e-07
2311,2.948822006748957e-07
805,2.9111265759901145e-07
7316,2.910102729122649e-07
1394,2.8818480692819807e-07
2813,2.8515776786301153e-07
4198,2.850415732686702e-07
4526,2.805582850885203e-07
52,2.76077703486197e-07
4776,2.7347823985445545e-07
2112,2.727237417911666e-07
1101,2.516367819420794e-07
860,2.4903609228373007e-07
3173,2.46364391579193e-07
6006,2.4399569617038954e-07
547,2.4281055769859074e-07
6630,2.405681220445529e-07
3700,2.3924129779244184e-07
5397,2.2843211871520425e-07
3834,2.2302860277140295e-07
2517,2.1583792722807657e-07
6562,2.1336439110338224e-07
5861,2.1311028471763734e-07
6390,2.1102798937340266e-07
210,1.9907662897265164e-07
3385,1.9624182762269794e-07
3614,1.962386614321979e-07
55,1.9620256155766947e-07
4390,1.9422502290941447e-07
4905,1.9336007919748364e-07
5881,1.9055043250765874e-07
2635,1.8651250677806907e-07
4784,1.8601144429544555e-07
6579,1.8539517892897882e-07
3688,1.8466922985498993e-07
2571,1.8374933925726527e-07
2008,1.8127483244459964e-07
2941,1.743845578347363e-07
106,1.7427936868942858e-07
6971,1.7413110126076177e-07
1187,1.7365943874303462e-07
939,1.7341252748592517e-07
187,1.719325196024025e-07
6864,1.7109412895675415e-07
3556,1.656211623142281e-07
1327,1.619359873123243e-07
971,1.588026395913959e-07
6713,1.5749782935311434e-07
1202,1.553948261470204e-07
568,1.5518243114808856e-07
4080,1.5473187669039253e-07
3447,1.545154090663449e-07
4078,1.4845997518928125e-07
3326,1.4750624032703203e-07
3933,1.4288886307281197e-07
2456,1.34015391984725e-07
5104,1.3146541709192478e-07
429,1.295674578101937e-07
5129,1.283187648432372e-07
198,1.243417821466771e-07
6715,1.2379670537517844e-07
2357,1.1957802546481457e-07
1933,1.1698956500223781e-07
6703,1.1377138739645112e-07
462,1.062344239738994e-07
3477,1.044576286088853e-07
1233,1.0312578672457403e-07
6610,1.0199266906951869e-07
2535,9.839558259987502e-08
296,9.752642587325053e-08
5862,9.673310770325366e-08
5204,9.647922315812039e-08
4578,9.40593514149306e-08
505,9.222197459105992e-08
2326,8.525121126939945e-08
2363,8.517096824409547e-08
2243,8.428409269052944e-08
6720,8.424594297038642e-08
1500,8.373294861698961e-08
3014,8.048821820686839e-08
7,7.940186610562693e-08
5636,7.74071138518228e-08
65,7.307337350962223e-08
3155,7.271103278437156e-08
2133,7.127083999964879e-08
6544,7.108288507823348e-08
89,6.69026545919176e-08
1871,6.629470977434627e-08
434,6.174157990327325e-08
2299,6.120275650261115e-08
1485,5.626821122118481e-08
6031,5.537216143712072e-08
5462,5.50042828133511e-08
1749,5.386579825869547e-08
6714,5.1750424398264634e-08
1334,5.065425804882078e-08
2064,5.0121868663851175e-08
4154,4.753104794636524e-08
6131,4.634003761716768e-08
6312,4.172899285665021e-08
544,4.0670318822676424e-08
339,4.03812751817132e-08
7215,3.9808137295667176e-08
5243,3.9739709680233175e-08
2328,3.884742764171803e-08
283,3.7900536840077014e-08
765,3.559655160845105e-08
4774,3.3762113960708145e-08
304,3.2937548303114064e-08
6675,3.2553459218219514e-08
252,3.248464214293168e-08
1591,3.2329407886738734e-08
4805,3.1791241001074115e-08
1905,3.099281528752781e-08
394,2.907239428626476e-08
7104,2.6706555428285103e-08
4145,2.440793691757293e-08
3658,2.2246551564712353e-08
319,2.180827689681504e-08
4873,2.1568698456376186e-08
1366,1.9267606056034265e-08
3797,1.613819304845343e-08
5994,1.4447245568369158e-08
1939,1.325763154862495e-08
1895,1.2608221861275122e-08
4105,1.2135291705787063e-08
2369,1.0952460448781975e-08
3068,1.0170698088892859e-08
87,9.979074648306908e-09
2587,9.855979170940497e-09
333,9.176291080258629e-09
1697,9.074982899376124e-09
1510,8.722547045192696e-09
587,8.162615298582029e-09
938,7.939267754474596e-09
3678,7.883766870440277e-09
4182,6.343906702472446e-09
1152,6.309043387028804e-09
203,5.835794794427299e-09
4355,5.598434922952224e-09
6664,5.579274207201681e-09
1887,5.264148880326742e-09
3405,4.501248645562821e-09
6656,4.39361512135268e-09
6672,3.1375566326275683e-09
3463,2.754447738267512e-09
1235,2.7531013706278855e-09
3164,2.488469407046614e-09
1460,2.1421923353390053e-09
5950,1.5681478910508109e-09
4971,1.5511463614550825e-09
5558,1.29763307064939e-09
5837,1.2200008007332987e-09
731,1.1752055777185609e-09
2231,1.0404751649118376e-09
3146,1.0167344337813023e-09
2308,4.3348175575154373e-10
1174,0.0
31,0.0
1223,0.0
1216,0.0
1169,0.0
4,0.0
102,0.0
1262,0.0
34,0.0
1194,0.0
7312,0.0
1247,0.0
7336,0.0
1245,0.0
3,0.0
1241,0.0
1211,0.0
6868,0.0
6869,0.0
1210,0.0
64,0.0
1242,0.0
1117,0.0
1305,0.0
1303,0.0
94,0.0
30,0.0
72,0.0
1231,0.0
78,0.0
14,0.0
76,0.0
6882,0.0
1147,0.0
1190,0.0
9,0.0
37,0.0
49,0.0
8,0.0
1184,0.0
71,0.0
28,0.0
6865,0.0
6886,0.0
1203,0.0
1158,0.0
1128,0.0
1165,0.0
91,0.0
38,0.0
1137,0.0
6875,0.0
35,0.0
26,0.0
1192,0.0
968,0.0
7287,0.0
7132,0.0
817,0.0
7004,0.0
811,0.0
808,0.0
506,0.0
511,0.0
783,0.0
7119,0.0
516,0.0
517,0.0
7114,0.0
7011,0.0
774,0.0
773,0.0
531,0.0
762,0.0
7109,0.0
828,0.0
831,0.0
877,0.0
497,0.0
439,0.0
7161,0.0
457,0.0
469,0.0
472,0.0
6986,0.0
859,0.0
6990,0.0
7145,0.0
855,0.0
7144,0.0
483,0.0
484,0.0
848,0.0
488,0.0
494,0.0
495,0.0
7108,0.0
534,0.0
537,0.0
539,0.0
599,0.0
612,0.0
706,0.0
703,0.0
7072,0.0
693,0.0
7071,0.0
626,0.0
627,0.0
685,0.0
673,0.0
662,0.0
660,0.0
654,0.0
1310,0.0
643,0.0
645,0.0
710,0.0
711,0.0
7080,0.0
569,0.0
543,0.0
7023,0.0
7095,0.0
742,0.0
7094,0.0
740,0.0
566,0.0
577,0.0
716,0.0
7028,0.0
7030,0.0
732,0.0
729,0.0
728,0.0
718,0.0
591,0.0
7166,0.0
879,0.0
104,0.0
151,0.0
1049,0.0
163,0.0
7255,0.0
7254,0.0
166,0.0
1038,0.0
171,0.0
178,0.0
6921,0.0
1021,0.0
183,0.0
7239,0.0
202,0.0
1020,0.0
7234,0.0
1013,0.0
211,0.0
156,0.0
1076,0.0
887,0.0
7262,0.0
6897,0.0
1106,0.0
110,0.0
1104,0.0
123,0.0
7275,0.0
127,0.0
6904,0.0
129,0.0
1096,0.0
134,0.0
7268,0.0
7267,0.0
144,0.0
1090,0.0
145,0.0
146,0.0
1001,0.0
979,0.0
217,0.0
978,0.0
6959,0.0
6960,0.0
322,0.0
929,0.0
927,0.0
350,0.0
353,0.0
360,0.0
365,0.0
6968,0.0
911,0.0
366,0.0
7179,0.0
379,0.0
892,0.0
396,0.0
407,0.0
931,0.0
936,0.0
316,0.0
648,0.0
6936,0.0
222,0.0
239,0.0
244,0.0
246,0.0
247,0.0
258,0.0
6944,0.0
314,0.0
957,0.0
282,0.0
7207,0.0
285,0.0
6949,0.0
298,0.0
948,0.0
7064,0.0
5478,0.0
6826,0.0
4583,0.0
4271,0.0
4260,0.0
4252,0.0
4232,0.0
4221,0.0
4218,0.0
4206,0.0
5898,0.0
4169,0.0
4167,0.0
4164,0.0
4162,0.0
5911,0.0
4147,0.0
5916,0.0
4136,0.0
4129,0.0
4127,0.0
4121,0.0
4110,0.0
4108,0.0
4106,0.0
4095,0.0
4094,0.0
4082,0.0
5936,0.0
4070,0.0
4069,0.0
4068,0.0
4289,0.0
4305,0.0
4313,0.0
4496,0.0
4579,0.0
4577,0.0
5795,0.0
4566,0.0
4548,0.0
4545,0.0
4536,0.0
4524,0.0
4503,0.0
5809,0.0
4498,0.0
4497,0.0
5813,0.0
4482,0.0
4328,0.0
4471,0.0
4470,0.0
4461,0.0
5825,0.0
4442,0.0
4434,0.0
4433,0.0
4425,0.0
4380,0.0
4368,0.0
5853,0.0
5855,0.0
4347,0.0
4059,0.0
4055,0.0
4052,0.0
3714,0.0
3841,0.0
6032,0.0
3815,0.0
3805,0.0
3778,0.0
6044,0.0
3769,0.0
3762,0.0
3761,0.0
3745,0.0
3724,0.0
3719,0.0
6063,0.0
3707,0.0
6020,0.0
3701,0.0
3697,0.0
3691,0.0
3686,0.0
6075,0.0
6077,0.0
3682,0.0
3677,0.0
3674,0.0
3664,0.0
6094,0.0
3619,0.0
6099,0.0
3850,0.0
3853,0.0
5952,0.0
3979,0.0
4049,0.0
5954,0.0
4033,0.0
4031,0.0
4024,0.0
4021,0.0
5964,0.0
4005,0.0
3999,0.0
3998,0.0
5969,0.0
3990,0.0
3988,0.0
3969,0.0
3854,0.0
3965,0.0
5979,0.0
3955,0.0
5984,0.0
3952,0.0
3945,0.0
3914,0.0
3904,0.0
6004,0.0
3876,0.0
3874,0.0
3871,0.0
3855,0.0
4582,0.0
4608,0.0
1326,0.0
4622,0.0
5195,0.0
5561,0.0
5193,0.0
5571,0.0
5572,0.0
5166,0.0
5157,0.0
5147,0.0
5135,0.0
5585,0.0
5131,0.0
5592,0.0
5112,0.0
5599,0.0
5600,0.0
5097,0.0
5602,0.0
5088,0.0
5078,0.0
5076,0.0
5057,0.0
5048,0.0
5042,0.0
5035,0.0
5031,0.0
5027,0.0
5025,0.0
5637,0.0
5017,0.0
5215,0.0
5224,0.0
5549,0.0
5367,0.0
5469,0.0
5465,0.0
5464,0.0
5459,0.0
5433,0.0
5420,0.0
5414,0.0
5402,0.0
5493,0.0
5394,0.0
5393,0.0
5380,0.0
5370,0.0
5365,0.0
5547,0.0
5358,0.0
5352,0.0
5320,0.0
5318,0.0
5299,0.0
5292,0.0
5274,0.0
5268,0.0
5251,0.0
5247,0.0
5540,0.0
5242,0.0
5231,0.0
4991,0.0
5647,0.0
4984,0.0
5749,0.0
4746,0.0
5725,0.0
5728,0.0
4737,0.0
4727,0.0
5733,0.0
5734,0.0
4715,0.0
5740,0.0
4702,0.0
4698,0.0
4690,0.0
4688,0.0
4683,0.0
5721,0.0
4660,0.0
5757,0.0
4655,0.0
5762,0.0
4648,0.0
4646,0.0
4639,0.0
4634,0.0
5770,0.0
5773,0.0
4628,0.0
4623,0.0
5777,0.0
4751,0.0
4771,0.0
4983,0.0
5677,0.0
4976,0.0
4967,0.0
4943,0.0
4937,0.0
5661,0.0
5662,0.0
5663,0.0
5664,0.0
4920,0.0
4919,0.0
4903,0.0
5672,0.0
5675,0.0
4899,0.0
5715,0.0
4887,0.0
5682,0.0
4879,0.0
4861,0.0
5691,0.0
4860,0.0
4849,0.0
4815,0.0
4811,0.0
5703,0.0
4794,0.0
4792,0.0
4779,0.0
3610,0.0
3595,0.0
3590,0.0
3589,0.0
6558,0.0
2009,0.0
2001,0.0
6566,0.0
6571,0.0
1957,0.0
1945,0.0
6584,0.0
1938,0.0
1932,0.0
1918,0.0
1916,0.0
1915,0.0
1889,0.0
1863,0.0
1858,0.0
1854,0.0
6620,0.0
1826,0.0
1814,0.0
6636,0.0
1798,0.0
1774,0.0
6642,0.0
1766,0.0
1765,0.0
6647,0.0
1761,0.0
1756,0.0
2012,0.0
2013,0.0
2023,0.0
6501,0.0
6465,0.0
2292,0.0
6470,0.0
2290,0.0
2280,0.0
2277,0.0
6478,0.0
2268,0.0
2253,0.0
2245,0.0
2220,0.0
2218,0.0
2187,0.0
2160,0.0
2025,0.0
2153,0.0
2138,0.0
6518,0.0
2121,0.0
2115,0.0
6527,0.0
2103,0.0
2102,0.0
2100,0.0
2077,0.0
2068,0.0
6543,0.0
6547,0.0
1755,0.0
1739,0.0
1737,0.0
1454,0.0
1543,0.0
6742,0.0
6746,0.0
1539,0.0
1529,0.0
1525,0.0
1520,0.0
1517,0.0
1515,0.0
1498,0.0
6767,0.0
1468,0.0
6776,0.0
6783,0.0
6738,0.0
1438,0.0
1432,0.0
1426,0.0
1419,0.0
1418,0.0
1412,0.0
1402,0.0
1399,0.0
1385,0.0
1377,0.0
1376,0.0
1356,0.0
1354,0.0
1545,0.0
6736,0.0
6663,0.0
1631,0.0
1710,0.0
1707,0.0
1700,0.0
1692,0.0
1690,0.0
6682,0.0
1666,0.0
6686,0.0
6688,0.0
6689,0.0
1639,0.0
1634,0.0
1633,0.0
1626,0.0
1557,0.0
1622,0.0
1619,0.0
6704,0.0
1611,0.0
1603,0.0
1602,0.0
1590,0.0
1589,0.0
1581,0.0
1574,0.0
1569,0.0
6731,0.0
6732,0.0
6464,0.0
2309,0.0
2316,0.0
6220,0.0
3334,0.0
3323,0.0
6183,0.0
3282,0.0
6188,0.0
3274,0.0
3273,0.0
3272,0.0
6201,0.0
3212,0.0
3197,0.0
3190,0.0
6210,0.0
3137,0.0
3340,0.0
6223,0.0
3122,0.0
6226,0.0
6227,0.0
3118,0.0
3116,0.0
3111,0.0
3100,0.0
3065,0.0
3055,0.0
3038,0.0
3026,0.0
6253,0.0
3335,0.0
6175,0.0
3005,0.0
6139,0.0
3586,0.0
3572,0.0
3561,0.0
6120,0.0
3524,0.0
6124,0.0
3514,0.0
3508,0.0
6129,0.0
3498,0.0
3496,0.0
3480,0.0
6137,0.0
6146,0.0
3366,0.0
6149,0.0
6151,0.0
6152,0.0
3436,0.0
3432,0.0
3415,0.0
3410,0.0
3401,0.0
3382,0.0
3380,0.0
3379,0.0
6171,0.0
6172,0.0
3015,0.0
6261,0.0
2318,0.0
2468,0.0
2633,0.0
2622,0.0
2611,0.0
2602,0.0
2579,0.0
6370,0.0
2545,0.0
6380,0.0
2521,0.0
6386,0.0
2496,0.0
6397,0.0
2481,0.0
2465,0.0
2637,0.0
2444,0.0
6414,0.0
2440,0.0
2415,0.0
2395,0.0
6430,0.0
2389,0.0
2380,0.0
6436,0.0
2373,0.0
2355,0.0
6446,0.0
2339,0.0
2636,0.0
6347,0.0
2996,0.0
2803,0.0
2977,0.0
2976,0.0
2957,0.0
2951,0.0
2942,0.0
6281,0.0
2918,0.0
2897,0.0
2877,0.0
6291,0.0
2847,0.0
2834,0.0
2812,0.0
2797,0.0
2657,0.0
2777,0.0
2770,0.0
2765,0.0
2750,0.0
2742,0.0
2732,0.0
2719,0.0
2710,0.0
2706,0.0
6329,0.0
2699,0.0
6333,0.0
2672,0.0
2463,0.0
