feature_index,mean_importance
4346,0.001664888529145551
2775,0.0016247721059377558
1860,0.0015722738407870356
6192,0.0014188629561319654
2376,0.0013997946335862722
270,0.0013818226144583809
7248,0.0013219485949952032
5726,0.0012120813683715057
3874,0.0011943351195845616
828,0.0010828802705077285
1019,0.001080939264377608
6226,0.0010785761806487828
826,0.0010749285109370895
6326,0.00106391308994903
7192,0.0010499185250916496
3452,0.0010231781365408043
6811,0.0010138187997747064
7024,0.001013189977224998
7086,0.0010081163111219564
862,0.0010059043635585081
3527,0.0009873171461722786
4904,0.0009833579279763856
4764,0.0009632896874065509
4320,0.0009623322117754494
4673,0.0009584307099813488
6446,0.0009402910406710747
2325,0.0009131131158518515
403,0.0009131085068966223
4434,0.0009118769487180403
1498,0.000901040775620394
359,0.00088198985925276
2813,0.000880850434535464
951,0.0008780063885865052
5971,0.000854380454799816
3005,0.0008449007071375499
382,0.0008445535118670633
6284,0.0008432879264171072
432,0.0008397607162227383
3109,0.0008323866085097969
3569,0.0008320284689775978
412,0.0008271407073520014
5756,0.0008167191925398033
1846,0.0008134210227153067
5119,0.0008004651863458786
6898,0.0008000200669225038
1440,0.0007927681563568962
1311,0.0007891780801737806
5317,0.0007880719214571806
2086,0.0007833112367303995
91,0.0007789251939263312
6953,0.0007715729559771107
6220,0.0007687763145871544
4790,0.0007680391439923396
1964,0.0007671441831729804
5755,0.0007634965339628342
2076,0.0007627638611523858
5019,0.0007621851089470791
3303,0.000759376094518249
54,0.0007584779556750422
414,0.0007541825289969417
510,0.0007474148925679597
5407,0.0007376085255219179
1879,0.0007364445808169736
6748,0.0007347581149090216
6972,0.0007346679337540195
5577,0.0007342740540294044
1954,0.0007333943493956237
5817,0.0007332240378015503
4343,0.000731345567950742
260,0.0007252490553690165
952,0.0007242582725879275
399,0.0007213408887971226
2737,0.000713834314901014
5979,0.0007122947195366248
5365,0.0007072283337808916
5364,0.0007008192917443472
6640,0.0006997279975612708
2697,0.0006963835049429435
302,0.0006960939723977949
2113,0.0006902452873711009
3838,0.0006902450207990011
1780,0.0006816760908369435
915,0.0006763595374136414
261,0.0006696651972758266
4284,0.0006694147638559988
1049,0.0006622171205743847
569,0.0006585850879233496
455,0.0006547618454813338
1032,0.000651564493016384
4899,0.0006506853734091036
2761,0.0006493688052277638
5716,0.0006462147825089613
708,0.000644776759449705
2641,0.00064445661344012
3369,0.0006410995664461657
6188,0.0006400427548452656
3654,0.000637175919340697
5158,0.0006341903650068952
7276,0.0006339952991942856
6854,0.0006327476825127525
6785,0.0006309288280752137
6705,0.0006230613160204351
5684,0.0006215344854283497
2197,0.0006208541250466653
5053,0.0006208213298179199
1026,0.0006175566166295067
4530,0.0006137285762271801
1533,0.0006137150057955569
1662,0.0006114750962484411
1448,0.0006107669077607254
2622,0.0006100460239319292
7263,0.0006086752770845464
1559,0.0006055350138371767
3561,0.0006045846922402816
220,0.0006041051295245817
7013,0.000603310798940636
4471,0.0006032053590380773
6364,0.0006022081023770689
644,0.0006022053935448345
6652,0.0006015240842962332
1305,0.0006013940868508712
3999,0.0005994724114328915
6734,0.0005979143148549766
6276,0.0005973047952109521
3484,0.0005971693290016537
2370,0.00059691063802893
6782,0.0005968115190530713
5758,0.00059568919170265
1146,0.0005944548476172353
1537,0.0005944389472469944
6041,0.0005907004154272821
6059,0.0005905633656370663
2909,0.0005898860133039859
697,0.0005886216538708482
6297,0.0005877009729479976
4494,0.0005841100220404045
1660,0.0005840484063617489
2577,0.0005838823124580011
3581,0.0005815622454654637
5538,0.0005798636796705293
3247,0.0005798121443103899
5834,0.0005786996723109872
5826,0.000577537704761639
824,0.0005770983864155362
3773,0.0005751573401548817
4186,0.0005745192594980631
6128,0.0005738249294993553
3761,0.0005737087024764756
7195,0.000573458857741293
3748,0.0005729679741288846
235,0.0005725926511937953
6679,0.0005699695120291227
5475,0.000568705663295513
501,0.0005679738559025911
2055,0.0005673805502872402
6039,0.0005657232737174703
4114,0.0005648615203793253
519,0.000564250362036208
2173,0.0005633061591416421
6777,0.0005605925813759912
6124,0.00056029635140687
4116,0.0005595169504006995
4710,0.0005593585306535279
4290,0.0005578182161138117
1617,0.0005574473081014854
924,0.0005571606786888156
5146,0.0005550411096023947
3815,0.0005524482081955137
1932,0.00055084723908506
285,0.0005503070592628015
6389,0.0005494795734849973
3974,0.0005484041019743608
1463,0.0005480349717647402
3690,0.0005469761460199306
81,0.0005465885059910397
483,0.0005463165245465697
666,0.0005460419920015956
4462,0.0005442964568352646
4159,0.0005435107636446356
4724,0.0005400661647704272
2659,0.0005388941980459562
2233,0.0005385343246429647
6097,0.0005380287713944694
4336,0.0005374105803251483
1638,0.0005372048111599181
5982,0.0005371716063254898
3555,0.0005362322061881796
857,0.0005360492442013365
1634,0.0005358367586036519
6112,0.0005350062101027033
1661,0.000534011744850268
5215,0.0005338469615520801
2527,0.0005330398743195404
555,0.0005328435196613999
310,0.0005326886196591392
16,0.0005326394171607426
5490,0.000532616818328961
5065,0.0005321835773118198
6947,0.0005315820015242811
813,0.000531550094419915
2477,0.000531433646866577
6863,0.0005314098184143346
5332,0.0005308127246567879
3472,0.0005298560522562428
6670,0.0005289987380232762
3190,0.0005281782517450922
7139,0.0005272546673866855
2900,0.0005269456388607795
6843,0.0005259015570442305
4939,0.000525149225912
6414,0.0005244082997389231
2248,0.0005239906884429346
3725,0.0005239361862509037
6243,0.0005226288256397195
5440,0.000522411266712861
6520,0.0005220539534108424
4749,0.0005218203406365116
6533,0.0005215161430595905
375,0.0005212806853176704
6894,0.000520316722980944
7007,0.0005188362712223791
1935,0.0005174445509325452
6020,0.0005173510876396784
1418,0.0005173147986496456
1277,0.0005167998386624118
5424,0.0005156314496642506
2096,0.0005155779216065081
5714,0.0005133698022379405
5988,0.000513017076061371
5406,0.0005117932134062575
2894,0.0005114916741297979
5791,0.0005108365669709597
6986,0.0005106399187635864
6064,0.0005104492709519338
12,0.0005096099156960054
6253,0.0005095775577179789
2419,0.0005085070247108632
5862,0.000508093849819456
4867,0.00050467194801491
2545,0.0005041962878248603
1038,0.0005035332147552675
6632,0.0005026192641665733
6322,0.0005011608730211356
4411,0.0005003795059048794
124,0.000497309449314591
5885,0.0004972534442122267
2046,0.0004958732017821478
6120,0.0004949104319820225
7093,0.0004942409181738296
3098,0.0004942216373802113
2198,0.0004934183680265494
5278,0.0004929622094463192
3336,0.0004926255559843796
4038,0.0004921911300130563
3114,0.0004910795352219557
1050,0.0004900012029330789
6887,0.0004885525304641977
5744,0.0004876004766251157
4736,0.00048609454990776745
5763,0.00048591142245284674
2203,0.00048568063353896554
6483,0.00048493921163382547
6578,0.0004842637465687569
5083,0.00048380145889824494
6677,0.000483543866300984
2499,0.00048320510328995353
4903,0.0004831961652445695
2266,0.0004822199873142321
2597,0.00048193313882138075
4663,0.0004813342982122868
62,0.00048120263998430206
3013,0.0004799662897501724
4054,0.0004799258326916334
3436,0.0004787408676769879
4080,0.00047864716547088397
3103,0.00047834975330278764
4889,0.0004777803338935379
5673,0.00047726913492809544
1354,0.00047578264926150725
2372,0.0004757791291482774
3142,0.0004755530588932698
398,0.00047550587567086024
5240,0.00047547178465273985
3157,0.00047485872230149865
5308,0.00047441558317587294
4927,0.00047432126402400794
4402,0.0004740275049964006
6359,0.0004716530749244416
989,0.00047141416675620295
5018,0.00047116256139345246
1642,0.0004706398571848842
2029,0.0004705591378343192
562,0.0004702438889573804
5112,0.00047020250315332453
7193,0.00046996155126035786
5274,0.0004693699377221975
7036,0.00046917321126045214
4404,0.0004680451505734454
4551,0.00046722291926954936
731,0.00046506217123132185
1514,0.0004643702201654199
6683,0.00046241947825506987
3713,0.0004618995642867183
5938,0.00046136094982487133
1083,0.0004611227916580741
2018,0.00046022679296289207
5769,0.0004597147416858824
2564,0.0004593544013782473
1767,0.00045876499081259014
1275,0.0004585561905262832
787,0.0004584210391241944
5113,0.0004582353749584509
1294,0.0004578655648418689
4020,0.0004578623748752956
4096,0.0004568662361467431
21,0.0004562547681563002
4241,0.00045514125457835183
5062,0.0004551265713178559
6946,0.00045419042849738703
312,0.0004538712970430579
2123,0.0004530112768983154
4626,0.00045264835889448736
104,0.0004524163629426187
1154,0.00045229042188782485
6408,0.0004522392397150613
5300,0.00045110717194315754
4540,0.0004503003892204613
603,0.0004502915471860776
4628,0.00045023718139753483
600,0.0004494985780061099
2299,0.00044879789555482086
6264,0.00044874171431931193
4376,0.0004483306454513455
5740,0.0004482521781381076
892,0.0004478692675186201
2272,0.0004474502390823539
1825,0.00044712847341299796
6678,0.0004471065946554932
4928,0.00044636302256331463
3762,0.0004459816720597935
2480,0.00044578217765572784
2538,0.0004455867959043069
4585,0.00044465211524097033
5476,0.00044444553256697714
583,0.00044333780180667035
5725,0.00044239004928072243
376,0.00044237276542681976
5907,0.00044221410815700713
4040,0.00044193914095449127
5362,0.0004410819747354498
4027,0.00044096252930151986
6648,0.00044063688063942575
5127,0.00044033090361809263
366,0.0004402599957310735
5423,0.00044014503120089833
7060,0.00043991231534075057
5998,0.00043960190098832835
5248,0.0004395739321684108
4073,0.00043946016025437273
948,0.000439142015163688
6113,0.0004377185313551668
3446,0.00043739912870965284
1889,0.0004373979046678694
4920,0.00043700943343373614
964,0.00043683945599728194
6901,0.0004365338809766832
1400,0.00043622167467614116
115,0.00043529881893667133
3592,0.00043480897461369163
2186,0.0004333860153714426
402,0.0004331858872426341
7320,0.0004331629435626301
6736,0.0004330785478609669
3499,0.0004330090114841863
6475,0.00043288323754295244
3833,0.0004321329398881235
606,0.00043087388268405873
5189,0.00043049052920078384
6740,0.0004299635039305368
4711,0.0004298542665796295
5748,0.0004286663900680968
6869,0.0004284661074672427
15,0.00042816894833024754
7232,0.00042795109255806954
66,0.00042776630410000483
1645,0.00042767085326257995
4771,0.0004272966969813554
2865,0.0004270009191672258
1724,0.0004268746829460061
5589,0.00042627455760255075
3393,0.0004260790224625854
2845,0.00042515846994621684
4460,0.0004243255060970627
1728,0.00042393234038172234
593,0.00042381182994587696
3467,0.0004230309673398132
5531,0.0004219939441648743
897,0.0004218910981625613
6834,0.0004217596946101254
7067,0.0004217008094373975
3719,0.00042153723457172417
5935,0.00042139230867942965
1343,0.0004212771206622982
6287,0.0004183429310261233
3943,0.0004183180392941575
2843,0.0004181800846958134
2276,0.0004181482908399766
5321,0.00041788455880057665
7305,0.0004176806732867885
3552,0.0004164290274610369
3375,0.0004155725065332056
1701,0.0004154115810059219
5819,0.00041526236895473266
6804,0.0004150920610074255
3782,0.00041469119116633056
2042,0.0004142548576579817
1548,0.00041417866284133175
2040,0.00041415326817890834
2249,0.00041393658482891945
6394,0.000413430199445143
4246,0.0004130971456519556
189,0.0004124016668788558
1365,0.00041230210120536773
6146,0.0004122635505061508
1141,0.0004121860599019946
4195,0.0004112074227072205
4639,0.0004103981654245859
5770,0.00041034697495391227
196,0.0004102920682742853
6034,0.0004102132868632172
3954,0.0004091991439247781
5268,0.00040916720826404825
173,0.0004086119721589594
6618,0.00040766086552547097
3193,0.00040765230612872875
1099,0.0004075823754880298
4735,0.0004072407208691326
5806,0.0004067791425664674
4035,0.0004065789984860786
4317,0.0004058934727033715
5030,0.0004055332858109238
318,0.0004048015819019412
305,0.00040476017494293253
3414,0.000404105079916622
6023,0.00040404912591477055
6001,0.00040403942424565393
4426,0.0004035791071959735
1509,0.0004033194760355919
1786,0.0004032314479376707
6857,0.00040309050927897136
2515,0.00040261244485043703
6101,0.0004025069313015484
6350,0.00040164250880785513
6848,0.0004012194877789767
4176,0.0004011545034186747
994,0.00040096085826458333
6235,0.00040093825066976987
6866,0.00040025749455314193
6029,0.0003999628968196062
331,0.0003996917542764663
5505,0.00039961652060574074
472,0.00039910899855659637
5978,0.0003983993365715529
6149,0.0003981863591593802
5394,0.00039799044791243325
2099,0.00039693413739851085
907,0.00039661019956904807
5482,0.0003961840118524902
6789,0.00039595951663297835
6885,0.00039587665803159723
1139,0.0003958192826794426
6200,0.00039533283752242807
4956,0.0003952954131114511
5166,0.00039498507007462285
4733,0.0003946645396790341
7184,0.00039424923746961374
4162,0.0003941981458501511
3541,0.000393783111111239
6404,0.00039357020304247843
2456,0.0003932804909846455
1619,0.0003926410188915097
923,0.00039193269722896396
6285,0.0003918405955019939
1663,0.00039176555065463254
2,0.00039174324341295777
4341,0.00039170935940340283
6035,0.0003913126180716598
3879,0.0003912019358862894
5646,0.0003904187052364928
488,0.00038970285559425204
5337,0.0003896776618374124
390,0.00038955933669277613
5121,0.0003895563750047304
963,0.0003893880107633865
1686,0.00038914873822914185
962,0.00038854850711632794
5092,0.0003885471506173068
1351,0.0003884600150198767
1406,0.0003879576768480595
6915,0.0003876206307692428
5082,0.00038618714657554605
3647,0.00038610172451712015
1182,0.0003858133425526621
5234,0.0003856287432251126
756,0.00038543493242714714
2689,0.00038474511252380877
5208,0.00038398940154117975
6731,0.0003833454440730022
1372,0.0003831660175617291
919,0.0003828103560426309
3716,0.0003820153036360055
7251,0.0003816778741484689
1921,0.0003815325220371375
14,0.0003807052442669281
407,0.00038027058506740104
6490,0.00038004392970360923
6570,0.0003798822972541887
1293,0.00037972291062226535
4177,0.00037922574133897064
5544,0.00037922183931447687
5856,0.0003790223379548639
3529,0.0003788682862878491
5446,0.00037880005565015695
1925,0.0003785126204345623
6398,0.0003780228426289734
6530,0.0003775270364500124
2161,0.00037704745894327307
1507,0.0003770455211949633
6978,0.0003762688029913154
3222,0.0003759974716161885
5928,0.00037580297962285013
2505,0.0003757991858838023
7275,0.00037578669777531195
2992,0.00037499500109560086
6966,0.0003747818213767324
5508,0.0003744660742578957
3536,0.0003744583904789152
5701,0.00037440802805766384
4746,0.00037425854662700227
4838,0.0003742025783653639
4587,0.0003741295170239926
4837,0.00037393469420092914
2389,0.00037313465809683035
4091,0.0003730616932796761
1495,0.00037280363747450884
377,0.00037249148640878025
7105,0.00037231600454470633
140,0.00037202382040294824
3275,0.00037192373225811235
4640,0.00037114313242467674
5506,0.000370951307426678
1225,0.00037045992935125287
6049,0.00037005628636445137
5097,0.00036989178191668273
1302,0.00036946019946673534
3724,0.00036934723967788037
5962,0.0003691333559645451
5542,0.0003690250655161568
3596,0.00036898350217160776
2891,0.0003689655276614642
6365,0.0003684568530683043
286,0.00036802431256127027
2701,0.000367958702917661
4848,0.00036770917791438155
6973,0.00036752044909191863
459,0.0003673182250168747
681,0.0003670714946557372
1156,0.0003668774135397571
3679,0.00036637833497255495
1576,0.00036632736330106323
2129,0.00036617914278080617
3907,0.00036602707792765646
6504,0.0003658765059200956
6451,0.000365183648287232
1851,0.00036517374647270683
664,0.00036513749574570607
1435,0.00036504038423085976
7220,0.00036477937802090215
3164,0.0003641161807898224
6267,0.0003640404340382646
5335,0.00036371506950441906
1280,0.00036221821780062013
6449,0.00036219120043609463
448,0.00036214190282025813
3988,0.000361977938078078
2762,0.00036194743609659774
392,0.0003612474668508453
4873,0.0003610538643580729
2218,0.0003608634030196439
6692,0.0003602117691272866
2531,0.00035986038320583126
3168,0.00035952812121978515
1431,0.0003588118162055705
4652,0.00035866566877979975
2587,0.0003586181631613461
1183,0.00035809319097997335
5743,0.00035803075123146664
1009,0.00035744689629319123
6508,0.00035711646495167345
5858,0.0003568061937627451
27,0.000356695499682374
1790,0.0003565982487162429
4451,0.00035618727386785916
406,0.0003561744266947324
6111,0.00035594549626955223
1189,0.0003554544865055245
5058,0.00035498657775632467
4204,0.00035478916788068466
682,0.00035474244610449537
513,0.00035464975192837423
4106,0.0003540212932259268
3126,0.0003538462650025329
114,0.0003536491170710514
7119,0.00035342704594508944
1075,0.00035342183040913553
3357,0.0003530521782845804
1778,0.0003526788589894648
5663,0.0003525228276560934
655,0.00035247665569146814
694,0.00035247299800212197
2022,0.0003521193041542229
1855,0.00035197701069601526
3443,0.00035182592854438017
397,0.0003518249346836669
1202,0.0003517271371510066
6252,0.0003517003208487321
5141,0.000351657768187024
2537,0.0003514376831408898
2826,0.00035121826558996553
1776,0.00035090090475354825
6963,0.0003507296354886604
7153,0.0003502446404967045
4809,0.0003498387046656108
4271,0.0003497092482596738
3741,0.00034959248066926255
6847,0.00034957029433785287
230,0.00034955386003999664
3179,0.00034937786921490204
2132,0.0003491585916097356
1584,0.00034859787806103455
4222,0.00034854972911180226
4118,0.00034844806755925806
4737,0.0003483725798735337
7313,0.00034814240709950766
6781,0.00034777783147108655
6009,0.00034765893179377743
4417,0.00034721881445239327
2557,0.000347005878554976
6463,0.00034692071287379165
6452,0.0003468275654781266
4045,0.000346634725017159
2997,0.000345771090572176
3736,0.0003457006099635225
5221,0.000345557706822287
5255,0.0003452502510572725
47,0.0003450581671426646
617,0.00034499081097018867
5334,0.00034424770926490863
5601,0.00034404633888523994
5478,0.00034364060915267067
53,0.000342957167158929
6379,0.0003425855932351089
6218,0.00034159510228719487
3045,0.0003415840051884709
4572,0.00034148314931252953
6513,0.0003409730966779506
1397,0.00034081353821376374
4604,0.00033918733355121303
5060,0.0003388401356615826
2846,0.00033861143498011687
4088,0.000337843786815927
615,0.00033780199091946236
4288,0.0003376413997062831
6996,0.00033754103770708925
6676,0.0003375154053648569
7052,0.00033746502467250195
1322,0.0003365215170212518
6065,0.00033647136312425015
361,0.00033640627530768076
6008,0.00033619021019098153
5303,0.00033619007241483486
1627,0.0003360293645202491
1052,0.00033584585735017564
6917,0.0003357477576512575
3637,0.00033488858325949076
5397,0.0003348476940128568
6393,0.00033474208587595334
237,0.0003346341294360299
1177,0.00033443693497576307
1157,0.00033437401807127844
4301,0.0003343426444448095
1090,0.00033429768524940995
1574,0.0003341509197430074
6454,0.0003341220074067827
1592,0.0003335345745335478
3119,0.0003331778286653566
303,0.00033288493331189677
5996,0.00033258588469105277
7175,0.0003321404837868473
726,0.00033159167467409595
6858,0.0003309399000709925
2883,0.00033081526894940255
1639,0.0003307332961062843
2013,0.0003302650560475894
2373,0.0003302101102246014
5816,0.00033007491426204885
4706,0.0003300239789330297
6409,0.0003298684801365624
3659,0.0003298276219006458
5919,0.0003294185376509662
684,0.0003294163914629512
1133,0.00032927685399461394
908,0.00032919739357039734
57,0.0003288500568823584
4388,0.0003288329139980912
3420,0.000328728117788264
2282,0.00032846325145742344
416,0.0003282498271370054
2200,0.0003277636108069804
503,0.0003277444680979624
6768,0.0003277442671094454
3667,0.00032772909848340504
6425,0.0003277246508537379
6936,0.00032751088828754534
0,0.0003270664793608578
566,0.00032693405458381227
2506,0.000326928677038752
5162,0.0003268726841704148
4542,0.0003267497867118227
6817,0.00032619743859008924
5509,0.0003261637581197364
6209,0.0003260081884747829
4578,0.00032580560243506936
3463,0.00032576224746069116
4279,0.00032572542947356274
1801,0.000325655952806923
5318,0.0003256145481877934
1094,0.0003255819087204299
1097,0.00032540776914007996
5344,0.0003254066304174225
4637,0.00032537536037727005
6906,0.00032522172266830264
183,0.0003250119828545732
4016,0.00032473730471493207
213,0.00032464257670814894
5735,0.00032460439771658735
3917,0.00032454395610579084
2684,0.0003245383530813856
2259,0.0003244858182816313
1713,0.00032421058497975
4948,0.00032420150494561194
4393,0.0003240499914946693
293,0.0003238905999417083
855,0.000323584831940658
5705,0.00032348427375037173
3791,0.000323307302790957
4465,0.0003228371291362668
2746,0.00032274233873428297
609,0.0003226793414971913
3588,0.00032238798806500854
1259,0.0003223589546811068
6932,0.0003223576569991198
7083,0.00032233024301041107
6130,0.00032199368173521723
5430,0.0003217287634077462
465,0.0003214991796840205
3584,0.00032125414812229973
3185,0.000321028475868564
868,0.00032048266768330705
4185,0.00032041057939200923
1556,0.0003201961429941031
4994,0.00031983771644034944
5809,0.00031979737925703444
2339,0.00031866578257155615
1679,0.00031866291665227063
2517,0.00031863655241898096
3279,0.00031853603590149544
2044,0.00031820206714104334
7196,0.0003180953912870823
6791,0.00031772143965252595
5108,0.0003177177344186233
2420,0.00031765877027487775
549,0.00031749801653566616
6729,0.0003173752061690416
2003,0.0003172497148847819
4445,0.00031708755668846976
6,0.0003169932281266232
5307,0.0003165745129991212
153,0.00031634562868058225
6647,0.00031629294293647817
2996,0.0003161822070065337
4094,0.0003161053601322436
2655,0.0003160817910684587
3408,0.00031591799603147266
4059,0.00031589872221828176
4089,0.00031583724804769156
7064,0.0003152730066326505
3353,0.0003152319317535061
1527,0.00031505610193842377
4435,0.0003146556455406761
6411,0.00031460755014598444
4602,0.00031460485806053133
6371,0.0003144681240285212
5513,0.0003144033862741549
4361,0.00031437103477077033
4566,0.00031428720824633056
151,0.0003142191091565847
4446,0.00031386771177388696
1352,0.0003136273724810395
876,0.0003135744853961101
5657,0.00031355658650991463
3571,0.0003131294597276482
5226,0.00031280846888483854
2683,0.0003127936132171311
7273,0.00031266582216884174
6027,0.00031254095645256443
370,0.00031247378948486286
864,0.00031242689203890247
5836,0.00031217969714159163
2225,0.000311967139978883
5497,0.00031179354846736174
295,0.0003116120842321748
4307,0.00031156323364795596
4692,0.00031151677287038495
7162,0.00031136758986824816
5779,0.000311126949147118
3752,0.00031093529039143413
4905,0.0003109030860971726
2495,0.00031087208876572634
527,0.0003106625798607963
5210,0.0003106618585147351
601,0.00031061872531411327
3680,0.0003104647448628185
5868,0.0003104164621460844
1505,0.0003102591909464834
247,0.00031021341762533497
3985,0.00031010467268664213
5975,0.00031001959343572274
6259,0.00030999052578212813
535,0.00030997272089377853
1707,0.0003095611343230866
6053,0.0003092120997434272
3304,0.0003091185463314425
7043,0.0003089872646203156
5351,0.00030892182615514037
6022,0.00030844915127414363
6026,0.0003083911798757252
4756,0.0003083682673062099
4503,0.0003083309362553357
5696,0.0003081632565604882
2677,0.00030781510285179936
3625,0.0003077061583051515
1709,0.0003077007725502173
3530,0.00030768415025240445
5682,0.0003076397746112776
5675,0.0003075161857949045
6308,0.0003074704719910594
5786,0.00030738642574324485
1101,0.00030721855397042736
5585,0.0003071376139982517
6104,0.00030713658660917845
19,0.000306509967814443
3590,0.00030637818846027495
5069,0.0003061365098360328
1518,0.0003059878105029879
1170,0.0003057913079171279
5287,0.0003051578160530671
5004,0.0003051453885000759
7334,0.00030513696831170335
4520,0.0003050070165421104
1924,0.0003046215161619976
3130,0.00030454536343343415
6046,0.00030442108929791426
3714,0.0003043379433562692
6105,0.00030429633984628356
6367,0.00030414941734219203
7002,0.0003038842374090278
4348,0.0003036858675167256
355,0.00030368525365500557
2139,0.00030354012324282305
6693,0.00030346839187375007
5934,0.00030345151056366594
5866,0.0003030269764961441
5899,0.00030293032031282637
6657,0.00030276224156640293
624,0.0003027391457877737
7095,0.00030273538765570213
1031,0.0003027263177311884
2958,0.0003027208545516329
4270,0.00030271178078646044
6003,0.00030247899116736125
6528,0.00030247751613380225
294,0.0003022775414842813
4896,0.0003021055565616815
3836,0.0003018421626260751
3786,0.0003017781605661401
1166,0.00030167208928959927
4175,0.0003014491011366355
1429,0.00030143932573416655
1053,0.00030122091882349943
6853,0.00030116372988688137
6094,0.0003011288947927644
6084,0.000300939186188007
478,0.00030086545884330817
563,0.0003006091193904951
5690,0.0003003520707640063
588,0.0003000309239227345
5799,0.0002998011621517305
1211,0.0002997451560721221
5555,0.0002997243660104405
1566,0.00029944241961205764
3205,0.00029944141813962287
1653,0.00029936672288389805
618,0.0002993382880667618
5309,0.00029930995991832787
5106,0.00029926022579036246
649,0.00029908889787914824
6878,0.0002984696025188281
6875,0.00029835912911723697
784,0.0002977555189215713
6971,0.000297643804428647
6077,0.00029757216534660356
705,0.0002974963307964512
1906,0.0002972175035620754
5454,0.0002965413815396401
5034,0.0002962144850405403
5843,0.0002960553867944126
6580,0.0002959050480545785
32,0.0002957799617899836
6976,0.000295759363662107
4688,0.0002956993330729673
464,0.0002956371942309911
227,0.0002955594993343878
3820,0.00029538815417796016
1854,0.0002951390003164522
5897,0.00029509548770796564
4977,0.0002949940629256153
533,0.0002949128361458728
3014,0.0002947922417717808
3214,0.0002947421281542171
1829,0.0002944835955853962
1316,0.00029420078578790875
6428,0.0002941111857802457
997,0.0002939821910852385
823,0.0002938798216262877
245,0.0002936635367897069
1108,0.00029364278498003924
2908,0.000293482023807981
2633,0.0002934424568044328
7123,0.00029339981844654146
746,0.000293301518543442
4799,0.00029319090377772614
3764,0.0002931686338457176
3017,0.000293142280411316
3071,0.00029283065204808957
530,0.0002927859258216116
827,0.0002927265554189385
5429,0.0002925886657298366
4728,0.0002924417793194635
371,0.00029237878105196327
6601,0.00029229803687536813
5049,0.000292265362615276
4607,0.0002921469643527957
4406,0.0002920003478636381
3912,0.0002918664422330524
461,0.0002917064649992566
1819,0.00029121722719335167
1408,0.000290833496891987
5969,0.00029075564117452457
6331,0.0002907545268507309
1858,0.00029021146067768205
3514,0.00029018395715829805
401,0.0002901302447398553
3239,0.00028974746471816475
3516,0.00028964498405485695
6237,0.0002896191582625359
2702,0.00028912198194791955
7115,0.0002891216465022697
5818,0.00028910884160596726
6905,0.0002890571908057597
6354,0.000288870390267615
6021,0.00028859933152301754
238,0.0002884953817953921
1047,0.00028846145856649614
931,0.00028828745007920435
4878,0.0002882855751594092
5222,0.00028827641063955726
7012,0.00028796698114938305
7155,0.00028789172591781113
3776,0.00028784802627164664
1720,0.00028781790007653473
729,0.00028778137044677517
1896,0.00028735633554953976
6565,0.00028729741813028175
5016,0.00028709931999280425
326,0.00028696737882081527
2072,0.0002869602017249115
2803,0.0002868298412237952
223,0.00028671714179598096
5916,0.00028670151414695943
4529,0.0002866724958979739
2675,0.0002866137124862465
42,0.0002864148752738098
71,0.0002863492792328471
3176,0.0002862382736108728
5277,0.00028605823884032545
1903,0.0002860434254857542
877,0.00028602939703287336
1689,0.00028593392997296673
1690,0.0002858434707013025
6102,0.0002856596751593043
31,0.0002856546053727582
3671,0.00028561462693339214
799,0.00028547789564521285
4026,0.000285270224695359
5076,0.00028521281920237425
5976,0.0002851742630066729
643,0.00028483336675047256
5276,0.0002845896069263281
5488,0.0002843738390717181
7099,0.00028412023442523217
2541,0.0002840786126780057
5114,0.000284065848121946
3524,0.0002840648911017934
5605,0.000283596807433695
3140,0.0002834121761395043
2562,0.00028321500977582524
2404,0.00028295364036035975
775,0.0002825171063588367
5699,0.0002823411120827801
3318,0.00028211725401968194
3947,0.0002820542188246366
4971,0.0002820147205411526
1132,0.00028199990561307743
1853,0.00028115824024319095
4449,0.00028114486467918935
3035,0.0002811140382749547
2906,0.0002810989656439665
2850,0.00028100618002635525
1609,0.0002809725586394728
4477,0.0002807492258892698
1669,0.0002805079452431264
2526,0.0002803951736075422
4511,0.0002803330241111322
5122,0.00028030712809090945
4944,0.0002802191378815953
1310,0.000279881797120233
1159,0.00027983959868087255
5253,0.0002796543521002531
6892,0.0002794229333708998
1516,0.00027936939831313184
4200,0.0002793413730177651
7055,0.00027933396728074524
1212,0.00027930943439065034
3597,0.0002790964593995975
2093,0.000279057821172614
6945,0.000279047325752489
557,0.0002790100357723788
2852,0.00027879705265545303
7164,0.0002787765775436467
752,0.0002786705528176876
718,0.0002786409746210864
1675,0.00027833310056066377
190,0.000277808377070879
611,0.0002777881834746644
3903,0.000277649497449399
404,0.0002774811690826206
642,0.0002774335395675064
1012,0.00027740891979616505
2016,0.0002770951879292581
7100,0.0002765023986602305
4713,0.00027626045773589987
2475,0.0002762251852312213
5041,0.00027618648887640224
287,0.0002761660566367851
1164,0.0002761588207136752
5881,0.0002760516241024274
1749,0.0002754222039893295
2481,0.0002754008653337837
2687,0.0002752639348451088
1969,0.00027516084709783495
5216,0.00027508925009852583
3763,0.00027496099659888196
1656,0.00027479137887982024
6461,0.0002747235675663373
3256,0.0002746433945459343
2298,0.0002745291438478825
805,0.00027445467853043376
508,0.00027439117120847646
5944,0.0002743212552943922
5656,0.00027413459270981877
4390,0.0002737445987035376
6349,0.00027369222940087294
4149,0.0002735017648590841
1411,0.00027344462682134187
2103,0.000273377428402677
6849,0.00027325500262398585
6420,0.00027323239788662007
6697,0.00027316759231003646
6535,0.000273131838149792
2056,0.00027305825592427636
6387,0.0002730578737349836
4916,0.00027301786104020915
6031,0.0002730135357332979
6266,0.0002729877733983158
6519,0.0002728591345900445
1287,0.0002727740668114128
4046,0.00027272895677749016
3255,0.00027214528156806574
5170,0.00027180650642502565
6746,0.00027164700763439347
6694,0.00027164468040184584
2380,0.0002712744898719747
6907,0.00027121809927184784
6236,0.000271150571011544
1568,0.00027106817076302824
6158,0.0002710395139940182
387,0.000270933098254485
801,0.00027088361368669437
5445,0.0002703474585516077
7066,0.0002702174088776736
7082,0.00027019787449134594
3368,0.0002698217339452409
4931,0.0002697974261559421
1587,0.00026967450895354404
3707,0.0002695660707353106
6205,0.00026954471989127325
3136,0.0002695299423199835
1430,0.0002694438407644179
5891,0.00026932647038568056
7136,0.0002692466843130498
5906,0.00026923533154429993
2635,0.0002689659965455567
229,0.0002686147066115355
3094,0.0002685886242861387
3780,0.00026858412638510837
5821,0.000268508127442285
6092,0.0002682282635100988
1481,0.00026818935508947324
5873,0.0002676996873580756
5911,0.0002675765871678247
264,0.00026754964265608656
2438,0.0002672931371848178
6272,0.00026726068254885783
2822,0.00026724383152070127
7145,0.0002671748899041562
1272,0.0002669998576860192
5822,0.00026694273947831966
2625,0.0002668161913025433
3676,0.00026679041064376946
2288,0.0002666039194277008
1590,0.00026652982328681393
3801,0.00026643918788765415
759,0.0002663330706358512
1972,0.00026627822231845526
2572,0.0002661897373917164
321,0.00026568649929310356
4859,0.0002656677094452865
7227,0.00026557018998347954
1315,0.00026554599239795803
4253,0.00026546471840350154
1702,0.00026509661626152617
881,0.0002649056241551112
1683,0.0002648544608485562
2840,0.00026485239443524065
2006,0.00026479827869067233
6160,0.0002644309789807804
5698,0.0002641019450449533
5875,0.00026385810446418666
6240,0.00026382219137995895
7198,0.00026375136233868315
955,0.00026358261045721163
7108,0.00026349817911539605
1613,0.00026319621447072345
170,0.000263021386034578
6135,0.000262962357980553
4005,0.0002627104666418587
4935,0.0002622919701088977
5227,0.0002622128429730947
1524,0.0002621514397053686
1024,0.00026209917029231466
6079,0.0002620619565256359
6572,0.00026183694469428525
2439,0.00026173800934109384
145,0.0002617362007996078
556,0.0002616900341611373
6175,0.0002616385130144777
534,0.0002614538440992196
3230,0.00026140024512651697
2156,0.0002611957522317384
2396,0.0002611284196737434
48,0.0002610772682055397
174,0.00026103943810870645
5864,0.0002609986204363499
2990,0.0002606566394637474
1863,0.00026059122194305314
4474,0.00026039109953370366
522,0.0002603698851010308
5986,0.000260153755869695
3715,0.0002600199918377231
5629,0.0002596950450684047
1822,0.0002596865420958214
2742,0.00025955229097840725
7199,0.0002592671181224143
848,0.0002592062486247308
5367,0.0002591474401929898
1648,0.0002591197205106179
6439,0.000259062799543352
6706,0.0002588059960590657
1944,0.0002587906157541482
4258,0.00025878453502311606
545,0.0002585874732437311
2034,0.0002585339829887404
2047,0.0002584472703279214
7037,0.00025827640434065985
130,0.0002582112956668228
5913,0.00025786101509184874
5481,0.0002578095867447302
5207,0.0002578071708141487
5257,0.0002573904232331831
6984,0.00025737754145488753
212,0.00025711447872063997
6799,0.00025667752834162145
5884,0.00025658160644930736
6136,0.0002565285602180827
1992,0.0002564356311634555
5357,0.00025623381544166485
4202,0.0002560519605685794
3162,0.00025588494169743645
1016,0.00025566776920060393
946,0.00025553235970284893
6730,0.00025544647075534095
6690,0.0002553400661826831
1973,0.00025521968235925097
1596,0.0002551789269597236
725,0.000255028461486872
9,0.00025445426962167523
265,0.0002543749122380818
4365,0.0002541969562756964
128,0.0002541927506210264
773,0.00025404038154132455
7265,0.00025399700741355
7268,0.00025395295324506095
7059,0.00025392645344024983
1362,0.00025362050008043407
6712,0.00025348539952345367
2238,0.00025327987962827227
255,0.00025325801890337357
4252,0.00025317570118716596
2119,0.00025235297067576667
548,0.0002522555814969867
6225,0.0002521578279984181
3677,0.0002519369892603958
1028,0.0002519170987708752
2576,0.0002516200449628433
6682,0.0002515260021017302
4214,0.0002515226678919276
3939,0.0002515140620984584
7217,0.0002514465193610132
6930,0.00025119211281481306
837,0.00025118554448571814
581,0.0002510729402601932
6510,0.00025104642356594994
5545,0.00025097806651672676
3866,0.000250956258159726
5110,0.0002507710049204052
231,0.00025065200619166727
6868,0.0002506130428983487
3606,0.0002505580274495363
7137,0.00025044686210495294
5772,0.0002502934421580927
515,0.00025016365668360205
3418,0.0002499675494976701
1051,0.0002499619848440081
92,0.0002499565967491991
4952,0.0002499114243242827
6554,0.00024989109945194567
1880,0.0002496558727834887
7057,0.00024950299778063424
24,0.00024938082950105785
4470,0.0002493140957316503
485,0.00024930128528692197
743,0.00024906151826005403
4834,0.0002490207456212416
386,0.00024890146385281005
742,0.0002486940308919096
5200,0.000248644061467959
5471,0.00024861801699961085
6723,0.0002485675339252337
5933,0.00024834210936543774
6138,0.00024822253489406256
37,0.00024814228566824315
3621,0.00024809834363076185
3720,0.0002479262836396697
6908,0.00024792264607516833
4564,0.0002479015248401829
6491,0.00024769846423051506
6338,0.0002476595352503349
3887,0.00024764259315251296
6699,0.0002475219565893057
4874,0.00024733985967296537
6537,0.00024718615213336525
481,0.0002470593618395931
30,0.00024661282831057665
2383,0.0002465440653218017
3745,0.00024628206119551704
7336,0.00024622165497848895
3091,0.0002461609995579741
2321,0.0002461201008480769
5981,0.0002460519352526278
2436,0.000245986227878758
5354,0.0002459487072188734
3423,0.000245890446291637
95,0.0002457698398325409
7297,0.00024576734270037565
5495,0.00024574099891223834
7063,0.0002455744936935571
1120,0.00024549119510441523
2549,0.0002454486639212889
6421,0.0002454327740145445
4220,0.0002453814959923806
4596,0.00024525214969843193
7122,0.0002451710170434264
6473,0.0002450775650534784
1936,0.00024493728399290496
3111,0.0002446872053663181
7250,0.00024467627629557213
1002,0.0002444615413284368
84,0.0002443923179889128
34,0.00024408751060987812
5507,0.00024406352181277215
6846,0.0002440447857805588
4082,0.00024381251560485364
4613,0.00024380397262954525
607,0.00024347104817659562
7101,0.0002432878557576912
1021,0.00024324320721524112
60,0.00024319700939071142
29,0.00024310180250393298
2232,0.00024303384338060665
5167,0.00024286047909727736
6400,0.00024279822853608498
6465,0.00024239456525131933
3789,0.00024239044255446127
3540,0.00024228469805211806
5686,0.00024226338636158424
3970,0.00024221075952396065
4549,0.00024209902934513956
1990,0.00024176993199766613
2236,0.00024166302269915628
621,0.00024137510409982118
2036,0.00024137464115955886
5729,0.0002413271279786472
3360,0.00024126427098468563
7172,0.00024122082698571883
7085,0.00024114176404859273
2969,0.00024108831243302642
5247,0.00024098034768265777
5552,0.00024068515971982396
5205,0.00024064990562767654
1753,0.00024060211577474295
3186,0.000240485092023093
1827,0.00024033657156114022
6653,0.00024025528325399378
6223,0.00024023159619421838
5860,0.00024022627905632472
2727,0.0002400780546423672
767,0.0002400538753275166
5425,0.00023988802633295305
1329,0.000239855458319469
949,0.00023983051547774964
6043,0.00023982060987382195
4794,0.00023981997413561484
1512,0.0002398049109264502
5418,0.00023945305940598083
902,0.00023940467573675087
7087,0.00023911454852127613
3076,0.0002390613335833237
1677,0.00023905007237647621
5220,0.00023901911262336808
4157,0.0002389737539978815
4569,0.00023875675512307162
1337,0.00023863481637092658
5441,0.00023860149610784433
2552,0.00023849907202477252
2262,0.00023826970412054862
3195,0.0002381097079145141
5183,0.00023790701520158623
7053,0.0002377351393600569
6424,0.00023767076569352328
1997,0.00023765364845133852
934,0.00023761779953418476
3601,0.00023739604315920406
4893,0.0002373901343663654
5651,0.0002373685025717399
4747,0.00023733488391893654
4481,0.0002372730480212783
3923,0.00023726218457400101
2725,0.00023715681854664938
5707,0.00023714384297054942
4187,0.0002369385293159118
379,0.00023671078135641943
5804,0.00023664656335065
4480,0.0002366282750271453
5620,0.0002365004677489147
3287,0.00023648635603893173
3929,0.0002364311815364034
328,0.0002362277538037553
471,0.000236121335621965
6599,0.00023610708754556544
4041,0.00023607148646450016
2888,0.00023597648932454084
166,0.0002359740237262475
1196,0.0002358931100495154
6140,0.00023586015135594946
3065,0.000235844581718393
1835,0.00023584392383333512
4017,0.0002357827496414493
4665,0.00023563940688547678
316,0.00023562363514765893
6626,0.0002355146189536321
2473,0.00023550409063420624
6969,0.00023549111590053873
6417,0.00023540539705006077
1508,0.00023514412068528285
369,0.00023510862181503163
3994,0.00023510059566689674
1927,0.000235071683578818
46,0.00023495618475704794
2715,0.00023491576007297064
1056,0.0002348844576236164
6552,0.00023475500596252261
1025,0.00023474045047617293
3895,0.00023457775342355746
2374,0.00023454167372344387
1580,0.00023413824787840132
6881,0.00023410772842661043
6680,0.00023404745153697218
7328,0.000233944694775144
7191,0.00023367720710249027
4820,0.00023356505121719206
5042,0.00023354567883657467
6098,0.00023346465195510623
3039,0.0002334394089334934
846,0.0002334103878753059
973,0.0002332179178420299
3305,0.00023320049901711802
1227,0.00023302025406565224
6646,0.000232957199172771
4464,0.00023290775088146201
3271,0.00023290129004671962
5013,0.0002328749854524659
2781,0.0002325891938254271
1844,0.0002325610482041701
4877,0.0002325423860994518
6278,0.00023245630140788606
138,0.00023238070855638522
2353,0.00023236873182855077
4280,0.0002320432838395745
2807,0.00023197270327503794
6955,0.00023193304621126653
4143,0.0002317235366435538
4929,0.0002316015098919836
6787,0.0002315304072870051
2174,0.0002311834103594048
148,0.00023116688547645433
4518,0.00023113024230374333
1030,0.00023103231986231856
7226,0.00023097386936249157
3494,0.00023078579714744084
150,0.00023062628090412922
3953,0.0002305766970286885
5098,0.00023050530457656302
3673,0.00023037969338927407
6353,0.00023037475381100237
1986,0.0002303002743181015
2734,0.000230147724858288
2930,0.00023010718252618198
1,0.0002300482731820153
5492,0.00023001887786632701
175,0.00022994835752105177
146,0.00022946939271166922
7286,0.0002294641801920875
155,0.00022937245198250528
1062,0.00022933913406069997
36,0.00022919926924266188
1928,0.00022918376142404704
2181,0.00022905935080302762
5954,0.0002289753183288198
5867,0.00022881205034725827
51,0.00022854195382275902
538,0.00022853303116798665
63,0.00022843492948289044
5279,0.00022843249688000517
6749,0.00022839885433409245
5282,0.00022837952319333497
5272,0.00022835924757437856
6082,0.00022828712888289723
875,0.00022827421038756074
4126,0.00022826191588290337
1664,0.00022819397248696863
1711,0.0002281263792929682
4817,0.0002280307004178284
1472,0.0002278840764902663
3491,0.00022777690524593093
2305,0.00022777258971686784
4379,0.00022764800753122396
6219,0.0002275045176044954
1357,0.0002274540254434876
7261,0.00022740487165316748
4193,0.0002273475273341119
5322,0.00022718427694381924
1655,0.00022715480962207115
2879,0.00022695290845385746
1560,0.0002269379163352923
4879,0.00022687711351189406
205,0.00022682885724967892
3772,0.0002267807334458856
6437,0.00022674517296202267
880,0.00022665196316181755
3609,0.00022664302660345035
3955,0.00022654444677028642
307,0.00022642167327617492
5035,0.00022623871394322883
6839,0.00022620664637595695
2980,0.00022606809307255954
5416,0.00022601881215974015
2135,0.00022599504067230707
2989,0.0002259328057759226
7274,0.00022587384162623558
292,0.00022570520421153647
1817,0.00022563979283945324
7202,0.00022544522994113108
3020,0.0002254064513564504
3717,0.00022523589482936656
4923,0.0002250809106459512
4897,0.0002250154184186292
3123,0.00022496898067762993
4557,0.00022470760684625325
2611,0.00022447212748115308
2435,0.00022438006307936746
3498,0.00022430318524836883
3539,0.00022425901862884668
5270,0.00022421826376744247
4586,0.00022420056707009143
5410,0.00022418706285831256
3546,0.00022405834577450488
5353,0.00022379103981201196
6641,0.0002236712179819473
82,0.00022366073600138333
717,0.00022351385317449042
3323,0.0002234592936580688
791,0.00022342186492046537
6464,0.00022340077075713307
4483,0.0002232554042156083
7050,0.00022315306747512574
1933,0.00022303000936937695
6803,0.00022302544685880792
520,0.00022299304772040776
7208,0.00022292693108818287
4090,0.0002229249662674063
2463,0.0002228067725284865
2010,0.0002227468071003723
1890,0.00022268306723404694
2114,0.00022251424184050361
1173,0.0002225039663563357
1719,0.00022240488047387056
4457,0.00022227351539608772
419,0.00022204377120092363
1487,0.00022202746212980482
135,0.0002219377765887999
3321,0.00022178554728467177
4119,0.0002217725702501819
2414,0.00022171917535614158
1471,0.0002213690396737491
1336,0.0002213402400164308
1130,0.00022088535631877698
2073,0.00022087802067937922
7106,0.00022080545918615787
4003,0.0002207454867626016
3868,0.00022071205470117254
6711,0.00022049996853779036
2809,0.00022042467445849712
6954,0.0002203869777348165
7171,0.00022037079066215674
2128,0.0002203620556167615
5343,0.00022035294333173203
2178,0.0002202896086924898
5095,0.00022027278243945167
134,0.0002201409074095097
6298,0.0002201283298765039
7113,0.0002199842914224889
5830,0.00021985127572970872
6293,0.0002195296442434824
319,0.00021948849310298108
5825,0.0002194772860655875
6935,0.00021943144782275045
714,0.00021938613310543202
3276,0.00021933006856543656
4836,0.00021926511208237155
1055,0.000219057551856919
2206,0.00021903507305195098
99,0.00021888335016968048
4545,0.00021882790803290502
4992,0.00021867828656412964
769,0.00021866723596788068
278,0.0002181295338747148
2245,0.00021797957479948127
108,0.00021776788531037314
7061,0.00021775744776640193
3277,0.00021760266490228284
4385,0.00021758213342529682
3415,0.00021750154935485828
3410,0.0002174348673251398
2965,0.00021731908787535665
2790,0.00021712758958841472
1861,0.0002170934042931974
3088,0.00021705039003651902
5297,0.0002170079789567147
7245,0.00021683397313719018
5396,0.00021683333914467642
2105,0.0002168099785043895
4305,0.0002167070015968972
5187,0.00021656812523031252
4098,0.00021654461455359518
3744,0.00021639912245134264
5512,0.0002161667892125439
435,0.00021609307694650458
7003,0.00021601409825578596
3131,0.00021572580566719954
5298,0.00021571634537610198
1144,0.00021562609480140995
3622,0.00021542018031342478
3062,0.00021522384645317546
6775,0.00021516374163691934
3688,0.00021508943829792065
6798,0.0002150384967469662
109,0.00021502825224164606
4959,0.0002146873946340631
1650,0.00021430259901075428
1567,0.0002139677752419564
3610,0.00021383911658032478
2598,0.0002137697796693951
249,0.00021362492388892455
5989,0.00021360948513110575
2257,0.0002135930123445696
1920,0.00021334254120691172
5191,0.00021322465054413118
2235,0.0002131772552162416
5265,0.00021314591643213938
5805,0.00021300123919336817
1074,0.00021294789106093086
7178,0.00021277507928142708
990,0.00021267212133665962
202,0.0002125672089260535
3183,0.00021212010924696236
4975,0.00021205686399823387
3101,0.00021196142446628548
8,0.00021156999455456104
1625,0.00021155168128265085
2032,0.00021155152500181685
3908,0.00021146303717527344
4631,0.00021137445691040232
971,0.00021128830311744546
6151,0.0002112669834110853
3960,0.00021108750153503764
2928,0.0002109906062683723
4888,0.00021069609189344768
3701,0.000210689832616335
4816,0.0002106803743249643
7177,0.00021065254099963615
7337,0.00021062133699729536
6187,0.00021061479672302325
59,0.00021056388307940003
1410,0.00021055855827247516
5196,0.00021049121218146024
45,0.0002104234613365683
5549,0.00021033247974450246
4225,0.00021007623197118696
1547,0.00020994595076664153
4680,0.00020960484257099036
5681,0.00020954001565729906
554,0.00020950179467107855
6305,0.00020949357674023694
4419,0.0002094816848177261
6926,0.0002094510629742967
2258,0.00020938953512890618
2485,0.00020934237422484594
3718,0.00020931743820360325
5942,0.00020923189199836776
715,0.00020913275980827956
3063,0.00020908907904075856
105,0.0002090021002953275
4125,0.00020895826332893437
927,0.00020889637734061153
3795,0.00020889190654152466
1161,0.00020888503121083412
3990,0.00020882271979098794
6356,0.00020863136803492643
1959,0.0002086296521581885
1446,0.00020862645737381534
6075,0.00020832367911415
1967,0.0002082908622203811
3002,0.00020827236620013498
2627,0.00020824203167924598
5612,0.00020822150383648677
23,0.000207988556840566
5752,0.0002079693557946971
3283,0.0002078644684119504
1678,0.0002078468603555822
4734,0.00020757058748239663
2287,0.00020746554876259468
395,0.00020737420224268774
627,0.0002071094044589977
6212,0.00020701930633481032
5993,0.00020698264494874407
1091,0.0002069739425201315
3021,0.0002069627765542987
4490,0.00020680657061366618
1541,0.00020670954613714792
4363,0.00020668630480146391
3890,0.00020650274681869676
281,0.00020646820360121782
4671,0.0002064649281523931
3386,0.0002064621050583896
2399,0.0002063938667426287
234,0.0002063799037300503
2361,0.00020634095662261612
7110,0.00020632376332931125
4623,0.00020626168170787332
871,0.0002062556098364337
6166,0.00020624521566636847
3729,0.00020618748738436533
125,0.00020615639280733864
2945,0.00020609632613580335
1003,0.00020607369079458183
3051,0.00020601262178550228
3251,0.00020592329771510954
4400,0.00020591117111725882
6950,0.0002058299267605821
2184,0.0002057579473211706
2267,0.0002057000273644599
4422,0.00020568749481858386
1532,0.00020564930624539682
629,0.00020561545610214176
2565,0.00020544321717135875
5453,0.00020542330429568494
4742,0.00020538883483658314
4887,0.00020524369414862684
3269,0.00020508774394504729
2853,0.00020486254285034323
4934,0.0002048349694769588
1496,0.00020481865601725387
4638,0.00020479702741597774
4358,0.00020478574096835926
7000,0.0002047251600780528
141,0.0002046419524323765
7236,0.00020463007729505151
1441,0.00020458031495053798
820,0.00020454888556636962
35,0.00020422698052245875
3412,0.00020418086093873658
3854,0.0002041589384043551
2859,0.00020415025071456754
7070,0.0002040426045332033
5182,0.00020403914926736544
2847,0.0002039736520358804
116,0.0002039598144329954
3481,0.00020384994954809047
1803,0.00020377885733060912
7266,0.0002037338767312199
282,0.0002036068251495361
3197,0.00020359343732463415
4580,0.00020354935711639686
6429,0.00020354751144121278
4362,0.0002035218914887931
2229,0.00020350340246173227
3075,0.00020338905716184885
1385,0.00020324438958503849
3208,0.0002031808949618946
6833,0.0002031735386294517
2164,0.00020312692491564278
2112,0.00020305922408569735
516,0.00020296241601057421
6184,0.00020292038836923316
6345,0.00020274525527854808
7287,0.0002027091828940626
4974,0.00020270004286158396
1705,0.0002025046416277565
4690,0.00020244539590906138
2193,0.00020236979297956847
1874,0.00020226488755629456
540,0.00020209003258665347
476,0.00020202637463822502
442,0.00020195027451899874
4440,0.00020177363524119456
7141,0.0002017687311420863
526,0.00020163341240778934
7125,0.00020161337190600738
945,0.00020156879410990298
112,0.00020129698399563934
1886,0.0002012759401503277
4021,0.00020127335482957162
1279,0.0002011520923213611
1015,0.00020109071706892343
6608,0.00020089088566330358
1810,0.0002007891571414985
1788,0.0002007490303995122
4263,0.00020067232739276738
4006,0.0002006244601967249
5619,0.00020049761211655926
413,0.00020048630313890552
106,0.0002004269624082232
591,0.0002003727795498885
1773,0.0002001415616571724
7240,0.00019998988407654797
6168,0.00019986715351649674
7076,0.00019978740413922766
5138,0.0001997426887154842
3697,0.00019965755316724996
4452,0.00019950890380353412
7206,0.00019942889573501513
5747,0.0001994170352681643
2401,0.00019916596957879256
5761,0.00019911761384527814
935,0.00019908255634607774
5754,0.00019903102510329104
492,0.0001989498145780271
854,0.00019875468185504575
1614,0.0001987490495993843
2079,0.00019872403808009813
1252,0.00019871667723422783
4275,0.00019865445672255153
6793,0.00019834538871486642
6838,0.00019827482939525733
262,0.00019815845598916527
6792,0.00019812008745331532
6096,0.0001980959434893742
5823,0.0001980143751483767
6742,0.00019794159674947165
275,0.00019786128521674944
1037,0.0001977235138915232
3187,0.00019752318882087437
2784,0.00019749447965357404
5895,0.00019748276899405544
3052,0.0001972158916400284
6013,0.0001971746186320978
780,0.00019699922767423862
5553,0.00019697761996364667
7056,0.0001969341581571659
5683,0.00019690116351099918
2084,0.000196776314642006
7142,0.00019672672266005114
6704,0.0001966567110299699
4925,0.00019664422312309291
1454,0.00019659348259417519
2274,0.0001964947798190855
6672,0.00019648544368305426
6524,0.00019637068547324622
443,0.00019629685347911187
3948,0.00019625438563129616
7130,0.00019608408941507229
2596,0.00019579848577580937
2680,0.0001957800361223144
197,0.00019576637097888574
3633,0.00019572414243949456
2619,0.00019571511541758028
1575,0.00019558721366745325
1042,0.00019555531787441647
3598,0.00019515754549395128
7306,0.00019512975780352533
543,0.00019500313183355505
2283,0.00019495532028385683
5338,0.0001948765488514183
120,0.00019477043347126418
3380,0.00019474710443634683
2652,0.00019472954720973384
6198,0.00019472874815252623
1299,0.00019467669303698982
5460,0.00019464547992416518
417,0.00019463789694996493
2679,0.0001945088020625236
6922,0.00019423640829136906
3661,0.000194229068086234
6956,0.00019416260917797876
3308,0.0001940649943079838
3790,0.0001938984040826193
89,0.00019383555304304902
5580,0.00019382301441865838
7296,0.00019381316404980102
1138,0.00019374522014697806
1059,0.00019373895598486288
822,0.00019368344791977757
445,0.00019364844249287035
4991,0.00019358706421595485
1637,0.00019358279370995142
818,0.00019357950159839404
7326,0.0001934574085165832
798,0.00019337026749669076
6735,0.0001933426716399978
5960,0.00019330622351917547
6472,0.00019311466566601746
1941,0.00019309154886093462
3199,0.00019299755194695047
6144,0.00019295607774193337
5849,0.0001929405585167382
6516,0.00019287879514095599
1775,0.00019277627274514247
2851,0.00019270935382193527
450,0.00019268337535421968
1220,0.00019260544627851974
6397,0.00019258443124792744
118,0.00019251588259524714
3333,0.00019246837304544374
3793,0.00019241754100340886
7084,0.00019237727495176682
3050,0.00019237636692857174
7211,0.00019230746758216414
3695,0.0001920846107753202
2944,0.00019196264596466278
6360,0.00019179364111499903
3488,0.0001916192519641148
710,0.00019140730584098415
2025,0.0001912470981004629
1020,0.00019112577820638106
4646,0.0001908450814427802
6456,0.00019071721825469936
2335,0.0001906172413300482
1128,0.00019050851929287217
5263,0.00019041047908710876
474,0.00019040594383441513
5803,0.00019020085343200374
1461,0.00019018828772175063
1755,0.00019013173119085207
7319,0.00019008905874019286
77,0.0001900170331625507
2163,0.0001900126991684224
248,0.0001897965838273992
1486,0.00018966736783043966
314,0.00018947895598972638
6072,0.00018947612610637052
143,0.00018919178354701266
5286,0.00018918515287634052
4672,0.00018916882830372842
1382,0.00018897754582452
3582,0.00018896509663158024
4164,0.00018894613812154367
6019,0.0001889311985527899
3447,0.00018888815001347713
1606,0.00018872892375824382
4850,0.0001886226847848973
3843,0.000188450096423871
4868,0.00018841543172538558
6407,0.00018838389298113538
7166,0.00018830495231404298
6525,0.0001882825490058133
5857,0.00018823172578363693
778,0.0001881412496003457
3134,0.00018805425889746147
5924,0.0001880526926093478
4778,0.00018804934022287863
4375,0.0001880315307141113
338,0.0001878330117873601
2285,0.00018778590877462727
5527,0.00018770574989022092
298,0.00018769191416118986
2818,0.00018763171721953285
5345,0.0001875179774945696
6216,0.00018739940674674947
6170,0.00018735746568090722
3469,0.00018724206565695826
4751,0.0001871680429875169
222,0.00018714080180382085
2121,0.00018708205818381604
7016,0.00018694764630594482
5534,0.00018680548903851193
3253,0.00018665088182341137
2313,0.00018644849216996123
5563,0.00018633466309636774
4616,0.00018626182524823776
898,0.00018611651612536064
6814,0.0001860553152870286
1380,0.00018594839954630665
1153,0.00018578011137283833
1270,0.00018571964968447128
734,0.00018560739365192945
2804,0.00018553548375662045
3298,0.00018549372563658978
17,0.00018549160157013046
200,0.00018545957181468264
7241,0.0001854087432297576
6586,0.00018533925132129024
7074,0.0001852375955055263
3116,0.00018522114430905348
5827,0.0001852179809058747
7027,0.00018517458122063347
3691,0.00018510647076235264
528,0.00018507019761640703
2115,0.0001849472554519782
5539,0.00018460798676294603
2854,0.0001845699884407505
2752,0.00018455044504063164
2823,0.0001844510717550239
2337,0.0001843931267068049
7146,0.00018435338734191533
2307,0.00018433761394711653
498,0.00018432992495477215
502,0.00018428766539553592
3678,0.0001842673263452013
2896,0.00018422140299921013
6444,0.0001841482935201955
1696,0.00018411925773610893
1504,0.0001840466021079558
1630,0.0001839320800032973
2045,0.00018388997514079405
4272,0.0001836664136285231
3630,0.0001835725631859824
44,0.00018354991184700302
5420,0.00018325938766893722
3259,0.0001832571598470505
6139,0.00018323880284469362
439,0.00018313695241772683
2525,0.0001831324649144525
4755,0.00018301694098495
722,0.00018285357145847876
3445,0.0001828529402612212
3928,0.00018278290872215992
3927,0.00018273714188653028
960,0.00018263514619912562
7203,0.00018258909487837307
4825,0.00018257351977680537
5626,0.00018256240444718212
878,0.0001825616049111469
4647,0.0001825120902147251
3422,0.00018232194558560156
659,0.00018205796224451265
1457,0.0001820432971189186
1859,0.00018197744688501022
1833,0.0001819280971514681
4353,0.0001817914038409135
5421,0.00018173629526354557
3379,0.0001817197478279529
1399,0.00018170211327473275
4658,0.0001816847681963458
4870,0.00018163923166709869
5559,0.0001816335474679859
1636,0.00018157203378995476
7127,0.00018144155794577472
6081,0.00018134731730561743
2498,0.0001813189727253855
6211,0.00018128706522098657
4277,0.00018116398950733666
4396,0.00018095264055173802
4074,0.00018087453918067545
1190,0.0001808242099324371
13,0.0001807845641391271
6357,0.00018074354115276363
2428,0.00018072810875503645
6335,0.00018053836746213084
3993,0.00018027802593788693
208,0.00018022241036224523
4679,0.000179911735322123
6691,0.00017982269342496616
2664,0.00017972179776392638
3998,0.00017971385489358568
6036,0.00017966323153869579
1632,0.0001796532523952153
3710,0.0001796418453867495
5777,0.00017954280680045575
4603,0.00017951659411784198
5661,0.00017945969131538114
6507,0.00017927716655545187
5388,0.00017921062931714865
1646,0.00017916429148790436
4000,0.0001790419236721638
3384,0.00017899913231995368
3010,0.000178929316064502
5432,0.0001787550118542177
2654,0.00017873916375803802
1064,0.00017867289840480576
5706,0.00017860276435908228
4064,0.0001785569197345179
6171,0.0001784977362791904
3448,0.00017842911513240992
835,0.0001784024997362103
2265,0.0001782952230625572
1447,0.00017826246360823448
1332,0.0001782151151786815
2402,0.00017815841285349205
2002,0.0001781121330074767
1693,0.00017793786165944716
1714,0.0001778868363936672
6432,0.00017783984992332345
6597,0.00017761626285760777
5636,0.0001775774110474739
4133,0.0001775116482128719
41,0.00017742626506004526
1388,0.0001772551315583991
4468,0.00017723359415942565
4350,0.0001772001085999537
3802,0.00017717084541262281
65,0.00017714809384931788
214,0.0001770705283081295
5381,0.0001770593984764083
2523,0.0001770447868551918
415,0.00017703395289138206
5223,0.0001768584471710195
468,0.00017662626617784513
4111,0.0001764164115065225
137,0.0001763373682543922
5520,0.0001762902761988227
781,0.000176177811413591
605,0.00017613252115947437
5878,0.00017612987807354925
7094,0.00017608590724875738
4372,0.00017608438951467726
4669,0.00017608079725881946
692,0.00017598482353784704
950,0.00017591250328747503
6054,0.00017581424068379743
3870,0.00017578427580585727
5439,0.00017577039936157756
1798,0.00017576921581437182
7249,0.0001757507335258391
7028,0.00017574392481127518
6941,0.00017572835626442827
4645,0.00017572158422048435
5607,0.00017567710389813836
6207,0.00017565042689214285
6750,0.0001756009035820386
164,0.00017551179520929603
2791,0.00017550423796663378
6741,0.00017549554657809877
7187,0.00017548464832096533
4247,0.00017547877871474
1563,0.00017540612753549236
4788,0.0001753065655625655
5793,0.00017526085182778948
1716,0.00017520068192443297
3018,0.00017515002439297684
1451,0.0001750840791379045
5662,0.00017507166751409985
5697,0.0001750605483019206
7293,0.00017499906773990189
7006,0.00017494473231356066
2209,0.00017481715930938834
4209,0.00017476331360831242
517,0.00017476022216404003
749,0.0001747345430248277
1234,0.00017459551094488993
3211,0.00017455494457977645
6864,0.0001745313376194372
844,0.000174511706525291
5581,0.0001744486268741695
2268,0.0001743848423517873
3223,0.00017438133574675498
811,0.0001742003655313649
4219,0.00017407370573150574
2469,0.00017405026440076683
5024,0.00017402094320138098
159,0.00017400972216394272
221,0.00017397798925832323
3285,0.00017392897896387357
5741,0.00017378272226684059
2938,0.00017375440339814023
3920,0.00017368225023435462
2127,0.00017366615754528484
2832,0.00017357959382830815
1427,0.00017336007103857428
4664,0.00017330468337439174
6719,0.00017319476324419015
5009,0.0001731788284056429
7189,0.00017313637893157435
6702,0.00017303902766218436
1010,0.00017301174036709555
6044,0.0001729331268503236
1849,0.00017290300654128959
2005,0.00017289434946465517
1116,0.0001727836239129613
1939,0.00017259838535461708
7223,0.00017259415526527994
679,0.0001725556605696598
4970,0.0001724090000723173
736,0.0001722934630952318
1014,0.00017222122999686277
7143,0.0001721275122597401
323,0.0001720574661762152
5486,0.0001720276616539204
5569,0.00017197413219112665
4872,0.00017194256491185757
4145,0.00017190549697781405
3244,0.00017153460887881107
2530,0.00017146045863292725
4650,0.000171434146329383
706,0.00017140157168753526
284,0.00017132696933944844
7045,0.0001711400793350774
4558,0.00017103445345271874
5795,0.0001710313051572451
2751,0.00017102863303348586
2772,0.0001709403441227421
5529,0.00017091401066721888
1245,0.00017089199114899342
899,0.00017082363704681744
3811,0.00017072271744304673
884,0.00017065659922836166
18,0.00017060153943053875
696,0.00017058862651993925
1552,0.0001704655453534742
5372,0.00017034930134522664
5750,0.00017021869271323665
2001,0.00017009929915978185
3067,0.0001699968702918698
1151,0.0001699590949831979
2377,0.00016995698186489388
6812,0.0001699175271770743
449,0.0001698601983309575
6797,0.00016985729297251684
3058,0.00016984725911234753
6920,0.00016977019087667373
6636,0.00016954877914565557
4079,0.00016953174245725323
7270,0.0001695214201999255
5174,0.00016935577415426938
1239,0.00016919215357519578
5014,0.00016917237779420818
511,0.00016911061078517822
7118,0.00016909929058705816
4123,0.000169073679634614
6290,0.00016907042544260755
1814,0.00016882561317071234
6824,0.0001687483083221124
2345,0.00016871370881971876
5431,0.00016864560050433726
6355,0.00016853243317504633
7183,0.0001683207058191851
6441,0.00016821319161616777
1731,0.0001682058346390614
4696,0.0001681851829524678
4835,0.00016815366733097232
5392,0.00016792912295117004
6664,0.00016792813336490863
2407,0.00016775646360987241
3200,0.00016753559176637601
5348,0.0001674280916224236
1477,0.0001674211373581147
6233,0.00016739649870993294
5575,0.00016736323396884665
3124,0.00016735633893894282
3077,0.00016723637656655975
3172,0.00016715790528745437
944,0.0001670765718055234
976,0.00016697705910410655
6662,0.00016696537236805724
6295,0.00016696196541880819
6650,0.00016677172170292254
5573,0.00016671081321413287
6196,0.000166668329521939
2012,0.00016659686825812146
5072,0.00016649580166431123
2031,0.00016643482686256317
576,0.00016643136262605216
5218,0.00016632709359793517
3767,0.00016629186328874382
1449,0.00016619955865256912
2571,0.0001661871011133946
3737,0.0001661381514821035
6182,0.00016609952765564892
5808,0.00016604223069970867
5641,0.00016601788707740298
733,0.00016600068948118408
5721,0.00016597546366159334
4092,0.00016578191520052356
5,0.0001656769832671654
2385,0.00016562100820009058
6374,0.00016556012938415463
2240,0.00016540521196211548
4996,0.00016534879139262437
4377,0.00016530855948646957
5886,0.00016523583058518566
2011,0.0001650208432693161
4840,0.00016498814203469604
107,0.00016498152406800852
5918,0.00016470353261022902
5936,0.00016467279511225448
362,0.00016466540882906176
2446,0.00016461525303773785
6471,0.00016440285515196846
1067,0.00016439842770445893
5375,0.00016429537987262867
4865,0.00016426720735638107
4933,0.00016423816057628652
901,0.00016416117565385674
6633,0.0001640823326797951
2024,0.00016399882754668797
3545,0.00016369132652992337
738,0.0001635880693275225
7254,0.00016346082280353444
745,0.0001633349445674199
1483,0.00016325994558816833
2110,0.00016325712291036178
5562,0.00016314387302445859
1057,0.00016299336212160294
6666,0.00016296352798546778
4257,0.00016294320319044464
803,0.00016274954953082615
1845,0.00016274720786202922
2244,0.00016271471355903234
1735,0.0001627002430634733
921,0.0001626461813342091
5032,0.00016257726457394908
1018,0.0001624290425003062
4741,0.00016230650881429842
6155,0.00016229342635758407
972,0.00016223944666952304
4851,0.0001621262979738759
4286,0.0001620587797554452
5369,0.00016182089138709908
2384,0.00016174400431235038
458,0.0001617350764849952
7317,0.000161663796664587
2078,0.00016164285094131164
3805,0.00016149744343171464
914,0.00016148312182833515
979,0.00016147135022839075
638,0.00016146629147526507
1873,0.00016141797644607408
4813,0.00016141175140747525
7010,0.00016132089385125777
2467,0.00016121449768574975
3575,0.00016121309426526422
3708,0.0001611930329213436
5732,0.00016110962080098122
2860,0.00016095819385394898
1594,0.00016076608773856098
5516,0.00016076328867075298
5723,0.0001607602588091064
996,0.0001607286292964017
3215,0.00016066622654152765
3739,0.00016065810367498292
3580,0.0001606363181055388
5695,0.00016052618988644373
70,0.00016041518786217524
4450,0.00016039342036827867
1769,0.0001602823823936728
4866,0.0001602674201073063
5393,0.00016025613304159085
3937,0.00016008644098431028
225,0.0001600782021083685
793,0.00016000162289973654
2929,0.0001599850161053754
3100,0.00015996351286527973
2617,0.00015993299820383957
4120,0.00015976976927617684
3508,0.00015976375946647202
4265,0.00015974301876151792
6189,0.00015960094072120179
1828,0.0001595766910019831
3859,0.0001595362900399595
6639,0.00015953067201712547
3565,0.0001594973964871431
2190,0.0001594860852938201
2501,0.00015946612467528613
1412,0.0001593520704239888
6328,0.0001591021925492136
6086,0.0001590096110169991
5186,0.00015900872954938415
3115,0.00015898417897438998
536,0.00015897399026003703
1821,0.0001589284634296685
3531,0.0001589110446697844
5676,0.00015890679523209038
2210,0.00015889362805272852
804,0.0001588189325734035
1620,0.00015876361063141435
52,0.0001587266677577382
5382,0.00015871982198681006
2336,0.0001586504684866256
7247,0.00015859306995556554
1806,0.00015851171663303578
2618,0.0001584061328102792
5833,0.00015835587379275056
2986,0.0001583505369911785
1181,0.00015834835345257002
1976,0.0001583145300679018
6176,0.0001582100439502144
7228,0.00015817973675932764
4169,0.00015817164669855544
4438,0.00015816344175938722
2295,0.000158138800424624
2009,0.00015808747108371775
6222,0.00015805068365172217
3528,0.0001579949064696787
1102,0.00015793997071542482
6538,0.0001579357445349398
5403,0.0001578257146723595
6896,0.0001577764889019163
2239,0.00015743081712980394
5922,0.00015735421499211164
4136,0.0001572901837146374
1000,0.00015701538957015688
560,0.0001569548955957742
3479,0.0001568923831845534
1562,0.00015686761618394012
4883,0.00015685835222028019
6897,0.00015685039340977906
668,0.00015682398459173515
1856,0.00015681906082379638
3788,0.00015675570492951457
2978,0.00015666912590198628
4216,0.00015664160678381824
762,0.0001566041889612442
1361,0.00015619361837491662
267,0.00015614614347173074
4806,0.00015596449169622825
72,0.00015592915726666496
193,0.00015582837965867115
1035,0.00015578821773673212
2630,0.0001557704982757481
94,0.00015575883613695954
50,0.0001557546980083176
1393,0.00015574968628446172
6850,0.0001553094003337607
6369,0.0001552408969971233
5961,0.00015516764836123287
1871,0.00015515807693269808
1404,0.0001551362080513142
5865,0.00015508987561217559
1612,0.00015498071230061347
7186,0.00015497227724895138
6982,0.00015495505813091037
5433,0.00015483847725895422
1396,0.00015472547803789248
3234,0.00015471682091736978
6199,0.00015470827611031515
4443,0.00015459849887434368
1913,0.00015458463465505546
942,0.00015440572993903425
667,0.00015440132865463823
152,0.00015438182074785768
4215,0.00015433215250691766
1536,0.00015428375077242197
49,0.00015423809919392324
6386,0.00015416293963634828
3898,0.00015414597820504142
2649,0.00015400267372959212
5320,0.0001538877798309841
5599,0.00015383047076818082
6317,0.00015381177965278825
1793,0.00015379661272839785
1474,0.00015378422812689448
4475,0.0001537233208350454
719,0.0001535928986912598
5056,0.0001534999605690905
6876,0.00015348381903570205
5940,0.00015344192866655458
2290,0.00015339427947527496
5047,0.00015339170611656331
6119,0.00015336804051534767
3816,0.00015332744923394305
5078,0.00015329442845435587
5863,0.00015322049618060377
4314,0.00015316714436714135
132,0.0001531139078754838
4884,0.00015307649943239345
4112,0.00015295037934090513
4105,0.0001529305079267732
2868,0.00015287352025983335
720,0.00015285914093054526
2413,0.0001528534353758178
7029,0.00015277322887493293
936,0.0001526349237741274
1540,0.00015260151499197017
1831,0.00015260073802205677
6635,0.000152517592466874
4374,0.00015251006052107628
4319,0.00015243398709907432
3382,0.0001524184214682832
5474,0.00015240402788493888
477,0.000152356357924102
4815,0.00015232160218077843
6299,0.00015216709452403496
2774,0.0001518151011545508
3700,0.0001517493260388514
4666,0.00015174507052963655
6292,0.0001515753100954084
348,0.00015152068918071972
5111,0.00015132828036013813
4958,0.00015124688278668605
2744,0.00015115376665746576
3930,0.00015103422355586867
5193,0.00015096328948185282
6521,0.0001509296566547752
6687,0.00015090073985806078
4644,0.0001508553364569431
922,0.00015078716737522657
5442,0.00015077343009075694
6563,0.00015074382631226235
2366,0.00015064855413763112
5294,0.00015062332677835688
6891,0.00015062153426949164
7150,0.00015060304013800346
6208,0.00015059082433479352
6234,0.00015050315856189836
3978,0.00015047229888657182
6372,0.00015043877391434095
2472,0.00015039040974756045
2712,0.00015037234418616727
277,0.00015032739308164228
5115,0.00015030290656408197
5711,0.00015026157376178787
5355,0.000150236122642688
6060,0.0001501691667904938
5930,0.00015011143115347157
2942,0.00015010314051599815
839,0.00014995776533819016
3924,0.0001498192717227818
418,0.0001497626617122415
2342,0.00014964438344568023
5043,0.0001496269137515487
4930,0.0001495568203683736
1123,0.00014953663772255057
1054,0.00014947885817953298
2220,0.0001494316178497727
4312,0.00014935094214899873
79,0.00014931854794139376
83,0.00014931370748992468
3586,0.0001492388732137891
2476,0.00014920753358678746
584,0.00014906034760327934
2554,0.00014904195313785162
6291,0.0001490402992332897
4798,0.00014899094861423116
6306,0.0001489705530449825
6644,0.00014881640519596418
3107,0.00014877142011298817
7111,0.000148688174520093
3828,0.00014866939262274227
7133,0.00014866284368233077
680,0.00014859290686974696
841,0.00014852452678064816
2137,0.0001483087500308311
2434,0.00014824893932384044
6968,0.00014813414528066926
7031,0.0001480995572286578
1313,0.0001480080348760028
1545,0.00014799577499488442
1006,0.00014793195389119907
4401,0.00014789211672462421
2609,0.00014788521235231615
5767,0.00014777712113887061
1148,0.0001476956869575375
3070,0.00014768545713558597
3746,0.0001475403303083154
2829,0.00014752174491447455
1391,0.00014751741180693448
6718,0.00014749894105709624
2593,0.00014746524538927712
890,0.00014746434347297408
4641,0.00014745594249830662
573,0.00014738863805555517
184,0.00014707939560308473
6975,0.00014706774591695748
2440,0.00014701589464596065
2057,0.00014698006653273064
5103,0.00014695639242380776
5915,0.00014694809632725373
5020,0.00014689968419017774
4139,0.00014687587258415785
3341,0.0001468700047066652
430,0.000146776318593406
1158,0.00014676758846860407
5363,0.0001466497800650341
3611,0.0001465476971830955
7242,0.00014651166229535435
3240,0.00014647621461414735
7068,0.00014638747863152384
4127,0.00014620430804073483
1105,0.00014619047009158063
1539,0.00014608003810500907
4049,0.00014600040114420685
4574,0.00014592522469401262
3137,0.00014592023175891153
1369,0.00014589039719435648
102,0.0001458774651294935
5639,0.00014581778605778404
5283,0.00014575203043555454
6637,0.00014573910057499837
4070,0.00014565818295855895
3000,0.00014561954142793083
7005,0.00014558986432574667
1791,0.000145538389435258
5331,0.00014551094646608306
6501,0.00014544854120027322
632,0.00014519384463482124
1405,0.0001451593169798927
730,0.00014508195758083228
5813,0.0001450793076922163
711,0.00014503464879298363
2392,0.00014502707828898225
6448,0.00014499184360011776
683,0.00014498600974239339
6280,0.00014496790501194535
4218,0.00014489076861778498
567,0.00014481549129628676
336,0.00014477349977533942
1564,0.0001447210742693094
5882,0.0001445790123056813
3339,0.0001445135821934323
2445,0.0001444053847867596
5828,0.00014437078906398998
3160,0.00014417879180497376
712,0.00014401172144867179
1232,0.00014400110744268007
3532,0.00014393533143881453
4653,0.00014388831368740274
1611,0.00014388310772725524
3619,0.00014377699897288304
5326,0.0001436190390963827
1466,0.00014340749627045097
703,0.00014339007794472025
2667,0.00014329006417845722
3432,0.00014324922095321324
7034,0.00014314866256756297
1697,0.0001428642312295742
2844,0.0001428606320922791
217,0.00014256973275014644
5469,0.00014249796981486836
5722,0.00014249585042459912
3742,0.00014249305629478808
6100,0.00014220932796090284
1665,0.00014217698243186125
28,0.00014208291320069673
5328,0.00014207747838296698
2656,0.00014207202633845803
614,0.00014190498566941224
5347,0.0001418937418489381
5447,0.00014185888386003437
3733,0.00014161679723326888
2355,0.00014155546919579403
5874,0.00014146746484805574
1605,0.00014142171703238402
304,0.0001414160622221834
6217,0.00014125087040459783
1862,0.00014123981770993796
429,0.00014118824582056756
6589,0.00014117665414572591
2346,0.00014113013040470627
4792,0.00014106816644078886
2221,0.00014095983970305176
3880,0.0001409519697971188
4871,0.00014093615684961688
3262,0.0001409288685610603
446,0.00014085241388013482
3734,0.00014084678324936727
149,0.00014070508393373561
3037,0.00014058073221640747
2566,0.00014035078852172144
75,0.00014034772643013146
6527,0.00014034201419995223
2014,0.00014028157005217665
172,0.0001401303516582048
6460,0.00013999591578620475
1155,0.00013983939168250986
2120,0.00013978088681150882
6010,0.0001397110960904978
4323,0.00013965631253466324
5147,0.0001395690436144244
2982,0.00013930985704220105
1668,0.00013926905583836325
5105,0.00013924518280816802
5850,0.00013921517856071346
1165,0.00013913485537204686
1872,0.000139125966299822
3743,0.00013909425880537712
3996,0.00013909377938838507
4620,0.00013894943088259168
3032,0.0001388919550943706
518,0.00013889131488728713
5745,0.00013878620344886172
5623,0.000138757116602314
1203,0.00013875141537429648
263,0.00013874272212962026
6942,0.00013872474055095637
3462,0.00013868180027177033
981,0.00013861179884449982
1802,0.00013853411983842895
737,0.00013836497674185556
2471,0.0001383339349610971
651,0.00013817968363446386
4720,0.00013808481611507484
1519,0.0001379587952529867
327,0.000137951253041547
753,0.00013787085060143646
4519,0.00013787077354780183
4805,0.0001376786141161449
1194,0.0001376071478127657
4829,0.00013756603031964557
1898,0.00013753781311612822
6247,0.00013753045486374787
2459,0.00013743822134703045
1523,0.00013720615392351016
6045,0.00013716691551920638
5192,0.00013712054022080062
216,0.00013692993505703708
6125,0.000136908245975083
156,0.00013690743803144602
7322,0.00013688116293390952
1188,0.00013687345222319067
4921,0.00013684011934439935
4937,0.00013680255810747844
2319,0.00013674859934968418
3808,0.0001367482054078703
2293,0.00013674426906160972
838,0.00013667346029898228
5399,0.00013647301698648965
647,0.0001364418188099314
2201,0.00013635861614583544
6321,0.0001362989149614835
969,0.00013627110484553878
7335,0.00013626270867253743
6567,0.00013620854407252054
3975,0.00013620681445590887
6069,0.000136115675337436
2911,0.0001361133432251996
1751,0.00013603534591110592
1994,0.00013599294098358438
5260,0.00013596218877693522
4976,0.0001359450812933407
5329,0.0001359367947068175
40,0.00013591539656565278
967,0.00013589127817446438
865,0.00013587375563956888
3682,0.00013584632352453137
6808,0.00013580629556190452
6238,0.00013569982234773266
5999,0.00013568421137676804
5099,0.00013564258774436603
1816,0.00013563128862427093
671,0.00013561520547099407
6754,0.00013559337509481528
1961,0.00013553986161472957
2981,0.00013547655676430484
6123,0.00013547166461357792
891,0.0001354342892095559
6772,0.00013539617605470378
3122,0.00013536652648364812
3804,0.00013516295957023504
368,0.00013513236423850003
7023,0.00013506264959350182
2738,0.00013503965416375644
4072,0.00013503276427020825
3213,0.0001350197446045706
3663,0.00013497756404454232
1958,0.00013492593019591702
6671,0.0001348735312323675
7212,0.00013470938973573563
1136,0.00013469062537609545
1667,0.0001346708037118631
4598,0.00013466691303077607
6886,0.00013463053302881483
1554,0.00013452680716463352
3525,0.0001343168658947646
3535,0.0001343045526968461
3751,0.00013425331050079305
2644,0.00013417609488234104
6771,0.00013414556583111063
6561,0.00013409427344706102
258,0.00013406167095611946
6884,0.0001340128387396796
1543,0.00013391913129703358
6543,0.00013389875819094736
2069,0.00013375556937674911
3845,0.0001337547309726205
4260,0.00013358299365336218
2007,0.00013356951993710487
1593,0.0001335633787004771
6577,0.00013355147331888526
6602,0.00013348794446913748
3170,0.00013343826200813152
6587,0.00013335135291521924
4063,0.00013333149741205644
735,0.00013320523530684514
1244,0.00013310223150165556
6275,0.00013298607406391286
242,0.00013297724468070213
5470,0.00013271400538890084
3291,0.00013270902813553224
5384,0.00013252799993933718
701,0.00013246675084191433
4582,0.000132453712025129
571,0.00013229107766463903
1870,0.00013228559281304217
6296,0.0001322636498815915
2008,0.00013222357376852778
3302,0.0001321945044320593
1688,0.00013217076051580848
5785,0.00013207195312090375
7140,0.0001319644243176086
4617,0.0001319461179842681
1765,0.00013178677012223606
958,0.00013177096398364946
6090,0.000131753285956594
5511,0.0001317223907984026
5510,0.00013172123612842436
4085,0.00013170670402363024
3681,0.0001316478450961004
4067,0.0001316239650768339
2580,0.00013159959082135209
3841,0.00013153924985186385
7008,0.00013151428367153483
2835,0.00013145336121996284
6805,0.00013140969932567476
2848,0.00013134833475509717
863,0.00013133097631804467
2302,0.00013124219465328882
3760,0.00013119605289157722
821,0.00013086403971056826
3143,0.00013083683869191104
1884,0.00013081725425974168
2054,0.00013066052654255432
2468,0.00013064346213020436
685,0.0001305664037390736
4753,0.00013055827817019192
937,0.00013053741989444814
1899,0.00013047938304350208
5608,0.0001304499151260161
5643,0.00013040672090012894
5067,0.00013039737972714684
4584,0.00013036115774991123
1191,0.00013032844016532382
4814,0.00013031633027739121
5627,0.00013012380761648156
7318,0.00013002005940224192
4660,0.00012986562489288907
6482,0.00012984941791555402
5501,0.00012983989245332736
514,0.00012976380893602556
7331,0.00012975629366168492
7054,0.00012973740955737146
6575,0.00012966474847557984
3579,0.00012959739975783777
88,0.00012958608731554838
7324,0.00012957362578154173
3646,0.00012935751399791934
6714,0.00012934941850644693
2998,0.000129235114449626
984,0.00012923360986116426
4786,0.0001292335664298889
6089,0.00012917314122106843
1027,0.00012912888613204096
1805,0.00012911670642072888
3460,0.00012911227342785126
2104,0.00012911145210977928
6961,0.0001290870191516612
1208,0.00012908667240613692
4313,0.00012907171742294
2204,0.0001290598151706126
3233,0.00012901941671091428
2771,0.00012895624248349344
2710,0.00012873118132266775
3698,0.00012870083145418768
6282,0.0001285173447958579
5606,0.00012841305485170244
1167,0.00012838346511804654
7219,0.00012833768783182499
5637,0.00012831612698669637
7124,0.0001282955157712141
1415,0.00012829249075478963
6038,0.00012820766018553162
3322,0.0001281951308470759
5901,0.00012805349343198073
457,0.0001280093334243593
5972,0.00012798762438850114
7205,0.00012797788688389522
6776,0.0001279659610362273
4552,0.00012793810447827935
3657,0.00012790646901702428
544,0.00012785989017407114
192,0.0001278272707259125
2926,0.00012774631415766097
3129,0.00012769544482804917
6547,0.00012767875745041797
433,0.00012744566350004387
3299,0.00012730775378967698
6949,0.00012729820482141764
5762,0.00012722711107314395
6603,0.0001272000425265558
5295,0.00012716989030980011
3362,0.00012713986251074999
5923,0.0001271125731921411
3055,0.00012707555964856695
4757,0.00012707377893757623
4030,0.00012706081436515872
6758,0.0001269813536274808
2902,0.00012696663342585138
5199,0.00012695467822030024
4057,0.00012693980706307217
506,0.00012686794321945834
2939,0.0001266406511824689
6753,0.00012663521888558
1223,0.00012657116082137544
5773,0.00012652457975492135
383,0.00012646685248026402
6992,0.00012630962807924696
5652,0.00012630685739641907
564,0.00012629053119145333
87,0.00012627568306524938
1356,0.00012620990517661553
3510,0.0001261986430464519
5485,0.00012614752613636498
98,0.00012612924414664336
5499,0.00012611357454550074
3984,0.00012610123194488256
2925,0.0001259973854813152
5239,0.00012589235578025027
500,0.0001258682500753396
2341,0.00012585172081987152
2311,0.0001257931458211441
3047,0.0001257915271994022
6918,0.0001257879277474723
834,0.00012578723762399094
3061,0.00012573692406604386
6178,0.00012569176192772627
4978,0.0001256132740010112
6366,0.00012557465643304227
2461,0.00012556175018582232
7230,0.0001255220169585815
4954,0.0001254947510724464
2344,0.00012548252416792627
4332,0.00012544146986303317
7046,0.0001254243742830651
4854,0.00012541773279327
5952,0.0001253331575622933
4949,0.00012506367455531215
4961,0.00012492101736932197
4703,0.00012486248794747886
5963,0.00012481252086890998
1469,0.00012468503759517302
2739,0.00012467899062449655
6257,0.00012465398467753394
913,0.00012458833547331942
4497,0.00012457474208762745
5264,0.00012456911224292643
1390,0.0001245384008159012
5995,0.00012452155551552745
5455,0.0001245117179186226
393,0.00012438762464308018
1618,0.0001243388072773232
5556,0.00012432661664402064
276,0.0001243122560443438
2179,0.00012427875708091626
6921,0.00012421655538964494
4321,0.0001240264698206151
6066,0.00012376297415373887
6769,0.00012373003140659394
6983,0.00012371634706609261
6927,0.00012333204376118703
4495,0.00012332269312294585
932,0.00012322073430183234
4308,0.000123213159745035
1453,0.00012314301487222613
2251,0.00012313653045368123
491,0.00012309707141013973
4810,0.00012285179936692754
7032,0.00012283919617448792
1334,0.00012282320310233471
1598,0.00012280739659161632
1736,0.00012279996814645522
5877,0.00012275440364614915
7167,0.00012274091337008975
2524,0.0001227114157593619
5323,0.00012270335515956942
1013,0.0001227007226203791
674,0.00012266081478054904
3261,0.00012260801799986732
910,0.00012256880533750644
2787,0.0001225050539592811
507,0.00012241286775361215
1274,0.0001223878136186337
916,0.00012228435890362512
2638,0.00012227165308567684
531,0.0001221014149943629
7169,0.00012198481182883758
3758,0.00012195862927658871
2646,0.00012188252213272132
352,0.00012177718447316016
6193,0.00012177506942441262
2779,0.00012169599246171384
4514,0.00012143323855978332
5401,0.00012139339699905008
5852,0.00012130976957665038
6615,0.00012126375402272288
3827,0.00012124424967415825
6228,0.0001212100457671202
1043,0.00012120478346977953
2658,0.00012119419007533246
6948,0.00012115775696470194
2021,0.0001210525394695967
6415,0.00012104426960299154
1326,0.00012099680606725413
6383,0.0001209514844038026
7051,0.00012092850445483295
6164,0.00012092791961876405
816,0.00012091283646106485
3120,0.00012090321003632983
7281,0.0001209022293036104
6214,0.00012089275242355083
320,0.00012086699314785733
384,0.00012084107969835434
5964,0.00012078504369451712
1691,0.00012076013568348768
2243,0.00012060802065730162
657,0.00012056601272826566
1558,0.00012056557321336898
5560,0.00012039335693687206
2141,0.00012020129437420563
4793,0.00012019942830609107
6137,0.00012006333247979393
4972,0.00012004490354315355
7112,0.00012002475578750963
2155,0.00011992751099648938
2948,0.00011992717742349748
6980,0.00011988225181822552
4917,0.0001196568749390062
2602,0.00011959431200119525
1419,0.00011954780174556104
1980,0.00011951406728552307
6327,0.0001194145739061341
7154,0.00011939055707672876
5048,0.00011936918799400523
322,0.00011927562302953938
6631,0.00011927318964407812
5380,0.00011924085890080728
1480,0.00011924083716519757
5535,0.00011923370266884495
938,0.00011918479220234728
4382,0.0001191755877730886
4555,0.00011912832767529106
807,0.00011903044045629651
6661,0.00011895389954082815
2466,0.00011887352379768415
933,0.00011883347588242078
7040,0.00011863578974375881
5104,0.00011858206930677852
4967,0.00011852976925047231
74,0.00011852965775581927
4683,0.00011839070774751748
1452,0.00011826737628988342
6518,0.00011824677841533846
2253,0.0001182146235731061
4614,0.00011818997125527003
411,0.00011810732789943043
4532,0.00011805085451091062
2763,0.00011802404207060055
6093,0.00011789124307383001
5464,0.00011780689971783697
3145,0.00011780443551039161
6492,0.00011779178205140637
2773,0.00011778266869795346
4486,0.00011774707506528856
1134,0.00011771862301772698
6560,0.00011767745551173657
637,0.00011765561416182276
2849,0.00011763991242882133
3132,0.00011761366428528702
5311,0.00011755633100417746
2068,0.00011751652420336034
3441,0.00011750791213839553
1747,0.00011748850665242329
167,0.00011746564710588191
5910,0.00011742908239870299
5991,0.00011739184732820421
5361,0.0001173901070186563
6169,0.00011738308014603069
2917,0.00011722689563761166
589,0.00011715135430681318
1621,0.00011709442453159255
1221,0.00011707929180607198
5408,0.00011694759412450165
6127,0.00011686200019485677
394,0.00011677834497687587
2308,0.00011673303261266575
1490,0.0001167232318048266
5927,0.00011672236220268921
3403,0.00011663409351511499
7159,0.00011645535018612479
453,0.00011636521394162576
4478,0.00011635708665135564
3901,0.00011627842362900111
2592,0.0001162539104364734
5635,0.00011623135374548725
2226,0.00011614667754370465
3502,0.0001161287129885894
810,0.0001161202547313513
6181,0.00011608567915558242
1672,0.00011601665275663106
3496,0.00011600034205028255
5291,0.00011599320304544505
313,0.00011589468869527885
7134,0.00011589329646854707
5443,0.00011580711799129879
2811,0.00011567155198212194
2814,0.00011564022381625918
5426,0.0001156036110582208
380,0.00011556645149309471
2338,0.00011544943883089229
2543,0.00011539275730929551
1510,0.00011535789957888571
5165,0.00011534768800123436
4251,0.00011529858601658921
7338,0.00011522920034423472
4823,0.00011513862505312336
5845,0.00011509855213557318
2296,0.00011509157889082162
6607,0.00011507951149192172
2973,0.00011506533242208385
5912,0.00011495948941242043
6313,0.00011492082698936501
244,0.00011488916168659012
5008,0.00011488881008058179
2390,0.00011488214318710638
1544,0.00011486741029475921
896,0.00011484575014162528
7316,0.0001147464247257745
4525,0.00011466628148072591
306,0.00011465954249425034
1137,0.00011458333865031756
4392,0.00011452637812788905
723,0.000114354599432508
4881,0.00011428291202158498
4941,0.00011407902603465237
4573,0.00011403594139493675
20,0.00011399517251048186
670,0.0001139771395182058
3245,0.0001139621648922606
301,0.00011387199653231102
4207,0.0001136237868366883
4890,0.00011353892940912468
1088,0.00011345450348914567
2957,0.00011343505916858613
3490,0.00011331911821140124
3856,0.00011316881272673881
1478,0.00011316672713714259
341,0.00011314250138562922
4625,0.00011313886485632383
7279,0.00011306713440822203
3173,0.00011305681554476504
4330,0.00011303180075013266
4409,0.00011296863564782777
5751,0.00011295925719191074
1692,0.00011295169965875049
6493,0.00011293411517228333
3726,0.00011289914726481878
3485,0.00011281767478530274
1847,0.00011279579791969972
4697,0.00011272378013711051
3226,0.00011266909635025627
358,0.00011265347597389262
5644,0.00011256401540801598
3728,0.0001125560424111462
6006,0.00011253732919814778
6162,0.00011251244200813135
4876,0.00011247662460259748
3665,0.00011243490875185763
3973,0.00011238890155472772
6469,0.00011231995564195039
3620,0.00011231766336124346
1263,0.00011227365838806073
239,0.00011223018051246778
570,0.00011221213088756049
5336,0.00011218477609667863
6684,0.00011211536243336374
5316,0.0001120521459838462
5084,0.00011201012393897638
1236,0.00011199660381495404
288,0.00011197388620712147
3932,0.00011193594237490792
347,0.00011188788150578725
6480,0.00011182389568224981
76,0.00011178264125217188
6698,0.0001117800240036965
1349,0.00011176106681368397
3738,0.00011175351052236654
7284,0.00011174603186048617
2706,0.00011171753315244735
757,0.00011170007088306862
5687,0.00011165940535054532
4852,0.00011165011878483027
1812,0.0001114337541995307
1240,0.00011142620593144743
6619,0.00011138759515638474
5259,0.00011131356178723683
6239,0.00011120655409206138
641,0.0001111547058609528
444,0.00011107699733629946
6363,0.00011103635181714392
4140,0.00011093896169650486
6459,0.0001108588048272027
6067,0.00011074239831606021
5771,0.0001106620415456544
7301,0.00011062850548866572
4618,0.00011059467826921666
3019,0.00011038312934665706
6544,0.00011033522230550168
357,0.00011031537495494421
4708,0.00011029790609207101
5798,0.00011029190540611627
1589,0.00011023546472998916
2770,0.00011013855603159911
3875,0.00011002631670618961
2508,0.00010998927084276767
1290,0.0001099778326126642
334,0.00010996845920778095
2094,0.00010991481668017202
7116,0.0001098782165437766
867,0.00010984074008346017
1657,0.00010979876154929117
1951,0.00010959676067851879
3570,0.00010956747159876348
687,0.00010943105573370181
460,0.00010939203861679571
2223,0.00010938760282975924
2122,0.00010934896245045879
3550,0.00010933960202961995
3878,0.00010933739794166516
1370,0.00010933362040717189
2699,0.00010933145987869649
1815,0.00010931323431365031
4024,0.0001093117402550069
2588,0.00010929791641534267
4137,0.00010927800231131129
3297,0.00010920713080308565
6831,0.00010920620057612996
67,0.00010909501513530331
1371,0.00010899485573959248
5358,0.00010899298543054884
2250,0.00010897728418540956
4262,0.00010896255211479356
2247,0.00010882927260731666
4989,0.00010882496943709405
3861,0.00010878934997377775
6715,0.0001087721505902994
3961,0.000108637154500281
3982,0.00010855498785341392
6117,0.00010849870892012672
2720,0.00010842937744575583
1610,0.0001083869335813355
5558,0.0001083770864639357
4099,0.00010836373528565854
1360,0.00010830940050495739
6571,0.00010821365098396006
1070,0.00010821248461609679
1991,0.00010819020429471838
5689,0.0001081820788771529
6274,0.00010816477690008723
3626,0.00010813079307031857
1820,0.00010804884698550943
3391,0.00010804548031905139
542,0.00010779274236705135
4869,0.00010778394853321654
96,0.00010774729618575523
3026,0.00010772446597865028
2064,0.00010766113200993491
3332,0.00010755548330156593
2398,0.0001074736204610411
3387,0.00010740335679876099
5787,0.00010736316957459179
840,0.00010734877948377913
3334,0.00010734250469178057
6467,0.00010727161734253887
6116,0.00010725801697256728
5645,0.00010720575492708952
3803,0.00010711199408576992
7224,0.00010704236886196488
2388,0.00010699916572063582
5493,0.00010694980335776034
6732,0.00010693212731240148
3683,0.00010688962428617802
5491,0.00010684676267366806
6251,0.00010680285494922033
2065,0.00010676696630867392
1757,0.00010656810387287119
1712,0.00010650719885514915
1392,0.0001065062334323013
986,0.00010650012410957201
5904,0.00010647360977278009
6867,0.00010638891868816199
6329,0.00010634117683660033
5172,0.00010633636149687469
4839,0.00010627712672764412
6361,0.00010623908135400681
596,0.00010609380993516515
497,0.00010599715398693739
350,0.000105982814170822
4570,0.0001059692500958637
537,0.00010591492864724634
6190,0.00010582936250340343
3989,0.00010574779524093238
4654,0.00010559872023094529
4469,0.00010545535455907752
2216,0.00010545192772536642
6841,0.00010535735616655498
3177,0.00010532760985112654
6260,0.00010532187559014472
6759,0.00010522774814694449
5893,0.00010518404958439345
6605,0.00010517287293304857
699,0.00010517184409310775
1900,0.00010506256999137397
5368,0.00010499329895268851
2039,0.00010490021034858683
6085,0.00010486584177894338
2777,0.00010485141775150085
5820,0.00010484650267762903
1338,0.00010482649254237871
378,0.00010482040169162494
5312,0.00010466610586016051
5653,0.00010465462169505158
2671,0.00010457360503477422
5518,0.00010448553461505944
6466,0.00010437991027349856
925,0.00010433946379460165
3855,0.00010432478673410419
3591,0.00010427425199939253
165,0.0001042681676953932
2810,0.00010424736822515967
1824,0.00010421064628162772
7340,0.00010407377857138631
6613,0.00010406678761517232
1187,0.00010405193791436965
1813,0.00010392326031483249
5753,0.00010387357685802775
4397,0.00010386677188840291
2632,0.00010383663397346072
6048,0.00010374362733921111
630,0.00010374297535911814
5992,0.00010373168704457484
2748,0.00010366342069817954
1671,0.00010365002934087318
2080,0.00010357236246145659
4622,0.00010354479775760333
1276,0.00010347026363814163
690,0.00010345457854020689
1577,0.00010343073332066749
2356,0.00010334057293180017
396,0.00010333042772952282
4900,0.00010321135410630919
4686,0.0001031646906390953
5994,0.00010315589401118432
4579,0.00010311910457004426
1916,0.00010309037710263653
1975,0.00010302764839652132
5387,0.00010298592094080363
2827,0.0001029729530972091
6727,0.0001028855912101972
315,0.00010285717379247112
2365,0.00010279975428893967
1673,0.00010279279632276954
1318,0.00010278775393825035
6401,0.00010271731880522442
6095,0.0001026249174751896
3016,0.00010258121569952115
6675,0.00010250326176142961
5023,0.00010249149631197487
6255,0.00010246954076107657
6820,0.00010233451818967177
3837,0.00010229927257579279
3224,0.00010214196959040219
333,0.00010199684695686913
6186,0.00010180664931657942
6103,0.00010174103994959101
7262,0.00010172211844017806
2063,0.00010165417357099106
2932,0.0001016121608118668
5925,0.00010158123318982058
6895,0.00010156875889149842
6301,0.0001014762843810441
4667,0.00010145239341135168
6562,0.0001013640572921565
1883,0.00010127026696955986
2037,0.00010124196176628142
7047,0.00010122025895978525
4704,0.00010120247829715394
6115,0.00010112869893623477
812,0.0001011229836670249
5837,0.00010110914126526173
3934,0.00010104183892224038
5046,0.00010104000673643534
454,0.00010100452065884664
3079,0.0001010014587752914
4170,0.00010095358311377456
5728,0.00010084908930846291
3373,0.0001008296723934103
558,0.00010077895494368447
195,0.00010071660318530996
6879,0.00010067055776052925
5630,0.00010063307547206715
1218,0.00010061010002845286
4826,0.00010058116216097657
5153,0.00010057370251139838
1603,0.00010055579086219088
859,0.00010041653040133714
269,0.00010041061857504662
1114,0.00010036842066760108
3936,0.00010034434533845447
4077,0.00010025986942740342
2478,0.00010025945000407277
2441,0.00010021039495916351
7020,0.00010007560992999016
422,0.00010003677366929747
1977,0.00010000187960310055
2616,9.994423506754792e-05
6743,9.987731914110464e-05
203,9.984731924111707e-05
3969,9.983846951074913e-05
6870,9.979701112007774e-05
1143,9.977128605914083e-05
5149,9.973735591329417e-05
4065,9.970464038752643e-05
3180,9.969391850580059e-05
1342,9.950553378564511e-05
10,9.942578941255803e-05
3551,9.937837988171969e-05
233,9.937038274678627e-05
1485,9.934080362273035e-05
1978,9.925913519768836e-05
6254,9.918978133184073e-05
5749,9.917314350355727e-05
6716,9.912965283115515e-05
6531,9.906523849668235e-05
4155,9.900655582916207e-05
6514,9.89269005725094e-05
4238,9.888344667127501e-05
1482,9.882274237202645e-05
3376,9.881648719792051e-05
2528,9.881074697656846e-05
2027,9.879950324424128e-05
268,9.874509753265891e-05
3004,9.873648830634066e-05
918,9.871206992775464e-05
6796,9.867103982025631e-05
6224,9.866932692818338e-05
2117,9.862614069519188e-05
427,9.859262320817264e-05
6689,9.847007504840821e-05
4609,9.840289506470491e-05
1995,9.83860379083567e-05
5225,9.829741687009477e-05
4121,9.827223721570928e-05
3981,9.826652930458027e-05
6609,9.826214867234492e-05
4940,9.825317175019006e-05
1570,9.823598943510473e-05
3727,9.822780542750032e-05
5176,9.811421079474813e-05
2971,9.797973870341951e-05
3189,9.792516721731939e-05
5319,9.790026169201534e-05
1695,9.774426582916032e-05
1092,9.772755261364832e-05
3576,9.764200851576672e-05
1758,9.764181011858034e-05
5576,9.762820384949473e-05
7290,9.748537746593449e-05
1204,9.74547658748717e-05
5609,9.744413746994761e-05
7156,9.735568497313951e-05
3171,9.734898026702888e-05
1255,9.733482920852582e-05
3133,9.729801569188753e-05
6708,9.715896773466868e-05
4240,9.711264611413224e-05
6007,9.700711674101643e-05
7213,9.700148496582244e-05
648,9.693972875420939e-05
3325,9.693165073564888e-05
5356,9.692999505174564e-05
7148,9.690094297374048e-05
1784,9.689216898172914e-05
4138,9.687317723981943e-05
7073,9.684986905653159e-05
2535,9.68134196946922e-05
619,9.674520021843113e-05
3087,9.671131271711146e-05
3702,9.662810253627478e-05
5831,9.657671608004181e-05
6660,9.656975147373062e-05
451,9.656662096273652e-05
2278,9.649468772332577e-05
2582,9.643094695802818e-05
6370,9.64262480191364e-05
2760,9.64013889215519e-05
1836,9.626837051318152e-05
5206,9.619721565448864e-05
3785,9.609376194415598e-05
2863,9.597977941311239e-05
1907,9.59735609689173e-05
1473,9.59509720854642e-05
1331,9.594902184018812e-05
3721,9.58702202587677e-05
2993,9.576371289024354e-05
3301,9.574551591016291e-05
3439,9.568568820887155e-05
4492,9.564485747060901e-05
2984,9.562637130931296e-05
3326,9.5588384416898e-05
6826,9.552373755187193e-05
6880,9.54396548569177e-05
4034,9.5234616961811e-05
4714,9.51681045062686e-05
4292,9.51541644868517e-05
2885,9.509632085894826e-05
2484,9.507183526480351e-05
895,9.502801701155702e-05
1676,9.502441519035397e-05
6014,9.502325058226712e-05
5879,9.501597108496965e-05
2111,9.501217953181924e-05
1573,9.490153911961485e-05
6611,9.484016260840576e-05
1122,9.481814117902496e-05
2030,9.476218142003409e-05
6643,9.474265698691765e-05
3740,9.465267867544821e-05
1113,9.451820709201974e-05
5449,9.442407792190828e-05
6245,9.440926682039726e-05
7104,9.439167866737092e-05
3110,9.43435771854368e-05
240,9.425732837181707e-05
4174,9.424863803322626e-05
1149,9.419979276198554e-05
4776,9.417998697681512e-05
4861,9.412533504834828e-05
5846,9.406644373636427e-05
1734,9.402426860928917e-05
6977,9.389554987435832e-05
6925,9.373842263307822e-05
5598,9.37226951020738e-05
6569,9.371062703923824e-05
1993,9.364687127158353e-05
547,9.360396247200705e-05
6173,9.354718739483835e-05
5594,9.343033643375583e-05
6279,9.337579244338072e-05
765,9.334474144648568e-05
85,9.331442526747343e-05
5658,9.327064807937472e-05
3770,9.325841794634303e-05
3152,9.321632984133613e-05
4203,9.317359394118719e-05
2648,9.316309096170762e-05
2764,9.31407767430661e-05
5370,9.30851271375122e-05
1727,9.304685296134708e-05
4268,9.30135665385987e-05
1823,9.296530240533083e-05
7174,9.296305680516278e-05
480,9.29524033480176e-05
1796,9.282582908166738e-05
6807,9.28188087331215e-05
3911,9.278771147236444e-05
5659,9.276582960023997e-05
4827,9.261040535136495e-05
5880,9.25868676740886e-05
5077,9.257273776179779e-05
232,9.250846861423489e-05
6325,9.247850577058247e-05
6874,9.247674203403722e-05
6985,9.23849006115778e-05
6062,9.229001470132058e-05
2516,9.226776376644408e-05
1981,9.22413298718467e-05
888,9.22329785487701e-05
3902,9.219475652173518e-05
4036,9.205319841327995e-05
4318,9.203562299598577e-05
5894,9.19540070627516e-05
1379,9.188319909067038e-05
6622,9.182336149286456e-05
886,9.173821930468052e-05
1583,9.160098984872019e-05
5983,9.155714873452936e-05
6783,9.14556107174997e-05
289,9.143681354282556e-05
5374,9.135234533116883e-05
2947,9.132713839501477e-05
3675,9.128967119431974e-05
1226,9.11909233354559e-05
1988,9.117697328665647e-05
6088,9.10621280398204e-05
587,9.102097240803397e-05
3800,9.098720528259645e-05
4178,9.093500904935306e-05
574,9.092570250314127e-05
2349,9.091458791693148e-05
1807,9.083183916291815e-05
4577,9.078951266683523e-05
6147,9.078631556907099e-05
6281,9.077301460928376e-05
1841,9.076730123889337e-05
525,9.072934370820288e-05
3431,9.068509527647679e-05
5628,9.06677110004397e-05
6468,9.064574110569236e-05
6497,9.062019027411725e-05
2369,9.059168552070139e-05
3356,9.053417850689617e-05
6999,9.0533065385272e-05
3258,9.052439441369562e-05
4702,9.05194768089486e-05
2733,9.049191660012132e-05
2300,9.048097217199215e-05
3286,9.039311355052117e-05
1923,9.03716480327778e-05
283,9.032577859107058e-05
1811,9.022400397943941e-05
3962,9.020362887525086e-05
3730,9.012286392481542e-05
4915,9.003901820814887e-05
1073,9.003628496158423e-05
2603,9.001262803712981e-05
3089,8.993849518739211e-05
6912,8.992337789531839e-05
181,8.98665229945289e-05
6795,8.980873085806494e-05
2755,8.977415954896623e-05
7323,8.976841931088972e-05
1795,8.97316621491556e-05
1674,8.956827954739594e-05
4855,8.955384941842073e-05
5450,8.954782963868814e-05
5734,8.953627971593858e-05
2931,8.948837008526089e-05
2289,8.945219520649144e-05
7271,8.941733898579472e-05
2521,8.94145913173316e-05
3282,8.928546072527604e-05
3165,8.927130450495724e-05
7310,8.925313550157687e-05
2134,8.924605874398943e-05
5230,8.921588265166974e-05
5496,8.912876221326576e-05
6271,8.904883329903223e-05
5130,8.897988307308134e-05
832,8.893601439585504e-05
3435,8.893214925025743e-05
3009,8.889971141457801e-05
4269,8.888335173450321e-05
2828,8.885551920285716e-05
5929,8.882581163588638e-05
2620,8.864725838141115e-05
2837,8.861938489904645e-05
3709,8.837916091138433e-05
3935,8.837497773271402e-05
6579,8.83466769434311e-05
760,8.830806827008825e-05
2510,8.828079366540774e-05
686,8.82475948798291e-05
1339,8.815379248459612e-05
6620,8.786654677745198e-05
1039,8.785223094442303e-05
4910,8.779934510349305e-05
2788,8.776759071728953e-05
5150,8.770967923455294e-05
6669,8.759323010694935e-05
2004,8.756495752323836e-05
6774,8.755477184406308e-05
6256,8.7482932180821e-05
505,8.745255440375469e-05
4600,8.74456434776225e-05
3293,8.742487847796167e-05
6376,8.73726579832652e-05
2610,8.737190904700059e-05
5465,8.723989445450686e-05
1989,8.723484024398173e-05
4437,8.723120452436674e-05
883,8.720094159455206e-05
4988,8.699107130309515e-05
4849,8.685332512206873e-05
6005,8.677458325389958e-05
5390,8.666927653703895e-05
2464,8.66649926839876e-05
3090,8.665785077333035e-05
2260,8.658284197119057e-05
6688,8.657382795741912e-05
4254,8.650548473445199e-05
2866,8.643356405904919e-05
2920,8.636056131639406e-05
6052,8.627518416299789e-05
3371,8.626351155011157e-05
713,8.625616521698686e-05
1723,8.625595164657695e-05
6133,8.624303661622785e-05
2819,8.622641317147637e-05
2575,8.609961382691293e-05
2719,8.603607670926007e-05
3064,8.600308227678212e-05
3771,8.596037150780913e-05
6436,8.59477731301933e-05
2367,8.580816444998963e-05
6442,8.579965963951239e-05
7289,8.579047109761267e-05
3547,8.577874702862878e-05
3429,8.568217168721236e-05
5871,8.564584993882536e-05
6242,8.564540750173044e-05
6153,8.552767287209112e-05
2802,8.539328560230899e-05
5604,8.53736217343032e-05
4233,8.534924185266527e-05
5832,8.533147738711228e-05
6923,8.528149743287905e-05
3983,8.526050985502099e-05
1267,8.525557490997992e-05
5435,8.523364615088268e-05
5517,8.522544055909365e-05
4248,8.508878713542247e-05
1297,8.508444869282867e-05
2686,8.505769141531054e-05
2820,8.49695222240001e-05
290,8.484483805766357e-05
4500,8.482861191549308e-05
4772,8.479416491786829e-05
4205,8.472258323760077e-05
2943,8.460829287584395e-05
1327,8.45282063982136e-05
768,8.446811300088033e-05
6106,8.442079365212371e-05
4122,8.43062963474111e-05
2254,8.427539595162816e-05
4399,8.417819082701136e-05
7014,8.415112691626866e-05
5417,8.412540511861977e-05
4701,8.403741469998444e-05
658,8.397499048931224e-05
2861,8.396475777909517e-05
2451,8.395667288440532e-05
1885,8.386855557517052e-05
2422,8.374992344460022e-05
1732,8.374382591742541e-05
7231,8.373866648245217e-05
6709,8.37224926399938e-05
5550,8.370785078849097e-05
5953,8.368251977821639e-05
6997,8.364987770796483e-05
1152,8.363102124242142e-05
3900,8.360715841479777e-05
279,8.358836078947398e-05
2749,8.35116878681043e-05
219,8.34491751216478e-05
5625,8.339529807646989e-05
1413,8.338126443114471e-05
5672,8.335916770339276e-05
6358,8.323828294573793e-05
6900,8.323360239923018e-05
187,8.321887526542602e-05
792,8.320699639510281e-05
7144,8.318417506446001e-05
1384,8.318382818840977e-05
4691,8.31587700580753e-05
2125,8.313675077678765e-05
5815,8.31049435891145e-05
5572,8.309416276463085e-05
2241,8.307180144765532e-05
5371,8.305884806257023e-05
2437,8.298043320483642e-05
1947,8.296021220203591e-05
1325,8.291051885373148e-05
4103,8.290226634946707e-05
1945,8.286684548530601e-05
5540,8.282027834569126e-05
1459,8.281522918379956e-05
2584,8.279129741291399e-05
4281,8.278637902894936e-05
2427,8.269296259583511e-05
5522,8.266742408931225e-05
6592,8.261039042265709e-05
1129,8.250584959246925e-05
7026,8.248671739109494e-05
4501,8.239041739509326e-05
5955,8.237394513270516e-05
3860,8.235115224252193e-05
5937,8.23241171941856e-05
4459,8.229076235524055e-05
893,8.223718328632277e-05
484,8.222003384246692e-05
5668,8.21770779671971e-05
4357,8.217380377912755e-05
6126,8.200566752802653e-05
4384,8.192202791416572e-05
259,8.191065791428428e-05
4844,8.19057989957039e-05
5811,8.182667060110865e-05
1929,8.181808400949056e-05
3209,8.18085854170655e-05
2408,8.178240908876609e-05
5547,8.177996464483751e-05
4719,8.164298442417423e-05
2608,8.158143669047705e-05
654,8.153099179126079e-05
6840,8.145269334324635e-05
4429,8.141361146981634e-05
4050,8.140045875538582e-05
1511,8.13693571461005e-05
777,8.134078044051717e-05
6403,8.13171050566733e-05
2060,8.127725646491e-05
561,8.121588149944295e-05
2793,8.12142800699826e-05
6341,8.120635008571101e-05
2097,8.11668335249177e-05
1414,8.116351749221865e-05
6673,8.116320673006916e-05
858,8.111510984949197e-05
3919,8.10942519194148e-05
3218,8.107282190540551e-05
5908,8.101075788269696e-05
3783,8.101035788988723e-05
4760,8.100727840292003e-05
1409,8.10072175533603e-05
1700,8.094699835764825e-05
6764,8.090254254514282e-05
246,8.088946414222828e-05
6873,8.083242172591707e-05
1741,8.080708695829003e-05
5592,8.080417728317875e-05
7147,8.071705754291418e-05
6913,8.070175346181223e-05
7079,8.058069344059519e-05
3882,8.054916108619042e-05
3731,8.053698861479223e-05
5638,8.047005396586564e-05
5479,8.037493693495583e-05
210,8.03616281934296e-05
5870,8.035492579599749e-05
5561,8.034885531525335e-05
1080,8.03336099423054e-05
7258,8.02099558015731e-05
6951,8.014462458577722e-05
56,8.00879963410698e-05
3161,8.006861543445716e-05
3054,8.00343931452773e-05
3549,7.99838036918331e-05
3346,7.994227289106072e-05
3480,7.984924260996123e-05
4108,7.982581668720853e-05
3178,7.968659316876748e-05
1922,7.95546293235202e-05
4356,7.954266591105128e-05
4907,7.952505857568987e-05
4842,7.941423801536001e-05
843,7.940184343459335e-05
3967,7.933262881519674e-05
3359,7.92178795468043e-05
879,7.921647610378676e-05
2430,7.921524958296277e-05
1528,7.918501583003652e-05
965,7.910919783449681e-05
909,7.908664637501248e-05
541,7.898702561483806e-05
789,7.897247485804293e-05
5717,7.896119666715885e-05
1489,7.892795818197987e-05
6763,7.887390972636422e-05
590,7.886384894903368e-05
5914,7.885993491364738e-05
4784,7.883361624140095e-05
5704,7.881535506609898e-05
572,7.87972473007234e-05
2707,7.877394432518994e-05
2741,7.868473096685856e-05
1195,7.863262904472247e-05
4762,7.858030564081662e-05
2187,7.85250210055079e-05
2351,7.850336773438966e-05
6413,7.846051711198751e-05
5327,7.838353885556482e-05
61,7.833712061555456e-05
6012,7.824854377377445e-05
704,7.821515805830236e-05
3694,7.821119678256371e-05
604,7.819883368353983e-05
1789,7.814757616589042e-05
3614,7.809629133235709e-05
906,7.807054720882612e-05
1364,7.799675877142486e-05
3876,7.797616092517771e-05
4863,7.794657305064539e-05
4984,7.789795355698594e-05
4234,7.789770017076521e-05
1307,7.788698598975446e-05
5780,7.78215087941905e-05
7278,7.779159235964827e-05
408,7.778873023237853e-05
2411,7.77862185433711e-05
6659,7.777544766913327e-05
1076,7.775248378269225e-05
1607,7.773594979200058e-05
4068,7.771737135898392e-05
3963,7.770043847900784e-05
2391,7.76986410371039e-05
4249,7.769086738075888e-05
5080,7.768954059291533e-05
5131,7.759486173096639e-05
4986,7.758223333976959e-05
3425,7.757580577388846e-05
5543,7.75172323895472e-05
5703,7.744669160905252e-05
4821,7.741052305751068e-05
2882,7.72122769987214e-05
3798,7.718824944718632e-05
4107,7.71237699011492e-05
1918,7.70827231297398e-05
6344,7.702648852982296e-05
4516,7.702031907605658e-05
188,7.699298020491578e-05
4902,7.68906981935703e-05
5304,7.684252512734465e-05
1086,7.683957081050425e-05
4391,7.679577233557302e-05
5124,7.67645361920223e-05
4527,7.676246773099434e-05
853,7.668866044778536e-05
3036,7.657961619887597e-05
2857,7.655051357531935e-05
101,7.65311917679846e-05
4354,7.65095102947617e-05
5810,7.644793351912255e-05
2821,7.640710792675637e-05
6663,7.634065548206465e-05
6481,7.633022180383963e-05
4678,7.631150260287228e-05
3966,7.626611397576819e-05
1996,7.620850081807158e-05
6057,7.61975862747697e-05
3607,7.610810268487065e-05
2952,7.60784857102807e-05
4548,7.605890315309003e-05
809,7.604872566916017e-05
2487,7.599595854896106e-05
6835,7.597999100673652e-05
3078,7.594536053919617e-05
7138,7.593207284940806e-05
598,7.590457990933732e-05
3574,7.589638520900068e-05
475,7.580641398903099e-05
631,7.575734535591558e-05
2728,7.56853731578909e-05
3810,7.555677782223676e-05
198,7.553160910666327e-05
7075,7.551979800588454e-05
6526,7.544208708714475e-05
3399,7.541419439651992e-05
532,7.541178652503487e-05
5290,7.540363852209473e-05
438,7.533833381981812e-05
2735,7.531874662091261e-05
1926,7.521175278179235e-05
673,7.519292246297379e-05
6844,7.515476951414936e-05
552,7.513866722422373e-05
4787,7.508694427227179e-05
2921,7.505323763683691e-05
6261,7.495715343071667e-05
3395,7.487733620766156e-05
5633,7.47921556769479e-05
2323,7.47521032346208e-05
6129,7.474580499743558e-05
758,7.474519425741132e-05
3664,7.471119810243957e-05
744,7.469553639081472e-05
2672,7.4672981022507e-05
2631,7.466612429926987e-05
716,7.452331431371896e-05
1746,7.452209537170495e-05
3925,7.447409591760791e-05
147,7.446098080120378e-05
6412,7.439315541362074e-05
6269,7.43579748165536e-05
6352,7.434027264621312e-05
2066,7.433954170493191e-05
1319,7.42944536606988e-05
1207,7.412326350071247e-05
2800,7.408840119350522e-05
1185,7.396944022665492e-05
3207,7.39509002563143e-05
2310,7.390925187556103e-05
2824,7.390271164762462e-05
3219,7.389810539424825e-05
6011,7.385008680854671e-05
1999,7.38019297634596e-05
1503,7.377596173624048e-05
1930,7.376377775737519e-05
2148,7.375623415516108e-05
2551,7.372545424958063e-05
1832,7.372508481712768e-05
4007,7.361255214793092e-05
6979,7.35200254941076e-05
2799,7.347227058495672e-05
2314,7.346782220467993e-05
122,7.344258631388753e-05
6710,7.34297464497303e-05
5241,7.338339185983786e-05
257,7.337606372516596e-05
6738,7.335010766424488e-05
5759,7.334659006092778e-05
3572,7.33268586756806e-05
6056,7.330049686568487e-05
2512,7.329070530662904e-05
3390,7.324881080619204e-05
2329,7.320305750759145e-05
3281,7.314152101459981e-05
296,7.312680732562607e-05
727,7.308212439024945e-05
2182,7.306247265981622e-05
2729,7.298183119186397e-05
1779,7.284538567136486e-05
420,7.2803202297983e-05
1750,7.278702400245228e-05
2831,7.261552690651939e-05
4649,7.255482553457563e-05
2219,7.253321365617209e-05
5792,7.251752943252581e-05
3184,7.251654127878378e-05
493,7.248623071725498e-05
2138,7.245841878982352e-05
4539,7.242842139282801e-05
941,7.231608312778114e-05
806,7.224019559627068e-05
22,7.221063492593293e-05
578,7.22105813633287e-05
6447,7.219590266001251e-05
3938,7.208542978997469e-05
4538,7.205223063948148e-05
68,7.202394235474725e-05
6289,7.192714895726863e-05
2892,7.191823577434864e-05
7158,7.18868741252098e-05
136,7.185840697609477e-05
1096,7.173324549605171e-05
1346,7.172874843068388e-05
1432,7.166671392352388e-05
2874,7.164637926779932e-05
6674,7.163281007888282e-05
3228,7.158200150201881e-05
2817,7.156426431055416e-05
7058,7.155779123342216e-05
3865,7.146257701857374e-05
2457,7.141357731436209e-05
688,7.140682036061791e-05
3396,7.125334953605132e-05
3704,7.11907946339853e-05
6016,7.102940249811025e-05
4427,7.100624537305219e-05
5790,7.10013493803114e-05
4739,7.098734250090739e-05
3227,7.095070251131274e-05
7,7.09349521883253e-05
2660,7.090859422534548e-05
3312,7.085776430440204e-05
869,7.085399899184975e-05
1698,7.076838136521378e-05
3991,7.075507732651875e-05
4729,7.065715024206105e-05
1680,7.06299045716142e-05
5011,7.052819548589756e-05
3812,7.043352862274266e-05
1804,7.042830047908803e-05
7292,7.042639825731931e-05
4802,7.028619383413781e-05
1868,7.021629134897531e-05
6627,7.01978005078068e-05
4217,7.018510942075675e-05
2458,7.007140204540372e-05
4651,7.001936977096395e-05
1163,6.999981907389511e-05
1007,6.998583823513141e-05
5281,6.992739860310789e-05
5861,6.991663770866718e-05
1652,6.990236363399298e-05
1952,6.983262066267608e-05
3894,6.983067963877672e-05
1377,6.981379866150719e-05
4822,6.969471395526184e-05
4885,6.96394008772237e-05
4715,6.959818322740206e-05
6964,6.955910439190876e-05
640,6.954185920343385e-05
5094,6.945289214872984e-05
6944,6.944307990107883e-05
7149,6.943084597013122e-05
6248,6.942573090956729e-05
882,6.94212946275515e-05
634,6.941743793179779e-05
6728,6.941298330885595e-05
2482,6.931150775527903e-05
845,6.895984366750142e-05
2518,6.889647547618508e-05
119,6.874166061843528e-05
4297,6.873594364789447e-05
1987,6.873204021588664e-05
1253,6.86580342071084e-05
5151,6.863044759222045e-05
1205,6.858186271746104e-05
3340,6.85435892661503e-05
5188,6.851960665957167e-05
6323,6.849494599420503e-05
7253,6.849206418996478e-05
1254,6.84680215598808e-05
3613,6.831771244084016e-05
2753,6.831506640588703e-05
2839,6.82999585664243e-05
3568,6.829037521114914e-05
3294,6.825943778537684e-05
7333,6.825894312997698e-05
6860,6.818940836454367e-05
5554,6.81746859293852e-05
4546,6.814846720832467e-05
1228,6.807426198793155e-05
5214,6.805467115926333e-05
5087,6.804310766044111e-05
1937,6.800638394161304e-05
6202,6.795771894980576e-05
5472,6.795015613410856e-05
2191,6.787727508792542e-05
6724,6.783801646560488e-05
4380,6.775597803728059e-05
5022,6.769865572401029e-05
3468,6.76626615710322e-05
1949,6.763914716416992e-05
2412,6.762152323265881e-05
2507,6.761386687151327e-05
954,6.759075120324498e-05
1033,6.754820560918643e-05
2681,6.747205632723573e-05
5125,6.737978706665863e-05
1093,6.733277958878543e-05
3012,6.733076657935518e-05
4997,6.731964320864083e-05
6845,6.724146122325638e-05
579,6.710607363633221e-05
6378,6.709270514238367e-05
1008,6.708985521111577e-05
5246,6.708817696546857e-05
2320,6.701640565346477e-05
6249,6.699584112563864e-05
356,6.693295292997527e-05
1654,6.685475387581007e-05
6332,6.683015456170982e-05
7072,6.67316871219717e-05
1530,6.670070616975202e-05
4801,6.668481307588994e-05
5483,6.665936311178685e-05
6865,6.665817822556104e-05
1439,6.664448204798254e-05
3515,6.664048335362168e-05
6078,6.658020470246307e-05
802,6.657905914845118e-05
993,6.654082633003524e-05
4857,6.641596135983781e-05
5587,6.632135236583606e-05
5565,6.625427323685294e-05
6339,6.620146528085303e-05
786,6.618982954748263e-05
2628,6.616869533021963e-05
3858,6.616560235609419e-05
6032,6.61589351269758e-05
1561,6.614699593495847e-05
754,6.61325898077587e-05
6033,6.606897947742536e-05
343,6.606073944902214e-05
4093,6.600235732665569e-05
6342,6.59804448598992e-05
1682,6.586674604793804e-05
5231,6.58224606263441e-05
1762,6.581978614551628e-05
4489,6.58067306140111e-05
93,6.573708983593438e-05
5203,6.57005667250566e-05
6924,6.567455555577236e-05
2674,6.561988066036742e-05
3638,6.555100237226757e-05
2048,6.552062446166453e-05
2083,6.545860083293254e-05
180,6.544756134499341e-05
2074,6.543104646672159e-05
4856,6.517015579389534e-05
1443,6.513360602181066e-05
2483,6.51219673574819e-05
2726,6.508228831213255e-05
6384,6.503952523019008e-05
2951,6.499959340444328e-05
6406,6.498749755451947e-05
2553,6.486943784286581e-05
861,6.475825669671155e-05
6277,6.474669239473552e-05
5066,6.469550854735271e-05
2936,6.458516481610607e-05
5838,6.453078515858417e-05
6825,6.451843543992501e-05
2574,6.451321518264649e-05
5310,6.448663712367155e-05
5591,6.446030027715334e-05
236,6.438432461321164e-05
5168,6.433561828435991e-05
577,6.427626030893139e-05
7285,6.422552262963932e-05
3563,6.419113788903267e-05
3141,6.413221622879068e-05
6203,6.410536459795976e-05
2490,6.405417201867549e-05
3649,6.398047576624581e-05
636,6.397071124811084e-05
4502,6.395555095236322e-05
4156,6.393340400782474e-05
3044,6.391514401998078e-05
5292,6.39127516249696e-05
1766,6.389026333128317e-05
6788,6.379095881466942e-05
3888,6.378675137169891e-05
819,6.372283772171857e-05
6904,6.371080721016493e-05
2284,6.370219264537708e-05
4595,6.364669772717464e-05
4001,6.36281193070196e-05
4633,6.361497739415594e-05
7327,6.360928217404518e-05
2494,6.358688313341165e-05
1628,6.345995462785019e-05
1694,6.345917975690844e-05
4142,6.344558614788494e-05
5500,6.338227673654042e-05
5713,6.335336854528702e-05
5514,6.328061295143762e-05
1894,6.32620425920046e-05
7214,6.322333360222667e-05
5160,6.318500065198094e-05
4144,6.316804662954588e-05
4862,6.316151493720082e-05
43,6.313549878716882e-05
2491,6.312945863597867e-05
5028,6.303060185705666e-05
2486,6.298960900519011e-05
7200,6.29569781645247e-05
7129,6.289749038792637e-05
5480,6.281289337088131e-05
1428,6.271724423707138e-05
2972,6.271149907990444e-05
5883,6.256595237697453e-05
1797,6.253524491476946e-05
1230,6.251533126613465e-05
7339,6.240428357356485e-05
2653,6.239177822522746e-05
6548,6.237093357556699e-05
3174,6.234681518570407e-05
4682,6.233963402508122e-05
7022,6.23079762426581e-05
4526,6.230036631156875e-05
6201,6.226077359542329e-05
2317,6.225885402520003e-05
4256,6.214942431623192e-05
4148,6.212324100121835e-05
4102,6.211812501809462e-05
3451,6.19723245049406e-05
5977,6.187056464487783e-05
6770,6.185240749026819e-05
766,6.18445009865665e-05
2234,6.176554413113181e-05
2277,6.170118647527333e-05
3097,6.165145995646266e-05
6598,6.164820583924169e-05
5088,6.160903886488592e-05
2955,6.152119564903575e-05
5593,6.146507410581766e-05
5005,6.14646753991792e-05
2614,6.143777471693205e-05
5085,6.140225747357117e-05
5462,6.12932098992344e-05
5342,6.118322190458812e-05
5302,6.116767716736083e-05
4482,6.114953158447931e-05
2421,6.11199260575885e-05
6172,6.10941255331148e-05
6419,6.107977437785794e-05
6929,6.106255812555149e-05
1401,6.09829544221614e-05
613,6.085314980706774e-05
6780,6.079797343741298e-05
5436,6.0775962516832404e-05
1348,6.0717667375687755e-05
4860,6.0706200855839594e-05
6163,6.064559576956805e-05
6051,6.057047475980136e-05
2886,6.049163369634901e-05
4731,6.0310732102963413e-05
1760,6.0291858358001385e-05
5634,6.029091867438754e-05
2668,6.027885111955715e-05
5533,6.0241651115943525e-05
5156,6.0235422864034365e-05
4993,6.015297913946781e-05
1888,6.012787066380245e-05
2842,6.008166348848678e-05
6435,6.000432702462196e-05
2696,5.989855192558718e-05
2331,5.98936697811874e-05
1470,5.9879579148308934e-05
2465,5.984156721491035e-05
3265,5.9804350538657426e-05
5204,5.9756180863576945e-05
4987,5.973852055962794e-05
332,5.9630458695755576e-05
6852,5.9623723737978735e-05
4359,5.9584702084101696e-05
2743,5.945760950384655e-05
1135,5.944804344423895e-05
5444,5.941211026982416e-05
3159,5.925784602393387e-05
1837,5.9256405897163594e-05
5541,5.924064534147443e-05
943,5.909424749671321e-05
6755,5.905932877672782e-05
7098,5.904790777771231e-05
4243,5.9005124480919525e-05
58,5.897643474304754e-05
3053,5.894418173689249e-05
3885,5.889587445568941e-05
3846,5.887365762946014e-05
6779,5.880269271231912e-05
3015,5.8759203213473065e-05
3043,5.8718766052563414e-05
7180,5.870146544647523e-05
7215,5.863996996839145e-05
2252,5.8520348672509114e-05
4150,5.846402737917227e-05
4828,5.830083768950978e-05
3068,5.8285181014254416e-05
5583,5.819592213336647e-05
3822,5.819407011437937e-05
2867,5.815937933075952e-05
5012,5.807437570868926e-05
1250,5.802885060971567e-05
3416,5.8001674161113506e-05
4052,5.7958120166860284e-05
73,5.7945844050699635e-05
117,5.793991446351573e-05
3242,5.784626219291364e-05
5788,5.7805766098638405e-05
2740,5.7786874091665346e-05
2168,5.7786474148224554e-05
5898,5.773443495947952e-05
4267,5.769919001416868e-05
5660,5.766349466139602e-05
1171,5.7647829492048215e-05
4597,5.754800471048729e-05
5677,5.743596767426155e-05
4922,5.734159940619515e-05
144,5.731396862087471e-05
142,5.7311083127365974e-05
2605,5.725291861824457e-05
6453,5.719453864605441e-05
3272,5.715572788958325e-05
2269,5.712944386420845e-05
675,5.7128586262932866e-05
2914,5.71248649542427e-05
6725,5.711964579129127e-05
1061,5.708891811758731e-05
1078,5.695957854366654e-05
612,5.6912268918929164e-05
6080,5.682054427402677e-05
4472,5.6814744716973176e-05
6177,5.678381811977338e-05
1438,5.677634503931743e-05
6114,5.676407902458466e-05
5250,5.675528876914688e-05
2805,5.671110036963838e-05
676,5.667164183486964e-05
4875,5.66535565582723e-05
5739,5.661085481994255e-05
1658,5.6580406846474164e-05
5973,5.652274738854822e-05
6800,5.6448859487483774e-05
5582,5.6440533355678574e-05
6931,5.641420060314924e-05
1643,5.6412388719080004e-05
4831,5.6392129742809064e-05
4303,5.6367045804637526e-05
4833,5.6354816663942644e-05
4276,5.635057843411086e-05
5249,5.63076235464763e-05
4367,5.6300359518293336e-05
1217,5.6286265890884684e-05
4061,5.614740009710858e-05
3566,5.613954010192071e-05
4104,5.613546841043245e-05
3553,5.608945190959812e-05
1041,5.608001337589552e-05
3696,5.605099006338587e-05
6584,5.603219710210039e-05
2393,5.5992616669138925e-05
6263,5.598184644124165e-05
4340,5.59812212950255e-05
2662,5.5953243805272545e-05
3278,5.5914321930975686e-05
2386,5.584112956117036e-05
185,5.5810248599528505e-05
3775,5.5770467383631136e-05
280,5.5703600746480656e-05
1198,5.5702950988063054e-05
2836,5.5679665524253234e-05
6910,5.547014123196213e-05
2199,5.5390371875278004e-05
3599,5.538076325589026e-05
5352,5.5334930881114605e-05
3444,5.5316616952053854e-05
3315,5.530326472164188e-05
2142,5.5276871989769105e-05
1785,5.5236228369572884e-05
4430,5.5205435986488446e-05
4522,5.519534054626615e-05
1521,5.514748882041254e-05
1983,5.5141833757405204e-05
3825,5.511336213418501e-05
2864,5.511312195669423e-05
625,5.5077687061206256e-05
55,5.50499478471904e-05
3589,5.4998012518473865e-05
1867,5.494896861490438e-05
6487,5.488202083312984e-05
6399,5.479399737896074e-05
956,5.4784924246067927e-05
3108,5.477070369629443e-05
171,5.464270994121509e-05
1915,5.460583949942263e-05
3951,5.460197651681161e-05
4378,5.456202749649756e-05
7280,5.45164655806415e-05
1229,5.450301356801042e-05
6630,5.448718809484128e-05
5524,5.4477753099989875e-05
2205,5.447323761610163e-05
5152,5.444097093648182e-05
3204,5.4381394011362694e-05
5142,5.435037747963884e-05
1317,5.4276307180006604e-05
2228,5.4177091945692474e-05
6375,5.416426462618287e-05
4610,5.414426282548551e-05
3521,5.404796625753867e-05
4289,5.403187157931182e-05
1206,5.401086767429428e-05
5839,5.392291495140962e-05
850,5.386750240956893e-05
4942,5.3863530675451176e-05
1830,5.3847130852933125e-05
1730,5.384506070624897e-05
6316,5.378279563189318e-05
6018,5.374842246843171e-05
829,5.3739199462277886e-05
3997,5.370599036273644e-05
5980,5.353323940189077e-05
4676,5.34940339708055e-05
2357,5.348597683246773e-05
1281,5.3435258914006275e-05
1703,5.340748660982947e-05
6232,5.335613821450152e-05
2594,5.333529162053453e-05
5144,5.330337894337854e-05
3345,5.3283918909252826e-05
6778,5.322148905627935e-05
6486,5.320489528756142e-05
428,5.3177825871357205e-05
7025,5.316670444253114e-05
2722,5.305560767452698e-05
3945,5.3040904117644027e-05
97,5.294416605142306e-05
3600,5.288987216472671e-05
6286,5.2883240297720546e-05
6110,5.284680347290797e-05
1111,5.282767383465078e-05
5301,5.2789579925306153e-05
6445,5.2789150196615804e-05
5129,5.27882466927332e-05
3192,5.278176341299261e-05
2157,5.277621534363567e-05
6720,5.2740945894884256e-05
5966,5.2684544130827505e-05
2949,5.2634367422720176e-05
3781,5.263362628731412e-05
1525,5.262825228040518e-05
3059,5.259750534352512e-05
2933,5.2594831999828134e-05
1615,5.2542044272304924e-05
4190,5.253432523161863e-05
4463,5.2522432430314236e-05
3433,5.2511673568963286e-05
800,5.250242836093283e-05
1150,5.24721453814991e-05
5093,5.2472044653770395e-05
4953,5.2407165030811575e-05
4980,5.2405780542796776e-05
4636,5.2397425076270156e-05
6315,5.232016663737933e-05
6470,5.23179784253386e-05
1420,5.229057553012713e-05
7132,5.223369503880888e-05
2956,5.220579582343069e-05
2974,5.220371272331433e-05
6621,5.214765534580282e-05
5074,5.21475387898947e-05
7239,5.2114404080282e-05
4311,5.205227131927038e-05
3440,5.2047007682618876e-05
462,5.2043436141684166e-05
388,5.2038984712775566e-05
3711,5.198709475364897e-05
3501,5.188478467014295e-05
4081,5.183893865922392e-05
3807,5.182103769457222e-05
2780,5.181089276570664e-05
790,5.180510105201446e-05
6074,5.180434372101228e-05
504,5.1766244927916916e-05
1887,5.1766027763652175e-05
5198,5.1756809410069226e-05
5946,5.1729716516089386e-05
6183,5.1642665685534e-05
6739,5.164140110750211e-05
6794,5.1600556005880816e-05
6576,5.1564456541810503e-05
1282,5.151894100786179e-05
1726,5.150208418003012e-05
983,5.149206505169053e-05
1444,5.148467207079735e-05
6765,5.142479279714758e-05
6433,5.14160714469523e-05
6911,5.1353133449718955e-05
1502,5.129231964476567e-05
7062,5.12066018644846e-05
2918,5.1154780782021284e-05
6294,5.105971608947399e-05
6813,5.0966601604150346e-05
6462,5.092888544548751e-05
495,5.088150620598966e-05
3813,5.0854494895664486e-05
2907,5.079295290500265e-05
1271,5.074079139279212e-05
1058,5.068406941814228e-05
5212,5.067285255075669e-05
860,5.066523001658506e-05
2489,5.056014908493024e-05
133,5.055111625713377e-05
7071,5.053780035709194e-05
158,5.051095585285046e-05
3426,5.041427147977846e-05
3899,5.040370626662753e-05
5932,5.0353702023313393e-05
6418,5.031198366847858e-05
4423,5.0299846290120306e-05
4779,5.025935150593675e-05
6004,5.020233982323749e-05
5931,5.018500773636586e-05
926,5.0161925178000755e-05
7065,5.0052459071562775e-05
5154,5.005112781768886e-05
5461,5.0019551877835135e-05
3809,4.999740061876159e-05
6318,4.9993937306007434e-05
2856,4.997861419017049e-05
4076,4.974088905891309e-05
1585,4.9651093591568987e-05
2607,4.9619310343826904e-05
5341,4.958728446270261e-05
3765,4.955475379060642e-05
4078,4.955363532398684e-05
2935,4.954586181716217e-05
2559,4.9527615670623514e-05
5847,4.9521416914044394e-05
5494,4.95151992232266e-05
7267,4.9464544493833064e-05
1881,4.94558724776245e-05
5970,4.943638868843428e-05
6336,4.943334279159819e-05
1089,4.938634855367295e-05
4325,4.936752686104021e-05
1184,4.93272374289477e-05
337,4.9250772524930844e-05
1210,4.9207945775996756e-05
6581,4.917194532028547e-05
4670,4.915475556834758e-05
3831,4.910354531981764e-05
698,4.908070463190634e-05
4726,4.9061531609223666e-05
3104,4.90282001988817e-05
4416,4.901527894223135e-05
4398,4.900331861844924e-05
7312,4.8978535689851694e-05
2071,4.893110782313897e-05
5602,4.891240945928149e-05
1176,4.889915926291496e-05
3029,4.887082366910838e-05
4326,4.885647125764149e-05
1515,4.878634670253605e-05
2213,4.8730392383375394e-05
6829,4.8714900405333316e-05
5213,4.8685992728657856e-05
226,4.861296965998157e-05
7165,4.8591931303551166e-05
6836,4.856584366455748e-05
4,4.850474102151984e-05
5405,4.848784662883389e-05
2621,4.84425033450762e-05
6390,4.836613957767998e-05
6837,4.8357925673204454e-05
852,4.8327364923306234e-05
3500,4.821020144101445e-05
39,4.8186453050423006e-05
4698,4.8164085536918594e-05
6549,4.8112479237582957e-05
4730,4.8056004573488034e-05
113,4.802081062761465e-05
7128,4.793612533256949e-05
6773,4.7933689062439936e-05
1848,4.790685880502745e-05
2140,4.789694971919322e-05
2460,4.7891515033969126e-05
3450,4.7807951138153154e-05
5029,4.7799375543834136e-05
5000,4.774816028173891e-05
6733,4.772748348440769e-05
2647,4.771709271195788e-05
1971,4.765105701484627e-05
7090,4.758480461560452e-05
2714,4.753178527028112e-05
1599,4.748896473418508e-05
6558,4.746503874759565e-05
2717,4.7416503600877194e-05
1591,4.7398714273421926e-05
6564,4.739529215965288e-05
4467,4.7376473207999236e-05
5340,4.725546699812532e-05
1381,4.721428301600409e-05
3092,4.71790294282634e-05
4004,4.7161025282638536e-05
2798,4.714766028178045e-05
4528,4.7107563277482655e-05
1358,4.7053176192463734e-05
6131,4.7010499973259393e-05
1500,4.698721458498912e-05
473,4.69442066443891e-05
3492,4.689814075479549e-05
599,4.6883965200471216e-05
6801,4.6847034428113674e-05
1834,4.681967979998441e-05
776,4.676388642064355e-05
5228,4.6763484243244996e-05
7204,4.670430616200787e-05
6703,4.6674130209010695e-05
2940,4.664224467793603e-05
385,4.662664482686468e-05
3864,4.656026822376478e-05
5398,4.655900239377819e-05
6713,4.651803440353721e-05
4347,4.64946734698127e-05
3648,4.635915538648301e-05
4221,4.634630396204179e-05
1635,4.626941868735654e-05
4608,4.623107524626422e-05
575,4.617675339094214e-05
7190,4.614101959454047e-05
1792,4.60945462786551e-05
6402,4.6075589009699435e-05
5211,4.606088345138874e-05
6645,4.5994110539295186e-05
5694,4.587526180885362e-05
2455,4.586289373600438e-05
2534,4.585494418238704e-05
779,4.584974778666224e-05
1670,4.584872986182254e-05
6143,4.584696469557021e-05
5251,4.58229904833221e-05
4780,4.5795310216110854e-05
5003,4.571063015547591e-05
4891,4.569965942407159e-05
7330,4.559899853395487e-05
3072,4.559432087543596e-05
5655,4.558296357729413e-05
4752,4.548296303303635e-05
2091,4.547193940258603e-05
1224,4.538889373262465e-05
3421,4.536063231750842e-05
5071,4.535606984757082e-05
209,4.527736834300765e-05
5379,4.526908866316539e-05
509,4.526483003208077e-05
1531,4.520985628714337e-05
2051,4.5195958835220054e-05
6511,4.513648343466229e-05
4693,4.511770873915689e-05
6488,4.494430699798742e-05
6756,4.4921644944620854e-05
3656,4.490951180241503e-05
6161,4.490767524622608e-05
6681,4.4879307755164955e-05
1178,4.487250660602938e-05
1919,4.486737154165763e-05
4523,4.484113413114958e-05
6573,4.482600124409439e-05
1363,4.4809617137921994e-05
6914,4.4807847495769675e-05
1063,4.479624520913536e-05
6150,4.4701590680332715e-05
5738,4.4700449814657875e-05
7081,4.469111647089118e-05
3280,4.4658489712087415e-05
4255,4.462970592115772e-05
3454,4.4607146238952813e-05
6939,4.452163487104745e-05
3238,4.446116633541287e-05
3167,4.437005477458087e-05
3699,4.435311026978098e-05
6529,4.434978450712349e-05
4774,4.428029822591348e-05
1948,4.415202254576953e-05
5905,4.4134443229398186e-05
7176,4.4131062460514274e-05
4447,4.412628375158502e-05
2718,4.410018651367906e-05
5764,4.40726584076273e-05
6960,4.406775363422796e-05
3779,4.402609681983058e-05
139,4.394973391737815e-05
80,4.393846842018681e-05
3886,4.392858813875846e-05
3084,4.380875506596509e-05
4128,4.3775988529157294e-05
4531,4.3742592657026376e-05
6194,4.3693608814828836e-05
7089,4.368306138870141e-05
2043,4.366138614284262e-05
2271,4.36301791229096e-05
529,4.360821825172943e-05
6204,4.359905678804142e-05
4535,4.3561204402414874e-05
6786,4.3537437689776465e-05
1011,4.347761204970995e-05
7109,4.3360652525946205e-05
633,4.335879121489315e-05
2615,4.331232222719242e-05
325,4.328745922942752e-05
5171,4.3249264028936564e-05
470,4.322620454682796e-05
2975,4.312201829015754e-05
4716,4.31211761836457e-05
4291,4.311292201887425e-05
987,4.308439166457447e-05
7107,4.3062833274651606e-05
2087,4.3059456267333095e-05
3980,4.304781007186106e-05
6883,4.3038146538370844e-05
1943,4.297207841963016e-05
2449,4.295530609265749e-05
5776,4.2880029717130174e-05
4554,4.2860207507416096e-05
2416,4.2856080086292196e-05
4894,4.283611855207528e-05
4012,4.2831104231484626e-05
2704,4.277167545754195e-05
2150,4.2713809254299906e-05
4196,4.27013306759512e-05
3544,4.2648671858102913e-05
3311,4.263100449340145e-05
646,4.260626512614904e-05
830,4.248322646548566e-05
4858,4.2444096143613696e-05
3692,4.244284099249407e-05
5288,4.2422910673833924e-05
700,4.241688646584546e-05
2812,4.240384311930312e-05
5219,4.2400454781097994e-05
2568,4.239906838628404e-05
1248,4.2376836665514236e-05
2919,4.2343252245688954e-05
1306,4.229390178969109e-05
7017,4.228050794937068e-05
3977,4.220312541285397e-05
7197,4.2201508389350784e-05
2873,4.216477698420298e-05
2806,4.214132563304119e-05
4754,4.2129707756945095e-05
4461,4.206414434516983e-05
5457,4.203051504963575e-05
7259,4.1987913573794695e-05
5872,4.195854382574857e-05
594,4.195522299860856e-05
2966,4.1925884871803674e-05
5615,4.1910687630546196e-05
3235,4.18635666409244e-05
2149,4.1849143950826545e-05
2954,4.184751900552757e-05
425,4.181466851245994e-05
639,4.1781933822319925e-05
6819,4.1765667659252724e-05
6642,4.1762723438689316e-05
6842,4.175410514134067e-05
5579,4.1646414589941514e-05
2634,4.163420655264441e-05
4936,4.160825915625696e-05
3914,4.160461032765851e-05
2116,4.1597254480820885e-05
6981,4.159296859839748e-05
3829,4.1528993626378814e-05
4705,4.152276664921625e-05
3409,4.149216567229096e-05
6443,4.1454888369756074e-05
1213,4.13879542948434e-05
2224,4.1312519433483354e-05
1897,4.129374411321744e-05
373,4.128480209106538e-05
732,4.124917339721626e-05
4033,4.12268062805216e-05
6566,4.1221791092770864e-05
3873,4.12031801491486e-05
194,4.117336764145374e-05
5391,4.115211256272748e-05
127,4.114564182111377e-05
4086,4.114472011520471e-05
6916,4.109342105098262e-05
2418,4.104300081262094e-05
365,4.101149430630934e-05
6862,4.085831141258647e-05
3316,4.08445431208305e-05
4264,4.08221467237078e-05
3264,4.0810901528869336e-05
4506,4.080138476200451e-05
6668,4.0768534261573146e-05
1366,4.074874481992819e-05
6882,4.071989428911582e-05
1442,4.068414988188098e-05
3797,4.066942188194679e-05
3328,4.066539528062988e-05
5402,4.061796952721957e-05
3266,4.061490158430694e-05
6532,4.059808355310908e-05
3497,4.058781533780503e-05
218,4.037327986910361e-05
5306,4.036009603462119e-05
2426,4.032382509596727e-05
7303,4.031007399490094e-05
2520,4.026748105943761e-05
1763,4.022659598707114e-05
6210,4.021261488463498e-05
5768,4.02071054615954e-05
3351,4.019580074903142e-05
2100,4.015871077638857e-05
5428,4.01395215710864e-05
2994,4.0136920126547285e-05
6324,4.005614187468833e-05
568,4.004687725128262e-05
6244,4.0030302258655165e-05
3941,3.996696244441537e-05
2747,3.9966446645790255e-05
5061,3.9903217142611015e-05
3768,3.981225432686688e-05
1201,3.9809784427715544e-05
2106,3.978378845284634e-05
4037,3.977484781501267e-05
4621,3.97568564012661e-05
1376,3.9750636817142866e-05
3672,3.973768727647811e-05
6994,3.973666621834638e-05
5586,3.973617425563719e-05
4533,3.973001343522595e-05
2170,3.9697453095080684e-05
4295,3.968708822375477e-05
3987,3.956687366183619e-05
5091,3.949431562360183e-05
2217,3.9472450316554544e-05
5841,3.9446637854895714e-05
243,3.942185296609733e-05
2934,3.940531493211513e-05
7229,3.93794591676735e-05
4278,3.931727153151692e-05
6959,3.931128599285041e-05
6707,3.930280729420103e-05
6555,3.9291862194789306e-05
7246,3.9276799017456265e-05
6458,3.9250982117922956e-05
4031,3.9154472489275554e-05
3398,3.9066131947842106e-05
5073,3.9023544649107365e-05
1017,3.899519875160242e-05
1301,3.894148955331111e-05
4165,3.893313829927972e-05
1745,3.890868758325741e-05
2563,3.888975937115116e-05
1260,3.88661550167269e-05
3153,3.886024823356946e-05
5289,3.885343091451566e-05
11,3.877434774786749e-05
345,3.8756865394902046e-05
4901,3.8714077086832884e-05
5038,3.871294512301249e-05
311,3.869388446370403e-05
499,3.868961896486228e-05
623,3.8682740242354406e-05
5238,3.868125173163474e-05
4738,3.867600832788173e-05
3343,3.863681869317037e-05
3348,3.858655606261122e-05
4421,3.857382830193203e-05
1641,3.852673689700682e-05
1475,3.8513331018623314e-05
4018,3.839185727773505e-05
4364,3.838375203842896e-05
3615,3.8343380150545715e-05
4115,3.831148621593351e-05
5909,3.82980023825249e-05
6830,3.8218898480958286e-05
6889,3.82094881577057e-05
2903,3.814964479484503e-05
3236,3.806786279196412e-05
6988,3.805650934020638e-05
6145,3.801866951070588e-05
5109,3.7959003730408506e-05
3913,3.786281179197919e-05
1782,3.7853068702643575e-05
3511,3.7831368897695964e-05
6215,3.780697400007025e-05
4002,3.767445939064386e-05
2415,3.766375957110448e-05
3523,3.7658265578800275e-05
2297,3.7657386372065054e-05
2669,3.763947526444674e-05
6616,3.758165450196984e-05
3487,3.7523184407824175e-05
4544,3.745252256543859e-05
7238,3.74433257278907e-05
693,3.742588399749554e-05
7225,3.741057153760956e-05
7299,3.7398859121025883e-05
4322,3.7317493768916896e-05
3976,3.731233514563659e-05
1262,3.7264590793497566e-05
3839,3.725215596053331e-05
4294,3.720620041828601e-05
2841,3.7203933247621166e-05
847,3.720271277873746e-05
3473,3.7172873197682464e-05
2732,3.716141013441463e-05
487,3.7154176487198266e-05
724,3.7140793485114054e-05
291,3.713774790191466e-05
1398,3.706475628320046e-05
1251,3.704980753563806e-05
2604,3.7025168790299336e-05
3370,3.700726264851858e-05
5242,3.6985959153678376e-05
4055,3.690141637071913e-05
372,3.684600823381395e-05
3372,3.681619465525446e-05
6509,3.6754166857846476e-05
1345,3.6697281168417485e-05
3459,3.661276260891797e-05
2937,3.659832632729613e-05
179,3.659503300145596e-05
6230,3.6562662517547116e-05
1759,3.649174597275864e-05
2152,3.648532539462151e-05
123,3.638231798594881e-05
4770,3.638187795202599e-05
7039,3.633225694291465e-05
1826,3.627974555647914e-05
1571,3.626567380835182e-05
3394,3.622121687807742e-05
5293,3.6210214025275815e-05
6989,3.6202424424305254e-05
4947,3.617723383723653e-05
2053,3.6132593410187856e-05
2711,3.6128751676988005e-05
2768,3.600755911710405e-05
5724,3.592939864161423e-05
3849,3.590383700548903e-05
3503,3.588156581062269e-05
3268,3.5871026141965846e-05
4152,3.583285353786667e-05
1126,3.57904045736843e-05
4100,3.5784708390661636e-05
553,3.578011398497668e-05
274,3.577279064770034e-05
2312,3.5752511849743985e-05
6258,3.566683906480655e-05
1742,3.5661769159324566e-05
1426,3.5608493006392473e-05
1303,3.559296684330818e-05
490,3.556332353839542e-05
5413,3.5516857307360665e-05
1347,3.547941562256246e-05
6625,3.5477757469323185e-05
3534,3.54628507229548e-05
6940,3.544500967172788e-05
7096,3.5422544442343836e-05
7049,3.542138933529996e-05
1979,3.5413425785267404e-05
770,3.5391919710292645e-05
5654,3.537439011606166e-05
2513,3.530521207474988e-05
5766,3.527850469105407e-05
2144,3.527126954365146e-05
2721,3.525483790803625e-05
7311,3.52415663272235e-05
6827,3.5143661716594095e-05
4224,3.508116837957866e-05
3216,3.504773163364037e-05
5484,3.500321578930782e-05
1623,3.492859473752369e-05
7188,3.4837962084061485e-05
3096,3.480962768699711e-05
4781,3.4801656694621365e-05
6485,3.478768935930896e-05
163,3.47875061578827e-05
5733,3.473372157648205e-05
5584,3.46566020394155e-05
6744,3.462030556875885e-05
5054,3.45940309081705e-05
6091,3.459285907974609e-05
6109,3.444337620346317e-05
4095,3.4398567468179074e-05
2479,3.439475533708561e-05
4567,3.4353020441926236e-05
4167,3.429684298834391e-05
5784,3.424011727009619e-05
1162,3.422732196051528e-05
741,3.4210658062969594e-05
2661,3.418381289577643e-05
3897,3.4173405809164456e-05
3289,3.415493527809518e-05
5664,3.41222333554998e-05
4634,3.408181788713756e-05
6063,3.4030557265158956e-05
3533,3.3965607244282565e-05
5840,3.395861905137218e-05
4282,3.3942287760629176e-05
3662,3.3922525923862015e-05
1517,3.391376601646745e-05
1121,3.3899981386125084e-05
6154,3.383385506021839e-05
5965,3.381136455285398e-05
4182,3.381130405054133e-05
4509,3.3804765319631274e-05
6888,3.378406096524389e-05
3292,3.37127737692575e-05
5181,3.371222165923405e-05
6851,3.369547836868136e-05
5642,3.3665157647848264e-05
5551,3.3658724685320537e-05
3759,3.365519240691722e-05
2207,3.3621855518835776e-05
360,3.356695783402187e-05
6721,3.353291087417173e-05
4841,3.35305701656744e-05
2061,3.3527528442459665e-05
4407,3.3505934130808796e-05
5458,3.3478377435269494e-05
6373,3.345941911325539e-05
3850,3.338343703352976e-05
6040,3.3281676008015105e-05
6071,3.326546496780725e-05
751,3.316187705871396e-05
5197,3.314187351214429e-05
7325,3.313309963294188e-05
6283,3.311056779299012e-05
1079,3.3106897483175706e-05
5742,3.307544653542294e-05
2333,3.307251206976403e-05
5835,3.3007356395796885e-05
3806,3.298320060483614e-05
6037,3.296119945399703e-05
5957,3.2951853400960796e-05
4880,3.292774371171733e-05
1125,3.29115124401846e-05
2230,3.281215186033533e-05
5262,3.279757823157395e-05
4008,3.2771942743705104e-05
3457,3.273717365071902e-05
5271,3.264881760545742e-05
6495,3.262773448877105e-05
5254,3.262007030916345e-05
3033,3.259488257697261e-05
1292,3.2581754485163716e-05
586,3.2493182991249814e-05
6614,3.239878103718227e-05
5233,3.239821248384282e-05
6165,3.2370342527490194e-05
4721,3.23701177565553e-05
2429,3.2360004255727906e-05
2690,3.2316950258799925e-05
6784,3.230578335107402e-05
1048,3.229906968310193e-05
4019,3.22794556044138e-05
2678,3.225291467561376e-05
436,3.224604679383997e-05
4559,3.221003828387137e-05
3365,3.2186207264586055e-05
3495,3.216906170942018e-05
4677,3.21395900667249e-05
3631,3.2122976558552775e-05
980,3.2117755646120144e-05
1799,3.21044556095056e-05
3754,3.206962146325832e-05
2000,3.20393330361596e-05
2453,3.1967022634051325e-05
4517,3.1940985351440736e-05
3684,3.1922653212177874e-05
5175,3.184632481433521e-05
2035,3.1834591941601185e-05
6970,3.1817711429924456e-05
6498,3.177473451026424e-05
1169,3.1666808276870786e-05
6477,3.161952160224051e-05
3354,3.158632591533315e-05
3564,3.156931539537793e-05
3194,3.153347792007234e-05
2643,3.143308760064978e-05
4259,3.142538863906094e-05
1808,3.130884050859338e-05
831,3.130401902712551e-05
4154,3.128486024953034e-05
204,3.1247415679404744e-05
1192,3.12443409673511e-05
3007,3.122581092785326e-05
2038,3.1210468942133735e-05
2599,3.120734473204024e-05
4812,3.1173959307051366e-05
1911,3.1156819438605036e-05
3685,3.110803739160034e-05
367,3.110543111349847e-05
1235,3.109617413971792e-05
4360,3.1037941688600275e-05
3023,3.10121743130979e-05
5618,3.100154548797277e-05
5814,3.100108892955049e-05
961,3.096876893094642e-05
2759,3.091448454184036e-05
3753,3.089316441175942e-05
6651,3.0872117229935156e-05
6701,3.085491999901471e-05
4758,3.081763216405136e-05
2279,3.081437469051242e-05
339,3.0771223051539926e-05
6551,3.077119324480508e-05
2395,3.0770428714269406e-05
3392,3.076415608142646e-05
3381,3.0764146781915065e-05
2915,3.0708256555489674e-05
3735,3.066893359723337e-05
2758,3.0620411659433173e-05
689,3.05633798963872e-05
4466,3.054721633320778e-05
4132,3.052238859110325e-05
1142,3.0506618304765012e-05
6334,3.0502755790461645e-05
5081,3.0466649750775437e-05
344,3.0448311963984255e-05
5812,3.0420404589888614e-05
2991,3.0356067061739183e-05
4431,3.0334612247216207e-05
3022,3.028567058621807e-05
3787,3.026518659068007e-05
5590,3.0253582480231484e-05
7091,3.02341512996773e-05
1417,3.0232257512081786e-05
6726,3.0222264585462243e-05
5564,3.0206041372996925e-05
5829,3.017449279976955e-05
5383,3.0071943209675962e-05
6546,3.005029145372587e-05
7021,2.9970407530706863e-05
5526,2.996688761174405e-05
4709,2.992833120502442e-05
6073,2.9911670450409246e-05
6351,2.9898257775874862e-05
5567,2.9882968290930892e-05
78,2.9823270167436334e-05
4818,2.9781622134650374e-05
4541,2.9765602535618212e-05
1840,2.9761564338503695e-05
7210,2.975370668629476e-05
3486,2.9716409311248447e-05
2511,2.9672441356321515e-05
4428,2.9620053846487217e-05
3210,2.9592112113882784e-05
4273,2.95801387212848e-05
6591,2.9572073315297776e-05
1772,2.9540702226247706e-05
842,2.9517033359506454e-05
4009,2.9368125469926255e-05
5600,2.9321231915831546e-05
2716,2.9319184445656514e-05
199,2.9302959515881356e-05
597,2.9285431023040188e-05
5568,2.928361979148936e-05
4563,2.928298940052887e-05
1100,2.9220384216150044e-05
764,2.921333398857852e-05
6990,2.919867998813162e-05
928,2.9184956860110532e-05
3686,2.9128996779859695e-05
7173,2.9038445789822793e-05
6434,2.9036237205727545e-05
2062,2.9026651802180934e-05
1902,2.8986167276727856e-05
3270,2.897121654479993e-05
5797,2.895141443294269e-05
4562,2.8944019474171915e-05
2503,2.893550539300381e-05
5921,2.89001946406619e-05
4191,2.8886961966210245e-05
4134,2.8857417100915864e-05
3869,2.8844415221406595e-05
1557,2.884311175872154e-05
5459,2.8833165866684276e-05
887,2.8822551777308776e-05
6058,2.879530405594154e-05
5783,2.8703579306087844e-05
2286,2.869431302986852e-05
1124,2.868800139761603e-05
2188,2.8613713634339717e-05
4274,2.8543157211521485e-05
4179,2.8539810296102913e-05
988,2.850155913802988e-05
2185,2.850115113957451e-05
3034,2.847041837167974e-05
6241,2.8458413259127545e-05
4536,2.832887840555249e-05
2334,2.8319337345955736e-05
1722,2.8275153657745215e-05
5068,2.8233186270174055e-05
1359,2.8198260856930054e-05
4166,2.8155785093587882e-05
5945,2.8145777879511607e-05
1456,2.8142690014604227e-05
4906,2.81347626765001e-05
4560,2.8130108897121423e-05
6965,2.808392373198287e-05
2578,2.8059611209376853e-05
6536,2.8050849489464907e-05
6042,2.8050195020251125e-05
3513,2.8047538995346217e-05
6333,2.8026486176844188e-05
5530,2.8025428320915875e-05
4328,2.8003832850499818e-05
5180,2.800069016190328e-05
2985,2.798746090069687e-05
3915,2.7975122312665586e-05
1131,2.7970033419039293e-05
6068,2.793510274643231e-05
5647,2.7931985676878697e-05
4476,2.7868234952231425e-05
7009,2.783526727536181e-05
4695,2.782998034629547e-05
1147,2.779935443118057e-05
3407,2.777361067669574e-05
3862,2.7768728734748414e-05
836,2.7734564947779282e-05
6832,2.769319701745573e-05
5438,2.7684898718080436e-05
1549,2.7673002606361854e-05
2088,2.7617688072131234e-05
6489,2.7614733098716613e-05
3852,2.7613455508869157e-05
2558,2.756547777871037e-05
4097,2.7552026772869793e-05
3818,2.747516606376438e-05
3367,2.7439614944180066e-05
3102,2.7438107162591677e-05
2561,2.7376891881329976e-05
7152,2.7288443283449258e-05
3668,2.7286250670347282e-05
5597,2.728517577109067e-05
3877,2.727887435127478e-05
2077,2.7275013665211065e-05
970,2.7248208664508423e-05
5201,2.715997713139743e-05
1914,2.712619658586073e-05
582,2.707867700939039e-05
663,2.7009574594240117e-05
1761,2.6999640935946186e-05
2208,2.6993954909169746e-05
3300,2.6971176009962854e-05
3231,2.6920098166718603e-05
4807,2.6917732654659163e-05
5503,2.6887746177497112e-05
5026,2.6837608341072423e-05
1602,2.6828555787663574e-05
2180,2.681909599490359e-05
7120,2.6817544290939336e-05
6695,2.6756711137675974e-05
1324,2.6713576682709632e-05
782,2.6676345940650807e-05
3964,2.666686345286723e-05
1300,2.665758484072107e-05
6993,2.6646013233049814e-05
1687,2.658358060955389e-05
215,2.6580000802604788e-05
441,2.6578193355259587e-05
5778,2.6555075951770425e-05
4547,2.6552024941738683e-05
7252,2.63574738130918e-05
5796,2.6340277474237677e-05
4211,2.6329589119570057e-05
917,2.632825741592438e-05
5376,2.629631686213563e-05
3826,2.621881062925773e-05
1434,2.6205124455999438e-05
2303,2.620491276680853e-05
1917,2.6165675114109362e-05
1715,2.6105441721192086e-05
317,2.609242413230734e-05
1774,2.6017811388814716e-05
3048,2.5997755390942792e-05
985,2.597444311954778e-05
6148,2.5972514874100455e-05
405,2.5972183162245517e-05
3352,2.595699682592475e-05
3388,2.5919418127743353e-05
3307,2.5913317856355176e-05
335,2.5908280248174195e-05
6545,2.5893017097707365e-05
2785,2.5892005948936624e-05
4025,2.588213708941137e-05
3257,2.5879825204962794e-05
309,2.5875188466310363e-05
3254,2.5758175243612586e-05
6638,2.5755764011777095e-05
324,2.5706668255248325e-05
228,2.5693576485662e-05
6250,2.5689065989407597e-05
452,2.5686462426939844e-05
3893,2.5660259555625634e-05
2215,2.563818627981668e-05
772,2.5602624379462304e-05
3243,2.5588382189996976e-05
2332,2.5585051858315053e-05
5070,2.554627205059474e-05
6152,2.5539237314306973e-05
6665,2.553857182185061e-05
665,2.5496428656784287e-05
3959,2.545834492501084e-05
3794,2.5395140163933503e-05
6815,2.5388834468879882e-05
6515,2.5383426325009516e-05
1394,2.5373610929642964e-05
7042,2.529114865722191e-05
521,2.5239116000833522e-05
3857,2.5216229051380077e-05
6550,2.521444117059305e-05
3986,2.517284307942888e-05
3556,2.5169366667104088e-05
272,2.511295580989904e-05
1597,2.510940227806533e-05
3156,2.506479827670748e-05
4160,2.5054060994911325e-05
1437,2.5046071445793787e-05
1777,2.501206664460945e-05
1586,2.493334214902283e-05
5169,2.4922874234741904e-05
7194,2.4912740465381188e-05
5736,2.489782714396636e-05
154,2.4896944302305553e-05
5692,2.4892440341331498e-05
747,2.4883930988816128e-05
3956,2.4827009843383946e-05
1045,2.4822322985427893e-05
6024,2.4819377318180227e-05
6596,2.480877202350253e-05
6752,2.4756497331810017e-05
1600,2.4755736511622082e-05
1908,2.4736497559856843e-05
3169,2.473528318113429e-05
5015,2.4716522371835707e-05
3559,2.468406175401279e-05
5489,2.4681952050555433e-05
5691,2.4681759192713005e-05
7157,2.467162588533418e-05
874,2.4669889738796423e-05
2237,2.4624539376832403e-05
7298,2.4552771468029204e-05
3430,2.454815165521899e-05
3389,2.4545152436059682e-05
4334,2.4533349766155038e-05
4811,2.452370720040216e-05
2347,2.4443927924901434e-05
3040,2.4430013488282517e-05
761,2.437305260778391e-05
6655,2.4355590062407406e-05
3057,2.433751419794241e-05
1520,2.4262384926661545e-05
5096,2.423338717473798e-05
1402,2.417692788844232e-05
424,2.417629119503358e-05
2309,2.4135939909674107e-05
4285,2.403459792056479e-05
4213,2.4025995750893986e-05
4172,2.4006838566846096e-05
4668,2.3990505159414803e-05
2294,2.3981166515929524e-05
4924,2.3979823804852258e-05
2151,2.3862465561347364e-05
391,2.38474063213208e-05
6553,2.3789023654948733e-05
3427,2.3781321845870706e-05
2642,2.3757171421312952e-05
206,2.375012246145744e-05
2816,2.371218648616689e-05
4425,2.370034242547426e-05
7257,2.3632906058046255e-05
4488,2.362799662169192e-05
2600,2.3565989748842097e-05
4687,2.3559301670793813e-05
3756,2.3528109178238684e-05
4412,2.3499021616770338e-05
592,2.3498991113474648e-05
5051,2.3480974357312985e-05
1023,2.3471697497495226e-05
5613,2.3441889659048526e-05
5132,2.3439745017501224e-05
5869,2.3436760054512926e-05
4044,2.3436354365025293e-05
3217,2.3418239244261577e-05
1174,2.3408593092153104e-05
2808,2.3400013725011937e-05
2108,2.3384329970395204e-05
3437,2.33736502059835e-05
3001,2.3363062481215514e-05
815,2.3352872042284428e-05
434,2.32984730199234e-05
2444,2.3289108001002998e-05
2281,2.3277003387744286e-05
6396,2.326554415394089e-05
6430,2.324157380491613e-05
1740,2.321774956953799e-05
4227,2.3216433197294567e-05
2709,2.3131237010955325e-05
5079,2.3102220348743758e-05
3378,2.308784274858624e-05
5950,2.3074776234155888e-05
1684,2.305933482699222e-05
1963,2.3050108269464172e-05
1034,2.2977129544145546e-05
2049,2.2946581384108004e-05
496,2.294049514033451e-05
3260,2.2860464694829137e-05
4965,2.280854414878764e-05
1386,2.2773772359998068e-05
1273,2.2736428681426925e-05
7011,2.266358882087041e-05
728,2.2660037874272864e-05
4236,2.2656102197991638e-05
4084,2.2641989247904014e-05
6055,2.2579505784132887e-05
3823,2.2545653766450086e-05
6656,2.251212041217296e-05
6517,2.244759423022209e-05
211,2.2423246450799766e-05
4493,2.237669752598429e-05
2363,2.2313130330229324e-05
5267,2.2289401100778072e-05
3466,2.226012456757667e-05
4053,2.221614166360363e-05
7221,2.2204632842524118e-05
5001,2.217799641083486e-05
1699,2.2141337481537406e-05
4242,2.2115280598083578e-05
1087,2.2104465014855222e-05
920,2.209679621390622e-05
1286,2.198311258277582e-05
7097,2.1968781790694482e-05
2454,2.1955031632117392e-05
1309,2.1879132526805243e-05
3113,2.186868905084955e-05
6382,2.1841218173346952e-05
2693,2.182682235868999e-05
903,2.1818280260390924e-05
4767,2.1816953335798896e-05
5427,2.1797127345968838e-05
1209,2.175333336821485e-05
182,2.1716145561052324e-05
6588,2.1711350142655693e-05
4436,2.170101627516714e-05
866,2.1696214077087112e-05
1739,2.1622792617511356e-05
6229,2.1578445812098696e-05
5688,2.154619812946224e-05
5057,2.154543550257945e-05
740,2.150480533017234e-05
3252,2.1488739596063526e-05
3867,2.1474073772325527e-05
5245,2.1458998418581345e-05
5515,2.143719625599303e-05
6197,2.143349273238851e-05
5473,2.13810646165075e-05
5876,2.1377430753048423e-05
6002,2.135239852495683e-05
3629,2.134598422225917e-05
6540,2.1318847583928124e-05
6142,2.130256232718117e-05
7018,2.1260931393420752e-05
2613,2.1259873495949563e-05
2326,2.125886406402561e-05
610,2.1199542712979125e-05
4581,2.118774901373071e-05
4723,2.112982082324468e-05
6604,2.1094966236169348e-05
3979,2.1064517302817156e-05
2591,2.102071874282552e-05
2889,2.10054853619792e-05
3832,2.09780658322273e-05
5137,2.0899760939594997e-05
5532,2.087825114750079e-05
550,2.0866059981757872e-05
4909,2.0837380729527157e-05
2884,2.0830367673131302e-05
3640,2.0829173082417658e-05
2050,2.0806497346613858e-05
1186,2.0799844501486392e-05
2159,2.077620756794125e-05
126,2.0766377526823724e-05
3181,2.0728578634802286e-05
5350,2.0667274937152794e-05
5284,2.0660409488325943e-05
6503,2.0625539036897837e-05
4458,2.0604610775802816e-05
3349,2.0542272385534305e-05
4015,2.051637688323909e-05
1622,2.0439133740327564e-05
2133,2.0407981220004516e-05
795,2.0396949193296803e-05
4824,2.0388106449879356e-05
2548,2.0386529370962804e-05
6288,2.0369564475719667e-05
5217,2.0367270773003767e-05
1304,2.034844325429366e-05
1770,2.033565003816605e-05
2020,2.032697282582346e-05
546,2.026627329626097e-05
2782,2.02556524774179e-05
6392,2.0211987139602577e-05
3617,2.0191029724355312e-05
5536,2.018271296327863e-05
6015,2.0148377030385314e-05
162,2.0146008547791964e-05
3595,2.0103311378967123e-05
6025,2.0099344731022813e-05
5266,2.009275813920469e-05
86,2.003910538734224e-05
3290,1.9981493571380775e-05
3135,1.9960706657381515e-05
4441,1.9960258762280627e-05
2165,1.995231076424558e-05
2875,1.9951395227196757e-05
2358,1.987099048746877e-05
2870,1.9865586540041644e-05
5224,1.985779787542465e-05
1733,1.9780541064931323e-05
5190,1.9687941502756427e-05
5794,1.964181432687089e-05
1179,1.9632071429669875e-05
3154,1.9624691073649244e-05
3537,1.961569835661797e-05
3249,1.9606223693107482e-05
2246,1.9584838813795422e-05
3364,1.9556905098091917e-05
5209,1.9550278969572666e-05
1423,1.954233192114615e-05
5229,1.951657724732385e-05
2169,1.951249316993192e-05
3769,1.9505091961829052e-05
3507,1.9473157745784793e-05
7288,1.9471009286207806e-05
5100,1.9461838163800805e-05
7272,1.9436308032725102e-05
1893,1.9417122538118e-05
2897,1.9390610414126227e-05
2327,1.938150136334981e-05
6381,1.938122832481385e-05
4043,1.9347440710012e-05
1965,1.9314383623312843e-05
1640,1.9305943639268012e-05
6438,1.9275964446435293e-05
2330,1.9260617489389446e-05
1468,1.9230061509990732e-05
1387,1.922951503215024e-05
5002,1.922266868586649e-05
3144,1.9216759274008734e-05
3248,1.9206472985103122e-05
1231,1.9168747069862942e-05
2273,1.9155106450731593e-05
2067,1.9152967811689316e-05
691,1.914120728648303e-05
3284,1.9126308277909696e-05
5033,1.910925710183589e-05
5086,1.9103312991614532e-05
5314,1.90501676229504e-05
755,1.903793693059065e-05
5727,1.90317904096747e-05
5330,1.902680430614489e-05
5789,1.897802215286858e-05
1681,1.896731375637377e-05
3225,1.895754240122648e-05
7135,1.8944562464470667e-05
1818,1.8931927276468513e-05
1175,1.8906359358605917e-05
3273,1.887565472216757e-05
2492,1.883803348397891e-05
1601,1.881898404302019e-05
678,1.881804121349489e-05
2895,1.8786729481990187e-05
6427,1.8781217807498476e-05
3106,1.877277254882791e-05
346,1.8767189211429116e-05
6802,1.875354834226904e-05
4611,1.8662691635451156e-05
1140,1.8628207619721124e-05
4843,1.8558438149988243e-05
2639,1.8557277791019617e-05
5039,1.8555729315181033e-05
3706,1.8490404215006336e-05
349,1.847972007778771e-05
1040,1.8468524862809173e-05
340,1.844150717588442e-05
5566,1.842867637878451e-05
2688,1.8408109642015936e-05
7235,1.839718985853562e-05
3041,1.8394341758536097e-05
5949,1.832869259750563e-05
1060,1.8326980596705192e-05
5596,1.83249268662751e-05
2904,1.8303159388737578e-05
7131,1.8301834165469107e-05
3558,1.8277149386575624e-05
5902,1.827550809373075e-05
1104,1.8253108457216403e-05
947,1.823241205068399e-05
1710,1.8231409836635585e-05
2589,1.821707715430199e-05
3188,1.821690172114537e-05
1754,1.8188726031984366e-05
5802,1.8133964307702463e-05
5685,1.812641165410133e-05
3946,1.8117066833479766e-05
1460,1.808766529612955e-05
5640,1.804729112603246e-05
3198,1.804576912757807e-05
3670,1.8014040358644436e-05
2862,1.8008623242073124e-05
5135,1.799589392103695e-05
5853,1.7983481016481167e-05
4206,1.7966983123136513e-05
3608,1.796322411269451e-05
5163,1.7933911195968284e-05
4239,1.7909848965489743e-05
2547,1.7890062891243374e-05
4146,1.7837151640660463e-05
2387,1.7824519195596896e-05
3906,1.7812360611571435e-05
1644,1.7812215319868833e-05
2977,1.7796541653129132e-05
4913,1.7779356629060844e-05
5244,1.7769184767416894e-05
1666,1.7759466803206584e-05
2546,1.7749536222787733e-05
1375,1.7743317466483253e-05
1901,1.7742519283329072e-05
4740,1.7692482093970074e-05
1265,1.768930362671098e-05
1069,1.7637859274790645e-05
3151,1.7607291779763392e-05
4010,1.7590738316657902e-05
4591,1.758411617096506e-05
763,1.75768101748901e-05
3401,1.7537174785342475e-05
4337,1.7533529357229806e-05
1629,1.7497894233244912e-05
939,1.7481576269356765e-05
2692,1.7474785940137694e-05
6534,1.74638688340943e-05
794,1.743271542554999e-05
4389,1.7426094166510614e-05
4141,1.7420382157459533e-05
3212,1.7400648016690813e-05
2292,1.737343219796648e-05
1328,1.736706571878749e-05
672,1.7343048331582727e-05
2352,1.7331474341480513e-05
241,1.732743795367534e-05
5414,1.729833509295705e-05
5285,1.729121173351789e-05
3158,1.7224223755725858e-05
6346,1.7220976385302766e-05
3347,1.7214872135204775e-05
3750,1.719633904933407e-05
1323,1.715672818042062e-05
1946,1.715497677384579e-05
4777,1.7151613268288683e-05
6132,1.7129095725797587e-05
2519,1.7128497473513056e-05
4433,1.7116125632628256e-05
3203,1.7069697860196177e-05
1072,1.7052552435752443e-05
2801,1.7052029760410562e-05
6649,1.703233345989959e-05
4635,1.702763904800024e-05
6185,1.702673944418427e-05
4775,1.702294537792979e-05
2028,1.6978875325266523e-05
635,1.6961669668726876e-05
3522,1.694719569507932e-05
3653,1.6936985853246567e-05
4338,1.6915084120419624e-05
580,1.687676199085291e-05
6686,1.6862644336470483e-05
1395,1.686018942766894e-05
1036,1.6844956420488075e-05
3542,1.6828741179412856e-05
1882,1.6818620157975355e-05
7309,1.680945474381539e-05
3847,1.679333883754734e-05
2222,1.669158805944343e-05
1931,1.6634112877269225e-05
6582,1.6595816114359258e-05
7255,1.6565591089735106e-05
3883,1.6535713305843072e-05
4293,1.6523502573313987e-05
7295,1.6514821107684255e-05
677,1.6470905617048976e-05
1233,1.6460682319125044e-05
4657,1.6437644671389485e-05
1407,1.64322670039222e-05
90,1.6417900382929312e-05
2410,1.6412195599140574e-05
354,1.639802222922171e-05
4593,1.6397556412070758e-05
7080,1.639619123583906e-05
3944,1.637960523331307e-05
5746,1.6379209448032204e-05
5710,1.636328985752325e-05
2242,1.6337796860519857e-05
5890,1.6331586801242773e-05
5588,1.632576037231322e-05
4718,1.631607317976959e-05
5782,1.629459811003388e-05
3921,1.62854820053686e-05
6958,1.6277446720610366e-05
6303,1.627500425849999e-05
3602,1.6261242577073167e-05
2306,1.6257184436120304e-05
6871,1.6253265847434163e-05
4414,1.6222444658928793e-05
2626,1.6198428501791138e-05
626,1.6175463898698223e-05
177,1.6153840632417056e-05
4886,1.6122476246041527e-05
5731,1.6119641287656332e-05
7207,1.610309845301759e-05
2394,1.607828268961051e-05
1768,1.6038008482989645e-05
4945,1.5996711470595126e-05
6654,1.597860366371281e-05
4766,1.5978070598061453e-05
4768,1.5975963618498545e-05
169,1.5963681104523353e-05
1706,1.5908078024611478e-05
5395,1.5907070417642077e-05
3504,1.5862272303380844e-05
1659,1.5777178965388233e-05
6595,1.5770644555264874e-05
2745,1.5767333255468136e-05
2403,1.570141801701673e-05
2275,1.569105771762683e-05
5235,1.566848810396093e-05
4982,1.5655193076088353e-05
1522,1.564234691320011e-05
5202,1.5626024128047554e-05
2959,1.561369408624599e-05
602,1.5611337542144406e-05
3066,1.5580569394050274e-05
4521,1.5568104357279014e-05
4131,1.5539918608198993e-05
3891,1.5533223275123296e-05
3722,1.5482471524968402e-05
3853,1.5463979325675795e-05
2493,1.5419561678935123e-05
2555,1.541793481679779e-05
4394,1.5409997835576395e-05
38,1.54036885571454e-05
3840,1.5334032937831315e-05
6855,1.5321022985615447e-05
2070,1.5265012485082857e-05
2211,1.52607227833498e-05
1106,1.5232124701172419e-05
628,1.5217920966635172e-05
6312,1.519606161672038e-05
6440,1.5190431232032464e-05
4048,1.517693922642811e-05
3166,1.5171508754631513e-05
489,1.5162742170349133e-05
353,1.5153604602278379e-05
4403,1.5152300475389819e-05
2685,1.5147454298276682e-05
1295,1.5138559633209142e-05
1905,1.5130657357536506e-05
6585,1.5118447289838506e-05
4192,1.5098830713034667e-05
1491,1.5097307855914136e-05
1216,1.5090308568608746e-05
5959,1.508069784057656e-05
5926,1.507667192523133e-05
2371,1.5063888730101374e-05
1330,1.5029043987831303e-05
1738,1.4999113710172348e-05
4576,1.496603727761099e-05
2107,1.4945278566030069e-05
2663,1.4938659769104675e-05
110,1.4908979078759427e-05
912,1.4854052705181288e-05
2081,1.4839705495120851e-05
4373,1.4830640277071254e-05
4769,1.4805572550051066e-05
3747,1.4767502147342812e-05
5947,1.4751886382359221e-05
3056,1.4748428026030248e-05
5463,1.4738066846589697e-05
5951,1.4670064637720368e-05
1794,1.4594996550301626e-05
885,1.4561016395920066e-05
1721,1.4525762322627204e-05
1462,1.4510004264529439e-05
6330,1.4503622019636932e-05
1476,1.4466271592171028e-05
4266,1.4440091930807224e-05
1029,1.440363195996899e-05
523,1.4370125996656833e-05
3011,1.4356579571379481e-05
5052,1.4326958072704243e-05
3319,1.4306559879254512e-05
6717,1.4306266679456284e-05
1085,1.4305513135347204e-05
4908,1.428527923096637e-05
5781,1.423575432294766e-05
2194,1.4225631064409506e-05
5941,1.4204036226807602e-05
254,1.4200326739827017e-05
2431,1.4144104647544762e-05
1193,1.4111968743768585e-05
6314,1.4110621663531993e-05
1296,1.4083762617591985e-05
64,1.4059803646920545e-05
2960,1.404903822878839e-05
6806,1.4045526593737205e-05
4355,1.4029871424976132e-05
3314,1.4019013338342196e-05
7019,1.3999060507943471e-05
6362,1.3987062673991255e-05
653,1.3982858685588908e-05
1506,1.3953899500104802e-05
5760,1.3943930487296288e-05
2124,1.3937581474397887e-05
1168,1.3934210205382598e-05
5006,1.3923724770009896e-05
3557,1.3923577878251064e-05
7244,1.3909465539856209e-05
2425,1.3896602959469922e-05
297,1.3894684469828619e-05
4995,1.3880277961446667e-05
3342,1.3872567729224869e-05
771,1.3872288309691168e-05
4624,1.3842708562150682e-05
4056,1.3796030361083908e-05
3505,1.3794818148790786e-05
4408,1.3792883437021572e-05
6422,1.3789375137898142e-05
4694,1.3766041132424659e-05
6539,1.376430890710408e-05
178,1.3763541583167329e-05
4845,1.3759842397795334e-05
6227,1.3740157965438768e-05
6623,1.3731731199460019e-05
7121,1.370524254175467e-05
1247,1.3687829621530856e-05
662,1.3667407869849816e-05
3644,1.3626446352800029e-05
2085,1.3481887436127024e-05
6174,1.346923833367727e-05
3567,1.345199678422009e-05
6816,1.3439629901166347e-05
2026,1.3436441398728018e-05
5107,1.343334566741487e-05
6395,1.3424740145511925e-05
6822,1.339709233295232e-05
1942,1.3373268671387845e-05
2015,1.336933382070483e-05
1077,1.3366803504128427e-05
1450,1.3362819821353462e-05
3526,1.3347091117595815e-05
2670,1.334152044505996e-05
5718,1.3341299245728147e-05
7092,1.334071319679968e-05
4022,1.3332637242106626e-05
4331,1.3327359680290122e-05
6347,1.3313227986006838e-05
4504,1.3308946711652898e-05
7078,1.330807552868955e-05
4588,1.330607627868066e-05
191,1.3291198850985529e-05
157,1.32866958461562e-05
5275,1.328550084754746e-05
4761,1.3262543926022257e-05
2869,1.3255960155791411e-05
2858,1.3213924542090484e-05
5667,1.3213281606390388e-05
6270,1.3201198298660274e-05
6557,1.3195784001348527e-05
6987,1.3154027868069702e-05
1608,1.3149401413703764e-05
5437,1.3121370573279e-05
4819,1.311724650437372e-05
5650,1.3076408039391e-05
4168,1.3057679192240614e-05
6191,1.3050103443000505e-05
3404,1.3042336694988027e-05
3237,1.3031871834861569e-05
5889,1.2983519454393078e-05
2102,1.29821814266982e-05
7201,1.2972792480757505e-05
1465,1.296426363087136e-05
660,1.2951706449841539e-05
33,1.2931684497117568e-05
2092,1.2903744401332064e-05
7035,1.2875068217845673e-05
2825,1.2864171034546571e-05
2776,1.2861553884043051e-05
1333,1.285233923593515e-05
3025,1.2832733182664807e-05
2041,1.2826078523974445e-05
1940,1.2825060487632157e-05
3201,1.2813010230701056e-05
2509,1.279938734824604e-05
3464,1.2781326596322274e-05
426,1.2776866437026737e-05
463,1.2709247027624774e-05
974,1.2677884402384757e-05
2967,1.2672606571417667e-05
5373,1.2642567381078991e-05
894,1.2627525539187907e-05
4069,1.2624665645405528e-05
3972,1.2595841627925569e-05
968,1.2592678999553398e-05
616,1.258765006223985e-05
2698,1.2542566142775341e-05
1546,1.2523830093998928e-05
299,1.2501304436202555e-05
1838,1.2497254798165157e-05
7237,1.2483242730583882e-05
2343,1.2478953154482303e-05
4700,1.2426171277933047e-05
4442,1.2424467347438721e-05
4066,1.2399979280044928e-05
5159,1.236741695136709e-05
5674,1.2361304227922003e-05
5468,1.2359574691017984e-05
1214,1.233595638970849e-05
1340,1.230942372686696e-05
2590,1.229785568391543e-05
1553,1.2257098001703035e-05
7088,1.2256311133529764e-05
702,1.2255715075733476e-05
5194,1.224064658294459e-05
6568,1.2239093640315431e-05
1744,1.221603016600222e-05
1604,1.2213348001528759e-05
1246,1.2205522802948903e-05
7282,1.2180074443266185e-05
4743,1.2164720497102512e-05
1005,1.2108958168842461e-05
707,1.20942591907194e-05
2723,1.2091217727306826e-05
3471,1.2082291901935758e-05
1771,1.2065500258898017e-05
1843,1.2025184738030428e-05
5824,1.1996322539862364e-05
1117,1.1992302491078834e-05
4424,1.1989474696094995e-05
7222,1.196237848400401e-05
1578,1.1949025692365682e-05
6107,1.1939525520601677e-05
2573,1.1927092098679858e-05
2640,1.1911562792456655e-05
1065,1.1905036438485901e-05
2130,1.189778629272872e-05
3949,1.1877773216186586e-05
2448,1.187208776784558e-05
2514,1.187042939871362e-05
1633,1.186637139430108e-05
4014,1.1842878387994132e-05
2432,1.1842449703111583e-05
4955,1.1829466297413037e-05
4960,1.1829293120567064e-05
6262,1.1788279392263832e-05
5903,1.17809618014358e-05
2700,1.178014974172373e-05
161,1.1776867262839555e-05
4962,1.1761485589903927e-05
2550,1.1759526627722235e-05
6810,1.1746101742736282e-05
1445,1.1741994212590708e-05
6628,1.172188077534531e-05
3428,1.1710039024162963e-05
1956,1.1658621027731592e-05
4895,1.1646498084906781e-05
3604,1.1609114455739508e-05
5178,1.1575991520010402e-05
5140,1.1549826288674012e-05
5031,1.154554790241776e-05
2657,1.1541749836304308e-05
4938,1.152973562419891e-05
1355,1.152694163057486e-05
4491,1.1509588523428168e-05
4333,1.148088167593894e-05
6478,1.1456275687988655e-05
6017,1.1452960087992762e-05
849,1.1452450441278191e-05
5570,1.1428758151942395e-05
1320,1.1369186329438084e-05
6502,1.1365196022152593e-05
364,1.1362059282320713e-05
3027,1.1357268159726324e-05
1756,1.1327228201754963e-05
3889,1.1294089145955087e-05
2195,1.1284561738522908e-05
4513,1.1277141015154415e-05
3117,1.1271074811667782e-05
7033,1.127034240200654e-05
2126,1.1263243874415305e-05
3229,1.1244474304707295e-05
1737,1.1214865837358829e-05
6047,1.1183841198293013e-05
1268,1.1161073005129874e-05
3,1.1156004122868088e-05
1800,1.1151756639709064e-05
2910,1.1125500249092709e-05
3438,1.112013572857601e-05
5519,1.1103230471959771e-05
6957,1.1090479934660909e-05
825,1.1071451093818394e-05
351,1.1070950630362381e-05
930,1.1069219058575246e-05
5502,1.1034505211639382e-05
4124,1.1032225898721372e-05
966,1.0996550766972046e-05
1284,1.0996207501811634e-05
2953,1.0992400368572289e-05
2354,1.0991596196381435e-05
3957,1.0984375171030827e-05
5801,1.0954644603573939e-05
4420,1.0947000763691856e-05
6590,1.0914105977135619e-05
512,1.0904520152728612e-05
4231,1.090281318341381e-05
3821,1.0882217153815522e-05
1494,1.0862641414069177e-05
131,1.0850878379071192e-05
300,1.081795191566896e-05
2362,1.0786713691170225e-05
2756,1.0766156758707565e-05
6377,1.0762572534140221e-05
3482,1.0761067370892482e-05
3848,1.075368389536671e-05
6405,1.0746473982048018e-05
3968,1.0730944816151025e-05
1350,1.0729254976955089e-05
3377,1.0715502248120367e-05
3871,1.0712189816678568e-05
3008,1.0696230100611822e-05
6320,1.069245150987184e-05
3896,1.0689399770128707e-05
3148,1.0687553600186253e-05
3031,1.0684493421155456e-05
2256,1.0658825977923194e-05
1631,1.0635375811813585e-05
4071,1.061848235425946e-05
1624,1.0617906872739657e-05
4599,1.0616872528086775e-05
2871,1.0521984693164147e-05
4023,1.0515570770238104e-05
2143,1.0492031856170587e-05
4864,1.0487789452410299e-05
4675,1.0479120313358383e-05
6556,1.0477237315211275e-05
650,1.0452587189579726e-05
6416,1.0434521536073817e-05
381,1.0421375729388294e-05
111,1.0418253418199966e-05
1081,1.0397272516687787e-05
6180,1.0394224263648846e-05
2183,1.0382785800624702e-05
3910,1.0381524442577316e-05
999,1.0350793743044942e-05
3397,1.0329539494327823e-05
1004,1.0314406092851522e-05
6899,1.0306241426997271e-05
2270,1.0286035525589672e-05
5466,1.0267633305304003e-05
4352,1.0262440169834829e-05
6156,1.026131467063716e-05
486,1.0228659605045973e-05
5133,1.0167795270871027e-05
3374,1.015889225232173e-05
207,1.0124455183849206e-05
2769,1.010278385223281e-05
6610,1.0098960147139564e-05
2177,1.0075222114192794e-05
1464,1.0041074123214132e-05
4109,1.0020394101062384e-05
5671,1.0007779836691598e-05
4964,9.956096012732793e-06
3623,9.946131538465412e-06
5236,9.9460252702979e-06
7277,9.923108199262787e-06
421,9.918558253466055e-06
3992,9.914908938267107e-06
2227,9.907584485777914e-06
1374,9.863766382089323e-06
2291,9.84821706203839e-06
3241,9.840627376072594e-06
1787,9.840272694584547e-06
5064,9.822533346603598e-06
6737,9.815119345708077e-06
4685,9.794363324079057e-06
2970,9.783501647549038e-06
3175,9.77811870235064e-06
5985,9.77430435463397e-06
4590,9.773519611584846e-06
6974,9.75864470753207e-06
3669,9.756667284899243e-06
4914,9.747332759118893e-06
6368,9.740920706484752e-06
3489,9.697234578556357e-06
3666,9.683362115056258e-06
4448,9.676448554720338e-06
1344,9.673084943867387e-06
7243,9.635761004500015e-06
2098,9.609633486571003e-06
2570,9.583446899090862e-06
6967,9.567690643842e-06
6790,9.530144412118106e-06
103,9.517868706668856e-06
539,9.496395985148524e-06
1112,9.48693470041287e-06
5145,9.473715628831288e-06
4432,9.468820991402335e-06
3028,9.468626221410142e-06
6213,9.46107798988854e-06
6380,9.441642337890007e-06
3605,9.435080650057327e-06
1241,9.423719310487113e-06
1249,9.415960123105807e-06
2160,9.398194527529527e-06
1044,9.363632564922846e-06
4750,9.36138786544113e-06
3712,9.355176040224001e-06
2927,9.346143629233115e-06
4058,9.343438185752748e-06
1783,9.339067034461505e-06
695,9.327141950967132e-06
3456,9.31490651135919e-06
1172,9.302917870727219e-06
4329,9.302105714073068e-06
7308,9.293492772398065e-06
3250,9.274690393622901e-06
2673,9.272810142874798e-06
6134,9.235975867131156e-06
7302,9.230939182598731e-06
3006,9.211786256582045e-06
4299,9.208975990661306e-06
2651,9.195804332355759e-06
645,9.189907499495799e-06
2901,9.154053731836269e-06
273,9.126158075867637e-06
1588,9.11928929577988e-06
437,9.093032576044914e-06
4405,9.092057272085468e-06
4047,9.077847421540146e-06
4508,9.06700377412915e-06
1416,9.054775071831123e-06
4662,9.041931734428088e-06
1283,9.032519722191128e-06
1651,9.02746964983992e-06
308,9.027136712595746e-06
2145,9.022202868737401e-06
2261,9.005075928051242e-06
5765,8.99033350805557e-06
3645,8.963222622983176e-06
2350,8.959745626047726e-06
6265,8.959225598035207e-06
6343,8.925534852111158e-06
1458,8.913023756229195e-06
5956,8.901445120580367e-06
6583,8.890395754063343e-06
5649,8.881449393665152e-06
5136,8.87726364036693e-06
5195,8.854218390022836e-06
2147,8.840589470751986e-06
6496,8.840027754450988e-06
1422,8.822705906895118e-06
2359,8.821482973158533e-06
4163,8.809370200065186e-06
7233,8.804324536576807e-06
4606,8.796947654734527e-06
2922,8.784403597586616e-06
2504,8.781394799480024e-06
4153,8.739960315729383e-06
6307,8.726207595782294e-06
2136,8.722262641971401e-06
3705,8.714621932322232e-06
2815,8.706792303714076e-06
1082,8.692448679410758e-06
2569,8.68957110826322e-06
5730,8.684483356942825e-06
4515,8.679099320698377e-06
5017,8.64610921505495e-06
2637,8.62217614008879e-06
4232,8.612361140735489e-06
6311,8.599602426351959e-06
5404,8.59844423806849e-06
4782,8.585153180631623e-06
1752,8.579881930474519e-06
5611,8.563197567151623e-06
1046,8.537279551644987e-06
5050,8.534940829625246e-06
7256,8.522375456368523e-06
3099,8.521215226334417e-06
2544,8.51666200983994e-06
1479,8.514999872567043e-06
998,8.498924651657495e-06
6700,8.473030990263487e-06
2023,8.421585411497405e-06
7216,8.417341228556983e-06
1852,8.411067140004168e-06
1565,8.398369666754513e-06
2968,8.361885576465698e-06
5888,8.346871487765673e-06
1455,8.337402976711162e-06
4370,8.328770742302761e-06
6667,8.300589924424972e-06
1865,8.272944319983007e-06
2175,8.263851550104665e-06
5148,8.231665585182533e-06
2255,8.22622380202234e-06
3583,8.218125239552566e-06
559,8.214855306872353e-06
4051,8.18680558863291e-06
1242,8.184679880642802e-06
494,8.178298034115198e-06
6300,8.169516096453257e-06
456,8.159478448603716e-06
2730,8.153558811519295e-06
201,8.149373093880713e-06
3405,8.142710542462974e-06
1729,8.140143628899206e-06
4689,8.131141494467385e-06
959,8.128161225215859e-06
5377,8.109606736477334e-06
1424,8.102710259835329e-06
3086,8.02857279674862e-06
2708,8.019449860686184e-06
1934,8.001324617424333e-06
1383,8.000299095040542e-06
3952,7.999130056948844e-06
1725,7.99323904324892e-06
3774,7.98959847275669e-06
5021,7.988245167200576e-06
4629,7.98136662018233e-06
3642,7.972892540234003e-06
5700,7.946673312646369e-06
5346,7.93694071260352e-06
4918,7.935263074372465e-06
1071,7.925231828044601e-06
6859,7.915679550089143e-06
26,7.899765677308117e-06
5537,7.891461466057306e-06
3520,7.8830821674234e-06
1261,7.8816849841403e-06
2694,7.873990521295466e-06
1957,7.873471828708281e-06
6893,7.846343586820713e-06
2979,7.83038969427809e-06
3651,7.826476755440823e-06
6206,7.824542975730072e-06
750,7.818391950446876e-06
374,7.80322426153722e-06
5025,7.778321450985776e-06
3344,7.735865046929273e-06
1367,7.731093999838625e-06
4998,7.727707258480001e-06
2724,7.698681236810208e-06
4180,7.689092176560962e-06
1960,7.681453176552919e-06
3182,7.678766345587452e-06
1647,7.67405669657381e-06
7218,7.662739852301869e-06
2876,7.64064166864993e-06
4444,7.63967980263059e-06
6506,7.631217625972826e-06
2316,7.623755383687702e-06
5546,7.6090076009130074e-06
1718,7.589265602472448e-06
2830,7.581216624994468e-06
5632,7.5741945501453815e-06
4147,7.563999357180133e-06
4589,7.535067257572254e-06
4184,7.51807506012717e-06
4684,7.5147026306796785e-06
1864,7.508581209644075e-06
4208,7.507246186768348e-06
1222,7.50253369130313e-06
2964,7.488409217817558e-06
5164,7.4789194431426395e-06
1467,7.474701799096811e-06
5155,7.468029283946111e-06
2987,7.446771512486466e-06
3916,7.4465001858287674e-06
3905,7.427674778949741e-06
1353,7.422056957885709e-06
3288,7.417190777854208e-06
4963,7.367037950604309e-06
7260,7.361499250315673e-06
2450,7.359652418099848e-06
721,7.348696385341835e-06
1579,7.332074404439525e-06
6061,7.24627392352285e-06
2612,7.2446527395359635e-06
1238,7.230440742041156e-06
2766,7.22987059600235e-06
3636,7.227135583899952e-06
7170,7.224585083161667e-06
4911,7.214607287507187e-06
5261,7.202274307449281e-06
3449,7.190342279743077e-06
2263,7.176151146682187e-06
3519,7.169646962181187e-06
1555,7.160326322031376e-06
2899,7.156988375169211e-06
856,7.147749140842124e-06
6624,7.146888998807574e-06
2497,7.109892545372244e-06
4287,7.070949378731391e-06
4135,7.0556630521902625e-06
3548,7.041271379046411e-06
1119,7.016333568500153e-06
1542,7.008202869424076e-06
4387,6.991236217424125e-06
5504,6.97898191542881e-06
2166,6.964135520502772e-06
5280,6.953175773138022e-06
2406,6.947554661168353e-06
3442,6.9467451221008875e-06
1266,6.916551405032908e-06
423,6.908109236704652e-06
661,6.905111120618736e-06
3594,6.881135797805635e-06
4789,6.865457487084389e-06
7294,6.832341317112528e-06
4039,6.832318757398874e-06
4727,6.786076875593198e-06
3723,6.783995037981077e-06
1998,6.769473564319729e-06
1312,6.765448220671628e-06
1781,6.762198602316613e-06
4454,6.753836140177492e-06
3093,6.73545566247635e-06
6766,6.726793359795964e-06
1098,6.715852645917266e-06
4797,6.710802386723848e-06
1526,6.691065907157331e-06
6872,6.657028996729339e-06
3538,6.63584546818367e-06
5622,6.632425106901527e-06
4344,6.6297960738207555e-06
1869,6.625640986516547e-06
5715,6.606034799588208e-06
4183,6.605017233272755e-06
595,6.600066803757869e-06
5456,6.593158053688077e-06
5434,6.58207559044958e-06
5967,6.5752756860338056e-06
1425,6.560687783107203e-06
2834,6.550763411894943e-06
7300,6.5436692175610155e-06
2082,6.5357018295474346e-06
1421,6.535079446567051e-06
608,6.449602635210078e-06
3366,6.444372114405639e-06
5712,6.436787034305813e-06
1550,6.432837318096029e-06
5452,6.428789363824821e-06
5807,6.412005194721021e-06
1127,6.4049530607588476e-06
5120,6.404868100784363e-06
2650,6.402747143541313e-06
6455,6.39648376114472e-06
3851,6.392338419929552e-06
6751,6.3725561491043196e-06
6522,6.345798469535291e-06
6457,6.335055077708876e-06
3650,6.329800550384803e-06
5123,6.318470893975173e-06
6083,6.3164666424986495e-06
3732,6.311673454793062e-06
3206,6.310710854230662e-06
3030,6.3066976775752455e-06
2176,6.3028730423311675e-06
2202,6.301929923208681e-06
4725,6.2951743934670845e-06
1950,6.278678126152809e-06
5670,6.2516509239418775e-06
995,6.2504541374229995e-06
4605,6.2497559153888924e-06
2417,6.237559386433945e-06
2423,6.219647664149838e-06
2898,6.213937462229646e-06
3872,6.151994476395303e-06
2560,6.1366777248806865e-06
4630,6.1237115538775145e-06
3819,6.119255901643268e-06
1433,6.0943137683738035e-06
4349,6.05727884606353e-06
4496,6.055680720664414e-06
6934,6.031868932080988e-06
1938,6.028076714173805e-06
3687,6.004522165848998e-06
330,5.998073094438765e-06
7179,5.995031759032474e-06
4707,5.947277874509409e-06
1649,5.941048581855934e-06
4117,5.938598367676089e-06
6574,5.929027362027499e-06
2360,5.902731618109079e-06
788,5.892839844482292e-06
469,5.890843215031447e-06
3835,5.884073063092225e-06
4456,5.844938915867354e-06
5258,5.839924502796448e-06
1685,5.838423671531829e-06
1535,5.835799492096505e-06
1197,5.816660092304514e-06
3477,5.8135499776091e-06
3274,5.813303941185607e-06
929,5.804280383507e-06
940,5.799293149362983e-06
7321,5.785803023745701e-06
1257,5.784536019219826e-06
4642,5.783266904677406e-06
168,5.769756684076267e-06
6476,5.755846219867018e-06
2983,5.722916743032953e-06
6762,5.713007660727178e-06
2264,5.710147600264348e-06
5102,5.699903303638865e-06
1107,5.686382210464466e-06
3350,5.672944419376563e-06
3324,5.6633827281333584e-06
3105,5.658872564836131e-06
4173,5.637321866599059e-06
3232,5.635575920129957e-06
1582,5.622293194807957e-06
266,5.599959795677733e-06
4722,5.573987050199565e-06
4556,5.569423068384999e-06
4309,5.568797104560568e-06
7001,5.538139212027333e-06
4479,5.530491590613707e-06
3965,5.503280863591922e-06
2676,5.500485742804516e-06
5157,5.488883798361178e-06
3085,5.480396077094895e-06
6767,5.460391139279606e-06
6431,5.421343381993288e-06
3628,5.413724565745433e-06
1314,5.404740429916894e-06
7103,5.386535605789352e-06
4371,5.364973395439287e-06
1534,5.361095488795707e-06
5851,5.343470506044536e-06
4198,5.337868481544751e-06
4304,5.3375973177370955e-06
3971,5.332086885606431e-06
3577,5.3273472110974385e-06
1892,5.317005511155512e-06
4990,5.310416058658967e-06
5487,5.30193861267488e-06
5680,5.266021967016961e-06
796,5.255492414013219e-06
4846,5.249257141850878e-06
5415,5.2458371137213266e-06
3554,5.243270507746442e-06
5359,5.243099411415484e-06
4656,5.212197921955689e-06
5775,5.197364531933263e-06
1298,5.1698218065084905e-06
2976,5.143613948667776e-06
1581,5.140130082218747e-06
400,5.123325403916049e-06
1877,5.116131227979156e-06
4226,5.102946910342128e-06
5678,5.098326098328529e-06
271,5.096769733449265e-06
4415,5.079400942756919e-06
7307,5.069108843097761e-06
3635,5.066721440197125e-06
1095,5.046954970546857e-06
1484,5.043532865594867e-06
5892,5.01652008224412e-06
1215,4.978167508861751e-06
2736,4.975915952154301e-06
4062,4.97567095755667e-06
2786,4.966123060660921e-06
2488,4.961801767386522e-06
4201,4.9422272281377606e-06
2789,4.930301331332787e-06
3778,4.916136861117827e-06
4800,4.908706268809482e-06
5027,4.893778360841356e-06
6828,4.867757153477606e-06
4568,4.846939192805428e-06
2916,4.830561751802081e-06
4171,4.8193766047050594e-06
1289,4.813106740295388e-06
4981,4.795874463028302e-06
251,4.791271651921012e-06
1953,4.771742565432408e-06
4898,4.743344201276871e-06
3643,4.738196475911134e-06
2539,4.7299040470974895e-06
5720,4.72751157798648e-06
4366,4.720802583367251e-06
4110,4.708871435896716e-06
3149,4.701969059544094e-06
5055,4.693195714912739e-06
2695,4.674442523036203e-06
4882,4.672084679541414e-06
4453,4.655103699046874e-06
1499,4.6437296964317355e-06
6319,4.632415648315675e-06
4083,4.61553045789698e-06
6696,4.61311279238571e-06
656,4.607300735741838e-06
5498,4.60521848138913e-06
5617,4.593745658583819e-06
3400,4.593113715183777e-06
4283,4.5861567232232585e-06
3413,4.575102211485086e-06
3658,4.560853724063112e-06
4235,4.557080694517746e-06
256,4.552403578142016e-06
975,4.5394883842937685e-06
3585,4.463379799015391e-06
5451,4.45873040600018e-06
2328,4.457621784899216e-06
3424,4.4507771288450524e-06
129,4.442958907465387e-06
2447,4.434431428201699e-06
2665,4.4283682610741795e-06
4381,4.382991358218979e-06
3246,4.376046566591624e-06
1842,4.369140177624257e-06
6685,4.359723777908877e-06
253,4.347199310352445e-06
7269,4.330169695866711e-06
25,4.319296870530446e-06
4765,4.306465475536182e-06
3844,4.3045178837408445e-06
3310,4.270842681093913e-06
3383,4.2686934118894085e-06
3755,4.260172872967369e-06
2797,4.260010258814994e-06
5412,4.259539726513603e-06
2167,4.240090769206252e-06
4197,4.225586312577914e-06
5007,4.213700170619616e-06
2189,4.200118050112505e-06
4783,4.190438168950576e-06
833,4.183611275181908e-06
1368,4.178903833139174e-06
2153,4.171833242063551e-06
5243,4.164787054907799e-06
4565,4.160475284685521e-06
3465,4.157818828178748e-06
4919,4.15614928984638e-06
1569,4.153750380499434e-06
5939,4.124761834280009e-06
2090,4.1213079720247354e-06
3931,4.116353309687166e-06
6167,4.111291990408356e-06
5887,4.095342701498487e-06
5968,4.0830023239667845e-06
2214,4.0791773531049814e-06
3327,4.038574519367535e-06
982,4.034494709700255e-06
5757,4.028410458896748e-06
3509,4.010010027466697e-06
7160,4.0010779866739215e-06
4029,4.0000943483252194e-06
5614,3.99267245960634e-06
5548,3.988322935967192e-06
2502,3.969791157353481e-06
3125,3.935333615040905e-06
2995,3.931279450411184e-06
3749,3.929274734234589e-06
4315,3.9161198851070875e-06
5448,3.905721411070672e-06
5859,3.899488167703917e-06
7315,3.897144049691328e-06
4369,3.89499882822014e-06
1909,3.868123833600624e-06
4999,3.863612615214022e-06
4512,3.850656823631741e-06
431,3.827751361202734e-06
5101,3.819047841573135e-06
6087,3.816747585822598e-06
5036,3.8129064942722063e-06
3338,3.792025335546577e-06
4592,3.7904208118569114e-06
3038,3.7798584626121116e-06
1626,3.775190877757563e-06
7038,3.7605053165346917e-06
2118,3.7599709114994573e-06
6273,3.7547873138404905e-06
6818,3.7453028067659187e-06
2893,3.731585575877103e-06
2624,3.72786427787198e-06
2019,3.720928634163623e-06
2881,3.7179888331664135e-06
5296,3.7003060506265677e-06
3926,3.6814167641818176e-06
524,3.6811715909226633e-06
5571,3.6776875758643076e-06
3792,3.6699334279849257e-06
121,3.6581857421776323e-06
5179,3.6491727777280637e-06
1492,3.6486260194626004e-06
4300,3.640237698957714e-06
5990,3.6236094493665452e-06
5075,3.6048246267890095e-06
7209,3.5942590793299676e-06
250,3.5884425162295212e-06
3587,3.585519655091955e-06
2382,3.5829947440513592e-06
2162,3.578057083412746e-06
1237,3.560988159449882e-06
2280,3.5606969178017876e-06
7182,3.5566598747690404e-06
978,3.547231552091958e-06
2961,3.5433278198787453e-06
2540,3.5384622923457462e-06
7030,3.5376388157402688e-06
3146,3.5364015456562055e-06
2913,3.5341496605756223e-06
748,3.530148831376413e-06
4158,3.5248070809730308e-06
6450,3.5135741772749502e-06
4485,3.5006494154538413e-06
5896,3.4994820330695753e-06
957,3.481285816039821e-06
1493,3.4788481206773203e-06
4395,3.4760354522964417e-06
6856,3.449267306110403e-06
363,3.447602278681069e-06
2778,3.445228378622113e-06
6159,3.4380234986209106e-06
2542,3.4359866416464487e-06
6593,3.4116819910080526e-06
1335,3.4086474284107203e-06
1857,3.403907979327374e-06
2109,3.4017271639638497e-06
1809,3.3993941919092604e-06
3603,3.3815051593547276e-06
1219,3.378260367026263e-06
2322,3.373382553142136e-06
3918,3.3677927774463835e-06
4583,3.36576890567304e-06
4345,3.341138880479376e-06
2375,3.337052744879502e-06
6157,3.3361754981639913e-06
3909,3.331730813276885e-06
2532,3.321325496814407e-06
3639,3.3039696350822953e-06
4648,3.303125647500689e-06
2583,3.3025607674405253e-06
7291,3.3011479944655453e-06
3042,3.2994932553634103e-06
3814,3.2961612688878244e-06
4804,3.2913480438394135e-06
1974,3.2870522151131575e-06
7044,3.2814190006720947e-06
872,3.2792061772243262e-06
1256,3.2683275088454837e-06
7329,3.2580072928245287e-06
4627,3.2576416714875903e-06
2581,3.2520747041429507e-06
5184,3.247289916759351e-06
3296,3.2460400874922445e-06
2131,3.241071779249382e-06
6499,3.2364108144216976e-06
3562,3.2363218255473833e-06
4983,3.2284383085549352e-06
4561,3.2134763564796646e-06
4028,3.2124309876735227e-06
5044,3.2070243546027965e-06
3842,3.2042890071080056e-06
252,3.199682453382767e-06
3824,3.1976685130246448e-06
5325,3.192468241600391e-06
1904,3.1886287286478035e-06
5273,3.167963534734358e-06
7015,3.166452163365205e-06
5844,3.161850333726186e-06
4926,3.155860368936479e-06
5232,3.149874147055339e-06
6108,3.1315102512696208e-06
1341,3.1300357202463897e-06
6559,3.125832784847846e-06
5574,3.122059052107316e-06
5305,3.1211357189474566e-06
1743,3.1204501310608878e-06
3331,3.1160474623123518e-06
1285,3.105477450717135e-06
3417,3.0770489218938182e-06
2941,3.075979961164764e-06
900,3.070448603527722e-06
4632,3.0210264339534e-06
6658,3.0132205097808957e-06
6309,3.0100545170941632e-06
3942,3.005621195509702e-06
1968,2.9978748311676553e-06
3863,2.996769286766288e-06
3337,2.989044719740152e-06
1529,2.9867612789722383e-06
1118,2.9848997159078642e-06
3578,2.973398320727277e-06
4473,2.9689182407478934e-06
1513,2.9583061815099524e-06
2433,2.951801445377795e-06
2795,2.9418126484040555e-06
5528,2.923985248902652e-06
4950,2.9173131907110086e-06
3080,2.9036770406774938e-06
5040,2.895732568497467e-06
4717,2.8926161517970024e-06
4181,2.891962295144136e-06
3024,2.874217661024981e-06
2196,2.861061038692827e-06
2586,2.8439311837645274e-06
3518,2.8378255454034985e-06
7181,2.8329732942872104e-06
5389,2.831800768454562e-06
342,2.825596847192308e-06
2887,2.8157806952302788e-06
5090,2.8090761241361484e-06
3112,2.8037067866050418e-06
1497,2.770055753614833e-06
5616,2.76349622323647e-06
2767,2.759639768099088e-06
1878,2.759162389595041e-06
6179,2.759002439174538e-06
2963,2.752807224404134e-06
7185,2.7510995383305216e-06
2601,2.7430445939313607e-06
4575,2.716828713479421e-06
1704,2.7102569237191664e-06
6594,2.706534486473223e-06
2522,2.703254618372458e-06
2409,2.698490235138349e-06
1308,2.687208560433935e-06
1538,2.6822985264399926e-06
4032,2.675517143754569e-06
1955,2.6658805136629817e-06
4674,2.6583378422175853e-06
3458,2.655886765447654e-06
4601,2.6538964055237854e-06
6903,2.6469256527456883e-06
3904,2.6453829897712634e-06
3453,2.6435946250588924e-06
3624,2.6388924120041986e-06
4188,2.635809009674312e-06
2691,2.6329117848230033e-06
5409,2.628767589241221e-06
4324,2.625751515402157e-06
2059,2.6255325133430668e-06
4075,2.622410093382862e-06
2470,2.6176693806216547e-06
3385,2.603345436566453e-06
7077,2.602798453147583e-06
4744,2.596074688571082e-06
7102,2.594079941737634e-06
4543,2.589675349096319e-06
620,2.58895660777316e-06
3139,2.5868476042716734e-06
4296,2.58470123123985e-06
6523,2.5839379238230445e-06
7332,2.5725707674918073e-06
551,2.561304176124169e-06
2318,2.558825995838965e-06
6600,2.546680707926621e-06
5523,2.5232554490397505e-06
3618,2.5161812651430955e-06
2052,2.503223277687948e-06
1084,2.5004316281263335e-06
2368,2.497474494369636e-06
4763,2.4926508875897925e-06
3163,2.4828000903754964e-06
6877,2.4691115224533696e-06
1278,2.4550556780477434e-06
2017,2.4537820165774707e-06
6933,2.452215118844629e-06
3095,2.4418107070296686e-06
5610,2.4357176545271223e-06
5477,2.4350175590858902e-06
100,2.4294981439943713e-06
991,2.4281610510157863e-06
2405,2.411692716844678e-06
7126,2.41106999609099e-06
4439,2.406382184184559e-06
4230,2.4046947232325098e-06
2890,2.4015053220400315e-06
2750,2.397614158474958e-06
1264,2.391731471806089e-06
6757,2.387668863226936e-06
2585,2.380248293446478e-06
3922,2.3689175255986005e-06
1875,2.368625872654676e-06
2754,2.3610871909678906e-06
5467,2.3538470742466023e-06
2101,2.3466107568806353e-06
2705,2.3448467609719273e-06
4151,2.3439158369445954e-06
2474,2.3410837599897647e-06
7069,2.3240339489648984e-06
3074,2.320211400691363e-06
4537,2.3170578541658054e-06
1748,2.3149836898579168e-06
5984,2.303353295956579e-06
3995,2.2905529053366273e-06
1839,2.2856293894508307e-06
3655,2.278280394074108e-06
4245,2.268400931882936e-06
4571,2.260199775662187e-06
6348,2.2585021986248932e-06
176,2.24142577526507e-06
5669,2.2406616806539013e-06
3406,2.2397218183984397e-06
2058,2.2337210814326814e-06
5386,2.233085418702026e-06
6304,2.2276669112467473e-06
4013,2.2011879575014562e-06
1180,2.197020667403648e-06
2877,2.194672146035172e-06
6541,2.1841872798351473e-06
6995,2.1818380046600714e-06
466,2.1623429783486602e-06
3358,2.1560746571523557e-06
2529,2.155265369398516e-06
4973,2.143537290192692e-06
5333,2.13594735376838e-06
2838,2.1346280445621495e-06
5708,2.127955697299601e-06
2379,2.124134391380051e-06
5324,2.1167841601838387e-06
5299,2.115093463358408e-06
2089,2.114121432805555e-06
4643,2.113564149392843e-06
6099,2.109717268566594e-06
4455,2.1045759003447292e-06
6919,2.091459010470789e-06
2033,2.0901984831891615e-06
6809,2.0779279159965573e-06
7151,2.0719017934364884e-06
889,2.0692550127728347e-06
3475,2.0649565474549344e-06
2348,2.06165225175632e-06
1616,2.051770664134423e-06
2315,2.046421594701401e-06
4612,2.0438779709211445e-06
2340,2.0387771076169372e-06
3191,2.037947479723436e-06
4410,2.0354704118905236e-06
3147,2.02135091856809e-06
6512,1.9961133895173444e-06
4189,1.9867831795390414e-06
3081,1.9684321032407045e-06
2364,1.9658196335949765e-06
3543,1.963493177545846e-06
5557,1.9580329251806633e-06
3221,1.9549338960808076e-06
4161,1.941847273587847e-06
1269,1.937714322188947e-06
2424,1.932877721252299e-06
2855,1.928377520990059e-06
409,1.9283097765714547e-06
4505,1.9148260650119676e-06
1966,1.905123553406782e-06
3958,1.902817868629319e-06
3660,1.9015789852258228e-06
6141,1.897037895745719e-06
4791,1.8794481672176156e-06
3634,1.8784952476295684e-06
5010,1.8783608970111974e-06
3330,1.8751466129091939e-06
565,1.8724637919853214e-06
2713,1.870246566119339e-06
4550,1.8646520836771057e-06
3652,1.8631500525695048e-06
2950,1.8617831944368896e-06
3434,1.8546798805335336e-06
5709,1.8466407016971225e-06
4803,1.8461437592762522e-06
4951,1.8381068363701708e-06
1551,1.8367413646887117e-06
3493,1.8345538452755133e-06
6310,1.8303001829455027e-06
5702,1.8246913350309261e-06
1378,1.817992143130587e-06
4339,1.8162371804501924e-06
3933,1.7983164333030788e-06
3049,1.7910254014684645e-06
3573,1.7901449900117566e-06
3612,1.786794958895311e-06
2378,1.7573702760109865e-06
2301,1.7551075680670002e-06
3069,1.75101273548177e-06
3295,1.743224496958823e-06
2666,1.7427016368824017e-06
4418,1.7382541881956875e-06
3073,1.7376479193873723e-06
5237,1.7370949444201365e-06
3693,1.7326177288687664e-06
6494,1.7222559256103329e-06
3616,1.71367032529195e-06
6118,1.706379865533767e-06
447,1.6990374824959255e-06
5161,1.6977652024631318e-06
3060,1.6913325169241792e-06
5920,1.6575514931703795e-06
7161,1.6481436410508056e-06
4979,1.6046585176132015e-06
1103,1.5995499797080916e-06
2579,1.5978906368862835e-06
2792,1.5835087557846058e-06
1501,1.5825243477765977e-06
5943,1.5806820162415208e-06
4615,1.5804327941665236e-06
3083,1.5772803062390205e-06
785,1.5754633883589918e-06
2381,1.5743427000306963e-06
3470,1.5683723389424922e-06
2443,1.5594443178046887e-06
1717,1.553760532865501e-06
7264,1.5479795181322465e-06
4210,1.5434712461945664e-06
2703,1.5403651417296399e-06
3220,1.5291018991963936e-06
7048,1.5242074935279462e-06
6634,1.5144952284922448e-06
4534,1.513630036510676e-06
6076,1.5122034520572668e-06
4351,1.5068745973333214e-06
4113,1.5057671632701318e-06
3703,1.5013433714778753e-06
1109,1.4866055295142772e-06
977,1.4841994747287466e-06
5173,1.48082705392376e-06
224,1.4424819928914125e-06
3320,1.4400679430919677e-06
2462,1.4383460397631192e-06
3329,1.4360865509301957e-06
5366,1.4360028251706298e-06
3560,1.4317474225955523e-06
1572,1.431323078470832e-06
3402,1.4306426400373855e-06
992,1.419259879769801e-06
2988,1.4175997729133599e-06
5139,1.4026325285684203e-06
3003,1.3922228624458827e-06
69,1.3529364098867582e-06
1891,1.3450586868653165e-06
6928,1.333199846585737e-06
2095,1.327988812589912e-06
4223,1.3248830279865587e-06
5385,1.3192885910854339e-06
1403,1.3181324990908155e-06
3784,1.3162338854158222e-06
4194,1.315788815671514e-06
5252,1.3154878752735358e-06
389,1.3130514009652195e-06
3777,1.311738876812012e-06
3689,1.2960211785743859e-06
479,1.293277766479993e-06
4785,1.2876306962850917e-06
2556,1.2736539575399104e-06
6474,1.2688726775084177e-06
4594,1.2444595539429988e-06
2595,1.24174018529938e-06
3478,1.240824504665273e-06
2452,1.2399330658763053e-06
2794,1.2330461591216447e-06
5126,1.2292736242313216e-06
4413,1.2256418610440502e-06
4383,1.2205639598929835e-06
2924,1.2201060291187002e-06
1373,1.2163918798963129e-06
2796,1.20920419528439e-06
410,1.2086261319521897e-06
5974,1.2073595952563934e-06
873,1.2073346944117433e-06
4943,1.2038124098455441e-06
5134,1.2017072432232334e-06
652,1.1891084136542928e-06
5987,1.171437572280752e-06
4773,1.170860744634528e-06
3317,1.170806033504687e-06
622,1.1646551344623008e-06
4847,1.1643463446537244e-06
3940,1.1604468444141346e-06
2783,1.151574076327194e-06
3127,1.151521684760229e-06
3950,1.1396959572292697e-06
1066,1.1354639843961679e-06
5313,1.1350993143722136e-06
5185,1.130504616991339e-06
4946,1.124364560719141e-06
5848,1.1142940843786457e-06
5419,1.1031169416235204e-06
4969,1.0914517423234075e-06
7041,1.086779873607561e-06
1912,1.0861942739177316e-06
3155,1.0811360061971542e-06
6268,1.0757826120540866e-06
4298,1.050779866496737e-06
2231,1.0489544063434937e-06
5411,1.0483245837644408e-06
6030,1.0438013329865963e-06
3483,1.0422732136411678e-06
6991,1.0408772329192824e-06
4212,1.03294146301535e-06
5737,1.0285483019269433e-06
814,1.0246353492414731e-06
3150,1.0205234129029558e-06
4129,1.017703313914219e-06
6479,1.0160317919351378e-06
6391,1.0090482737086552e-06
1895,1.000692246929214e-06
7004,9.990514347587174e-07
3632,9.88400246372307e-07
4510,9.874089786037486e-07
2397,9.843633096825034e-07
4130,9.814773908527055e-07
6050,9.72815004469555e-07
3884,9.632093449769421e-07
2878,9.626688139091384e-07
4853,9.59407222288381e-07
2567,9.529590275628921e-07
6500,9.270535246600564e-07
440,9.270494244788145e-07
7168,9.198680584944663e-07
482,9.183628054358276e-07
6747,9.043856452454226e-07
585,8.900296687554056e-07
1389,8.805688420819406e-07
3506,8.778463219731679e-07
4487,8.75068598919524e-07
1876,8.700484896283529e-07
4748,8.684613184262624e-07
1243,8.62316248829582e-07
3474,8.497247456687516e-07
4796,8.442703942451439e-07
5900,8.366094377516658e-07
6952,8.36146926386152e-07
5143,8.206452517477604e-07
6938,8.181318628618674e-07
851,8.140846030709843e-07
5774,8.107643429188253e-07
1145,7.993242628030537e-07
2923,7.965768247764986e-07
3313,7.931442795512157e-07
3121,7.887953080607992e-07
5842,7.851950611805644e-07
2536,7.848221675485619e-07
3455,7.772094388560292e-07
6761,7.358299498774823e-07
2905,7.251112632357502e-07
2606,7.239587696254346e-07
7163,7.19360649655672e-07
669,7.173804969507736e-07
7234,7.046608915716632e-07
5349,7.027017688113797e-07
4302,6.999930281393318e-07
3202,6.906822852542319e-07
2880,6.891093769293523e-07
1982,6.882890520736526e-07
6221,6.873144239726853e-07
2172,6.870672556037563e-07
3361,6.86960493876791e-07
4316,6.865316790496721e-07
3641,6.841983230535884e-07
4912,6.825895770762503e-07
4484,6.774020019631758e-07
6000,6.772804982557237e-07
160,6.675576829259057e-07
3363,6.672857542041748e-07
4830,6.61052081076074e-07
1708,6.604142787877939e-07
709,6.53872024546604e-07
3796,6.516416540310718e-07
5624,6.491887398948653e-07
6246,6.390441046165073e-07
817,6.377363158557956e-07
808,6.289753199942124e-07
5719,6.149748589077293e-07
4619,6.12681628059315e-07
4199,5.851127756886052e-07
2192,5.846438135802327e-07
1068,5.838360194174414e-07
6121,5.69511326020285e-07
1488,5.56314269547508e-07
4306,5.545460868549513e-07
6722,5.508653348247616e-07
1200,5.436996367285857e-07
4327,5.339287004453074e-07
4335,5.329690747211347e-07
5631,5.316418917573533e-07
6821,5.248248352857749e-07
3830,5.174587028001476e-07
2872,5.163238808972631e-07
6070,5.158108804418367e-07
2304,5.138529700035989e-07
3411,5.09976646067101e-07
2146,4.946134489583596e-07
2171,4.888144536225479e-07
5525,4.87337161933689e-07
905,4.865854113875233e-07
5800,4.79736192241593e-07
6388,4.785514707334115e-07
5116,4.777651572468527e-07
3267,4.759665055951194e-07
3476,4.755732708151094e-07
6195,4.750856247198675e-07
2645,4.6312633074936165e-07
6302,4.6167219008793714e-07
1910,4.615013325172385e-07
467,4.548035244845183e-07
2912,4.5259473219765087e-07
5118,4.397053563148819e-07
1595,4.3824242967667356e-07
3881,4.3061315608122583e-07
3263,4.246911986461127e-07
4042,4.1613740668564933e-07
1866,4.152588631850092e-07
4655,4.0982078235062275e-07
4966,4.0824006924208746e-07
5256,4.0237903718331676e-07
6423,3.9841279323427184e-07
5666,3.962187775688664e-07
6861,3.9368975417425324e-07
329,3.833646872420921e-07
5339,3.828653026034642e-07
3082,3.813740802421546e-07
3892,3.803000476331205e-07
3128,3.710132453904501e-07
5063,3.705440652859951e-07
5648,3.677993977285711e-07
4659,3.5882204733246207e-07
4892,3.5670970542608416e-07
4745,3.449086406348807e-07
2833,3.4256464984099497e-07
6028,3.405388039367472e-07
3355,3.38962982951979e-07
3517,3.3439897482913425e-07
2158,3.339763475209065e-07
4957,3.3308588233757843e-07
5917,3.3012999035734194e-07
5360,3.2776176676992703e-07
4261,3.2290031142561863e-07
2324,3.1883092545294385e-07
6340,3.1159144457198276e-07
6943,3.0742465829094114e-07
5378,3.068877472316522e-07
1985,3.042164194962863e-07
4499,3.025099461808869e-07
5578,2.9971402294072036e-07
4712,2.90212562182029e-07
4507,2.788258984967508e-07
186,2.784491677567756e-07
6612,2.7627011437577586e-07
3118,2.760973459608879e-07
1001,2.7504053689999955e-07
4368,2.7246076271171076e-07
774,2.67443246208145e-07
3335,2.668521319885602e-07
3593,2.5454648341904283e-07
4795,2.529942869599279e-07
1199,2.506219826538609e-07
1258,2.41844260364149e-07
2682,2.3200486548623104e-07
5128,2.3174523616271166e-07
6823,2.2948337405814595e-07
4732,2.181292900639272e-07
1970,2.1748081408250228e-07
3309,2.1188271809739124e-07
6629,2.1061771475980556e-07
5595,2.063499722120879e-07
4498,2.0314476847132864e-07
6542,2.0252908629829998e-07
1764,1.9540426446647838e-07
5521,1.8249595953925276e-07
2731,1.8197033803655674e-07
4011,1.7483481824598352e-07
2442,1.6827580431208335e-07
5400,1.6800245029827414e-07
4386,1.6516869402310011e-07
5958,1.622738326124515e-07
3627,1.5543449745854077e-07
6998,1.5153364598646192e-07
3196,1.5031349308469122e-07
5997,1.4555770577013652e-07
3138,1.4505556575002256e-07
797,1.428693775499019e-07
6909,1.4259287756815756e-07
3046,1.375721412841915e-07
6760,1.3514560441739484e-07
5117,1.3304850912191672e-07
2533,1.2839246505532917e-07
5037,1.255013995102128e-07
3766,1.189585035570037e-07
3512,1.1824117282657037e-07
1321,1.1387563139263077e-07
6890,1.1104171077218859e-07
3834,1.0969486756819693e-07
4237,1.0930685505164563e-07
4661,1.0689489291917497e-07
1110,1.029026024543592e-07
5665,9.856276172832966e-08
3799,9.585873100209846e-08
2765,9.37016463111354e-08
6484,8.475957011749014e-08
7117,8.25895192683819e-08
4985,8.217743381037221e-08
2629,7.800307405523517e-08
5693,7.736235593181257e-08
2154,7.610352654836446e-08
4342,7.509701693220212e-08
1115,7.212117156352942e-08
6122,6.698153122804209e-08
5045,6.103630881469459e-08
5269,5.9539123902315344e-08
4968,5.899366343824667e-08
783,5.8417069782317154e-08
5315,5.679818237580014e-08
6606,5.613905323943217e-08
6505,5.608079178670378e-08
7283,5.5291286857509236e-08
3757,5.4180467070983074e-08
3817,5.3060560359949384e-08
6231,5.1218880903468726e-08
4229,5.100025919615757e-08
2999,4.794560584470959e-08
5948,4.56090074736202e-08
5854,4.4946062404420365e-08
5089,4.411264891968128e-08
4310,4.283133017453337e-08
2636,4.006510879074021e-08
1291,3.938678836193184e-08
2400,3.8358147799578e-08
5855,3.3790173166897584e-08
4060,3.217998466180454e-08
4759,3.049145059326436e-08
2075,2.6128942474820167e-08
2757,2.5561483786113707e-08
6937,2.3478046601240803e-08
1984,2.0675811326971174e-08
4101,2.0125803843915007e-08
7314,1.9055090616235004e-08
6745,1.2732525253029354e-08
1850,1.2448505444283394e-08
5177,1.1062745013589854e-08
2500,1.0419337457334984e-08
904,9.957724603300401e-09
1022,9.530373272563304e-09
6385,9.039546656319842e-09
4524,7.524873135212075e-09
6617,7.398208268805148e-09
4681,7.394066934645779e-09
1962,7.074116814495444e-09
4553,6.565042121647925e-09
4087,6.562851245799971e-09
5059,6.254210065988498e-09
4808,5.880596792403039e-09
4244,5.662931802137834e-09
1436,5.182766181166853e-09
1160,4.010921075028503e-09
3419,3.7906496393871386e-09
7114,2.4219723437237237e-09
3461,2.012250582914306e-09
2962,1.7061394481329277e-09
3306,1.428707363884714e-09
4699,1.3999052985314353e-09
6410,1.2031999160920849e-09
6337,9.303921048470425e-10
5621,8.846622872294997e-10
870,6.768229416315253e-10
911,6.096915807767262e-10
2623,5.596070650263595e-10
1288,3.582462223188092e-10
6902,0.0
2496,0.0
6962,0.0
2212,0.0
5679,0.0
739,0.0
4832,0.0
4932,0.0
5603,0.0
4228,0.0
5422,0.0
953,0.0
7304,0.0
3674,0.0
6426,0.0
4250,0.0
2946,0.0
